customer_id,amount,cause,attempts,days_since_failure,past_rate,action_type,recovered
CUST_00001,989.67,insufficient_funds,0,6,1.0,retry,1
CUST_00001,989.67,insufficient_funds,0,6,1.0,payment_link,0
CUST_00001,989.67,insufficient_funds,0,6,1.0,alt_method,1
CUST_00002,595.49,network_error,0,9,0.8,retry,1
CUST_00002,595.49,network_error,0,9,0.8,payment_link,0
CUST_00002,595.49,network_error,0,9,0.8,alt_method,1
CUST_00003,1116.72,insufficient_funds,0,14,0.143,retry,0
CUST_00003,1116.72,insufficient_funds,0,14,0.143,payment_link,0
CUST_00003,1116.72,insufficient_funds,0,14,0.143,alt_method,1
CUST_00004,2249.41,network_error,1,4,0.5,retry,0
CUST_00004,2249.41,network_error,1,4,0.5,payment_link,0
CUST_00004,2249.41,network_error,1,4,0.5,alt_method,0
CUST_00005,551.52,bank_declined,3,10,0.333,retry,0
CUST_00005,551.52,bank_declined,3,10,0.333,payment_link,0
CUST_00005,551.52,bank_declined,3,10,0.333,alt_method,0
CUST_00006,551.53,card_declined,0,5,0.333,retry,0
CUST_00006,551.53,card_declined,0,5,0.333,payment_link,0
CUST_00006,551.53,card_declined,0,5,0.333,alt_method,0
CUST_00007,2352.82,network_error,3,4,0.6,retry,0
CUST_00007,2352.82,network_error,3,4,0.6,payment_link,0
CUST_00007,2352.82,network_error,3,4,0.6,alt_method,0
CUST_00008,1228.99,card_declined,2,6,0.5,retry,0
CUST_00008,1228.99,card_declined,2,6,0.5,payment_link,0
CUST_00008,1228.99,card_declined,2,6,0.5,alt_method,0
CUST_00009,456.88,insufficient_funds,2,11,0.833,retry,0
CUST_00009,456.88,insufficient_funds,2,11,0.833,payment_link,0
CUST_00009,456.88,insufficient_funds,2,11,0.833,alt_method,1
CUST_00010,1026.64,network_error,0,1,0.667,retry,1
CUST_00010,1026.64,network_error,0,1,0.667,payment_link,0
CUST_00010,1026.64,network_error,0,1,0.667,alt_method,1
CUST_00011,459.1,network_error,3,4,0.5,retry,0
CUST_00011,459.1,network_error,3,4,0.5,payment_link,0
CUST_00011,459.1,network_error,3,4,0.5,alt_method,1
CUST_00012,458.25,insufficient_funds,0,14,0.0,retry,0
CUST_00012,458.25,insufficient_funds,0,14,0.0,payment_link,0
CUST_00012,458.25,insufficient_funds,0,14,0.0,alt_method,1
CUST_00013,807.2,bank_declined,2,9,0.5,retry,0
CUST_00013,807.2,bank_declined,2,9,0.5,payment_link,0
CUST_00013,807.2,bank_declined,2,9,0.5,alt_method,0
CUST_00014,143.94,bank_declined,0,14,0.833,retry,0
CUST_00014,143.94,bank_declined,0,14,0.833,payment_link,1
CUST_00014,143.94,bank_declined,0,14,0.833,alt_method,1
CUST_00015,167.35,network_error,3,2,0.75,retry,1
CUST_00015,167.35,network_error,3,2,0.75,payment_link,1
CUST_00015,167.35,network_error,3,2,0.75,alt_method,0
CUST_00016,424.19,network_error,2,8,0.5,retry,0
CUST_00016,424.19,network_error,2,8,0.5,payment_link,0
CUST_00016,424.19,network_error,2,8,0.5,alt_method,0
CUST_00017,295.82,insufficient_funds,1,12,1.0,retry,0
CUST_00017,295.82,insufficient_funds,1,12,1.0,payment_link,0
CUST_00017,295.82,insufficient_funds,1,12,1.0,alt_method,0
CUST_00018,855.25,network_error,2,5,0.833,retry,1
CUST_00018,855.25,network_error,2,5,0.833,payment_link,1
CUST_00018,855.25,network_error,2,5,0.833,alt_method,0
CUST_00019,321.69,network_error,1,12,0.667,retry,0
CUST_00019,321.69,network_error,1,12,0.667,payment_link,0
CUST_00019,321.69,network_error,1,12,0.667,alt_method,1
CUST_00020,214.9,network_error,0,9,0.75,retry,1
CUST_00020,214.9,network_error,0,9,0.75,payment_link,1
CUST_00020,214.9,network_error,0,9,0.75,alt_method,1
CUST_00021,2148.49,bank_declined,0,2,0.0,retry,0
CUST_00021,2148.49,bank_declined,0,2,0.0,payment_link,0
CUST_00021,2148.49,bank_declined,0,2,0.0,alt_method,0
CUST_00022,555.23,card_declined,3,6,0.0,retry,0
CUST_00022,555.23,card_declined,3,6,0.0,payment_link,0
CUST_00022,555.23,card_declined,3,6,0.0,alt_method,0
CUST_00023,702.06,insufficient_funds,1,3,0.714,retry,0
CUST_00023,702.06,insufficient_funds,1,3,0.714,payment_link,0
CUST_00023,702.06,insufficient_funds,1,3,0.714,alt_method,0
CUST_00024,212.77,card_declined,0,13,0.714,retry,0
CUST_00024,212.77,card_declined,0,13,0.714,payment_link,1
CUST_00024,212.77,card_declined,0,13,0.714,alt_method,0
CUST_00025,430.3,insufficient_funds,1,2,0.333,retry,1
CUST_00025,430.3,insufficient_funds,1,2,0.333,payment_link,1
CUST_00025,430.3,insufficient_funds,1,2,0.333,alt_method,0
CUST_00026,726.86,insufficient_funds,0,7,0.75,retry,0
CUST_00026,726.86,insufficient_funds,0,7,0.75,payment_link,0
CUST_00026,726.86,insufficient_funds,0,7,0.75,alt_method,1
CUST_00027,264.86,network_error,2,12,0.5,retry,0
CUST_00027,264.86,network_error,2,12,0.5,payment_link,0
CUST_00027,264.86,network_error,2,12,0.5,alt_method,0
CUST_00028,898.35,bank_declined,0,3,0.429,retry,0
CUST_00028,898.35,bank_declined,0,3,0.429,payment_link,0
CUST_00028,898.35,bank_declined,0,3,0.429,alt_method,0
CUST_00029,411.37,card_declined,3,10,0.0,retry,0
CUST_00029,411.37,card_declined,3,10,0.0,payment_link,0
CUST_00029,411.37,card_declined,3,10,0.0,alt_method,0
CUST_00030,526.71,bank_declined,2,0,0.8,retry,0
CUST_00030,526.71,bank_declined,2,0,0.8,payment_link,0
CUST_00030,526.71,bank_declined,2,0,0.8,alt_method,0
CUST_00031,411.02,insufficient_funds,3,5,0.5,retry,0
CUST_00031,411.02,insufficient_funds,3,5,0.5,payment_link,0
CUST_00031,411.02,insufficient_funds,3,5,0.5,alt_method,0
CUST_00032,2927.26,bank_declined,2,9,1.0,retry,0
CUST_00032,2927.26,bank_declined,2,9,1.0,payment_link,0
CUST_00032,2927.26,bank_declined,2,9,1.0,alt_method,0
CUST_00033,658.0,network_error,1,10,0.5,retry,0
CUST_00033,658.0,network_error,1,10,0.5,payment_link,0
CUST_00033,658.0,network_error,1,10,0.5,alt_method,0
CUST_00034,285.38,card_declined,3,10,1.0,retry,0
CUST_00034,285.38,card_declined,3,10,1.0,payment_link,0
CUST_00034,285.38,card_declined,3,10,1.0,alt_method,0
CUST_00035,1284.39,insufficient_funds,0,0,0.714,retry,1
CUST_00035,1284.39,insufficient_funds,0,0,0.714,payment_link,0
CUST_00035,1284.39,insufficient_funds,0,0,0.714,alt_method,1
CUST_00036,250.47,insufficient_funds,1,4,0.286,retry,0
CUST_00036,250.47,insufficient_funds,1,4,0.286,payment_link,0
CUST_00036,250.47,insufficient_funds,1,4,0.286,alt_method,0
CUST_00037,786.11,insufficient_funds,0,6,0.8,retry,1
CUST_00037,786.11,insufficient_funds,0,6,0.8,payment_link,0
CUST_00037,786.11,insufficient_funds,0,6,0.8,alt_method,1
CUST_00038,138.69,bank_declined,2,14,0.0,retry,0
CUST_00038,138.69,bank_declined,2,14,0.0,payment_link,0
CUST_00038,138.69,bank_declined,2,14,0.0,alt_method,0
CUST_00039,229.86,network_error,2,5,0.0,retry,0
CUST_00039,229.86,network_error,2,5,0.0,payment_link,0
CUST_00039,229.86,network_error,2,5,0.0,alt_method,1
CUST_00040,778.59,bank_declined,0,13,1.0,retry,0
CUST_00040,778.59,bank_declined,0,13,1.0,payment_link,1
CUST_00040,778.59,bank_declined,0,13,1.0,alt_method,1
CUST_00041,1200.84,network_error,0,1,0.5,retry,1
CUST_00041,1200.84,network_error,0,1,0.5,payment_link,1
CUST_00041,1200.84,network_error,0,1,0.5,alt_method,1
CUST_00042,762.88,bank_declined,1,10,0.5,retry,0
CUST_00042,762.88,bank_declined,1,10,0.5,payment_link,0
CUST_00042,762.88,bank_declined,1,10,0.5,alt_method,0
CUST_00043,606.36,bank_declined,0,3,1.0,retry,1
CUST_00043,606.36,bank_declined,0,3,1.0,payment_link,0
CUST_00043,606.36,bank_declined,0,3,1.0,alt_method,0
CUST_00044,522.76,bank_declined,3,10,0.667,retry,0
CUST_00044,522.76,bank_declined,3,10,0.667,payment_link,0
CUST_00044,522.76,bank_declined,3,10,0.667,alt_method,0
CUST_00045,203.81,insufficient_funds,3,14,1.0,retry,1
CUST_00045,203.81,insufficient_funds,3,14,1.0,payment_link,0
CUST_00045,203.81,insufficient_funds,3,14,1.0,alt_method,0
CUST_00046,373.95,insufficient_funds,0,1,0.857,retry,0
CUST_00046,373.95,insufficient_funds,0,1,0.857,payment_link,0
CUST_00046,373.95,insufficient_funds,0,1,0.857,alt_method,0
CUST_00047,460.12,network_error,3,10,0.833,retry,1
CUST_00047,460.12,network_error,3,10,0.833,payment_link,0
CUST_00047,460.12,network_error,3,10,0.833,alt_method,0
CUST_00048,1549.52,bank_declined,0,0,1.0,retry,0
CUST_00048,1549.52,bank_declined,0,0,1.0,payment_link,0
CUST_00048,1549.52,bank_declined,0,0,1.0,alt_method,1
CUST_00049,875.59,network_error,1,14,0.286,retry,1
CUST_00049,875.59,network_error,1,14,0.286,payment_link,0
CUST_00049,875.59,network_error,1,14,0.286,alt_method,0
CUST_00050,162.32,insufficient_funds,3,2,0.667,retry,0
CUST_00050,162.32,insufficient_funds,3,2,0.667,payment_link,1
CUST_00050,162.32,insufficient_funds,3,2,0.667,alt_method,0
CUST_00051,862.01,network_error,3,2,0.286,retry,0
CUST_00051,862.01,network_error,3,2,0.286,payment_link,0
CUST_00051,862.01,network_error,3,2,0.286,alt_method,0
CUST_00052,488.79,network_error,0,14,0.6,retry,1
CUST_00052,488.79,network_error,0,14,0.6,payment_link,1
CUST_00052,488.79,network_error,0,14,0.6,alt_method,0
CUST_00053,387.01,bank_declined,3,11,0.5,retry,0
CUST_00053,387.01,bank_declined,3,11,0.5,payment_link,0
CUST_00053,387.01,bank_declined,3,11,0.5,alt_method,0
CUST_00054,1085.01,network_error,2,6,0.25,retry,0
CUST_00054,1085.01,network_error,2,6,0.25,payment_link,0
CUST_00054,1085.01,network_error,2,6,0.25,alt_method,0
CUST_00055,1517.47,bank_declined,1,0,0.5,retry,0
CUST_00055,1517.47,bank_declined,1,0,0.5,payment_link,0
CUST_00055,1517.47,bank_declined,1,0,0.5,alt_method,0
CUST_00056,1401.12,insufficient_funds,1,8,0.333,retry,1
CUST_00056,1401.12,insufficient_funds,1,8,0.333,payment_link,0
CUST_00056,1401.12,insufficient_funds,1,8,0.333,alt_method,0
CUST_00057,339.89,network_error,3,10,0.571,retry,0
CUST_00057,339.89,network_error,3,10,0.571,payment_link,0
CUST_00057,339.89,network_error,3,10,0.571,alt_method,0
CUST_00058,519.38,insufficient_funds,3,5,1.0,retry,1
CUST_00058,519.38,insufficient_funds,3,5,1.0,payment_link,0
CUST_00058,519.38,insufficient_funds,3,5,1.0,alt_method,0
CUST_00059,866.98,network_error,2,3,1.0,retry,1
CUST_00059,866.98,network_error,2,3,1.0,payment_link,1
CUST_00059,866.98,network_error,2,3,1.0,alt_method,0
CUST_00060,1451.62,network_error,2,2,1.0,retry,1
CUST_00060,1451.62,network_error,2,2,1.0,payment_link,0
CUST_00060,1451.62,network_error,2,2,1.0,alt_method,0
CUST_00061,453.35,bank_declined,3,14,0.286,retry,0
CUST_00061,453.35,bank_declined,3,14,0.286,payment_link,0
CUST_00061,453.35,bank_declined,3,14,0.286,alt_method,0
CUST_00062,573.34,network_error,3,2,0.143,retry,1
CUST_00062,573.34,network_error,3,2,0.143,payment_link,0
CUST_00062,573.34,network_error,3,2,0.143,alt_method,0
CUST_00063,274.49,bank_declined,2,1,1.0,retry,1
CUST_00063,274.49,bank_declined,2,1,1.0,payment_link,0
CUST_00063,274.49,bank_declined,2,1,1.0,alt_method,1
CUST_00064,255.45,network_error,0,1,1.0,retry,1
CUST_00064,255.45,network_error,0,1,1.0,payment_link,1
CUST_00064,255.45,network_error,0,1,1.0,alt_method,1
CUST_00065,1274.13,network_error,2,13,0.5,retry,0
CUST_00065,1274.13,network_error,2,13,0.5,payment_link,0
CUST_00065,1274.13,network_error,2,13,0.5,alt_method,0
CUST_00066,1968.43,bank_declined,0,11,0.0,retry,0
CUST_00066,1968.43,bank_declined,0,11,0.0,payment_link,0
CUST_00066,1968.43,bank_declined,0,11,0.0,alt_method,0
CUST_00067,627.91,insufficient_funds,1,12,0.5,retry,0
CUST_00067,627.91,insufficient_funds,1,12,0.5,payment_link,0
CUST_00067,627.91,insufficient_funds,1,12,0.5,alt_method,0
CUST_00068,1484.49,network_error,1,9,1.0,retry,1
CUST_00068,1484.49,network_error,1,9,1.0,payment_link,1
CUST_00068,1484.49,network_error,1,9,1.0,alt_method,0
CUST_00069,888.3,insufficient_funds,2,4,1.0,retry,0
CUST_00069,888.3,insufficient_funds,2,4,1.0,payment_link,1
CUST_00069,888.3,insufficient_funds,2,4,1.0,alt_method,1
CUST_00070,396.99,network_error,0,8,1.0,retry,0
CUST_00070,396.99,network_error,0,8,1.0,payment_link,1
CUST_00070,396.99,network_error,0,8,1.0,alt_method,1
CUST_00071,888.13,bank_declined,2,1,0.5,retry,0
CUST_00071,888.13,bank_declined,2,1,0.5,payment_link,0
CUST_00071,888.13,bank_declined,2,1,0.5,alt_method,0
CUST_00072,2276.58,insufficient_funds,2,1,1.0,retry,0
CUST_00072,2276.58,insufficient_funds,2,1,1.0,payment_link,0
CUST_00072,2276.58,insufficient_funds,2,1,1.0,alt_method,0
CUST_00073,646.35,bank_declined,0,11,0.5,retry,1
CUST_00073,646.35,bank_declined,0,11,0.5,payment_link,0
CUST_00073,646.35,bank_declined,0,11,0.5,alt_method,0
CUST_00074,2325.56,card_declined,2,5,0.833,retry,0
CUST_00074,2325.56,card_declined,2,5,0.833,payment_link,1
CUST_00074,2325.56,card_declined,2,5,0.833,alt_method,0
CUST_00075,100.0,insufficient_funds,1,12,0.0,retry,0
CUST_00075,100.0,insufficient_funds,1,12,0.0,payment_link,0
CUST_00075,100.0,insufficient_funds,1,12,0.0,alt_method,0
CUST_00076,1283.73,card_declined,3,14,0.2,retry,0
CUST_00076,1283.73,card_declined,3,14,0.2,payment_link,0
CUST_00076,1283.73,card_declined,3,14,0.2,alt_method,0
CUST_00077,713.11,insufficient_funds,3,9,0.667,retry,0
CUST_00077,713.11,insufficient_funds,3,9,0.667,payment_link,1
CUST_00077,713.11,insufficient_funds,3,9,0.667,alt_method,0
CUST_00078,523.63,card_declined,2,1,1.0,retry,0
CUST_00078,523.63,card_declined,2,1,1.0,payment_link,1
CUST_00078,523.63,card_declined,2,1,1.0,alt_method,0
CUST_00079,715.81,network_error,0,11,0.0,retry,0
CUST_00079,715.81,network_error,0,11,0.0,payment_link,0
CUST_00079,715.81,network_error,0,11,0.0,alt_method,0
CUST_00080,135.63,bank_declined,0,3,1.0,retry,1
CUST_00080,135.63,bank_declined,0,3,1.0,payment_link,0
CUST_00080,135.63,bank_declined,0,3,1.0,alt_method,0
CUST_00081,557.95,insufficient_funds,1,5,1.0,retry,1
CUST_00081,557.95,insufficient_funds,1,5,1.0,payment_link,0
CUST_00081,557.95,insufficient_funds,1,5,1.0,alt_method,0
CUST_00082,885.09,insufficient_funds,0,4,0.5,retry,0
CUST_00082,885.09,insufficient_funds,0,4,0.5,payment_link,0
CUST_00082,885.09,insufficient_funds,0,4,0.5,alt_method,0
CUST_00083,2169.64,bank_declined,0,0,0.4,retry,0
CUST_00083,2169.64,bank_declined,0,0,0.4,payment_link,1
CUST_00083,2169.64,bank_declined,0,0,0.4,alt_method,0
CUST_00084,439.39,bank_declined,1,14,0.75,retry,0
CUST_00084,439.39,bank_declined,1,14,0.75,payment_link,1
CUST_00084,439.39,bank_declined,1,14,0.75,alt_method,0
CUST_00085,348.35,network_error,2,5,0.6,retry,0
CUST_00085,348.35,network_error,2,5,0.6,payment_link,1
CUST_00085,348.35,network_error,2,5,0.6,alt_method,0
CUST_00086,445.23,network_error,3,0,0.857,retry,1
CUST_00086,445.23,network_error,3,0,0.857,payment_link,0
CUST_00086,445.23,network_error,3,0,0.857,alt_method,0
CUST_00087,1383.43,bank_declined,1,2,0.6,retry,0
CUST_00087,1383.43,bank_declined,1,2,0.6,payment_link,1
CUST_00087,1383.43,bank_declined,1,2,0.6,alt_method,0
CUST_00088,865.23,bank_declined,2,9,0.75,retry,0
CUST_00088,865.23,bank_declined,2,9,0.75,payment_link,0
CUST_00088,865.23,bank_declined,2,9,0.75,alt_method,0
CUST_00089,435.37,card_declined,1,4,0.571,retry,0
CUST_00089,435.37,card_declined,1,4,0.571,payment_link,0
CUST_00089,435.37,card_declined,1,4,0.571,alt_method,0
CUST_00090,1002.86,bank_declined,2,13,0.75,retry,0
CUST_00090,1002.86,bank_declined,2,13,0.75,payment_link,1
CUST_00090,1002.86,bank_declined,2,13,0.75,alt_method,0
CUST_00091,718.86,card_declined,1,9,1.0,retry,1
CUST_00091,718.86,card_declined,1,9,1.0,payment_link,1
CUST_00091,718.86,card_declined,1,9,1.0,alt_method,1
CUST_00092,1443.63,bank_declined,2,12,0.75,retry,0
CUST_00092,1443.63,bank_declined,2,12,0.75,payment_link,0
CUST_00092,1443.63,bank_declined,2,12,0.75,alt_method,0
CUST_00093,379.31,network_error,1,4,0.5,retry,1
CUST_00093,379.31,network_error,1,4,0.5,payment_link,0
CUST_00093,379.31,network_error,1,4,0.5,alt_method,0
CUST_00094,511.77,network_error,2,12,1.0,retry,0
CUST_00094,511.77,network_error,2,12,1.0,payment_link,1
CUST_00094,511.77,network_error,2,12,1.0,alt_method,1
CUST_00095,486.05,bank_declined,1,9,0.667,retry,0
CUST_00095,486.05,bank_declined,1,9,0.667,payment_link,0
CUST_00095,486.05,bank_declined,1,9,0.667,alt_method,1
CUST_00096,206.27,bank_declined,3,5,0.667,retry,0
CUST_00096,206.27,bank_declined,3,5,0.667,payment_link,0
CUST_00096,206.27,bank_declined,3,5,0.667,alt_method,0
CUST_00097,842.94,network_error,3,14,0.0,retry,0
CUST_00097,842.94,network_error,3,14,0.0,payment_link,0
CUST_00097,842.94,network_error,3,14,0.0,alt_method,0
CUST_00098,819.62,insufficient_funds,0,11,0.5,retry,0
CUST_00098,819.62,insufficient_funds,0,11,0.5,payment_link,0
CUST_00098,819.62,insufficient_funds,0,11,0.5,alt_method,0
CUST_00099,667.87,card_declined,2,9,0.25,retry,0
CUST_00099,667.87,card_declined,2,9,0.25,payment_link,0
CUST_00099,667.87,card_declined,2,9,0.25,alt_method,0
CUST_00100,551.33,insufficient_funds,1,7,0.6,retry,0
CUST_00100,551.33,insufficient_funds,1,7,0.6,payment_link,0
CUST_00100,551.33,insufficient_funds,1,7,0.6,alt_method,1
CUST_00101,214.37,insufficient_funds,2,4,0.333,retry,0
CUST_00101,214.37,insufficient_funds,2,4,0.333,payment_link,0
CUST_00101,214.37,insufficient_funds,2,4,0.333,alt_method,0
CUST_00102,475.08,insufficient_funds,3,13,0.25,retry,0
CUST_00102,475.08,insufficient_funds,3,13,0.25,payment_link,0
CUST_00102,475.08,insufficient_funds,3,13,0.25,alt_method,1
CUST_00103,505.64,network_error,2,14,0.857,retry,1
CUST_00103,505.64,network_error,2,14,0.857,payment_link,0
CUST_00103,505.64,network_error,2,14,0.857,alt_method,1
CUST_00104,350.09,insufficient_funds,1,10,1.0,retry,0
CUST_00104,350.09,insufficient_funds,1,10,1.0,payment_link,1
CUST_00104,350.09,insufficient_funds,1,10,1.0,alt_method,0
CUST_00105,584.63,insufficient_funds,2,0,0.4,retry,0
CUST_00105,584.63,insufficient_funds,2,0,0.4,payment_link,0
CUST_00105,584.63,insufficient_funds,2,0,0.4,alt_method,0
CUST_00106,918.96,network_error,1,4,0.6,retry,1
CUST_00106,918.96,network_error,1,4,0.6,payment_link,1
CUST_00106,918.96,network_error,1,4,0.6,alt_method,0
CUST_00107,3007.75,bank_declined,3,2,0.167,retry,0
CUST_00107,3007.75,bank_declined,3,2,0.167,payment_link,0
CUST_00107,3007.75,bank_declined,3,2,0.167,alt_method,0
CUST_00108,764.84,insufficient_funds,3,3,0.5,retry,0
CUST_00108,764.84,insufficient_funds,3,3,0.5,payment_link,0
CUST_00108,764.84,insufficient_funds,3,3,0.5,alt_method,0
CUST_00109,817.33,bank_declined,3,14,0.5,retry,0
CUST_00109,817.33,bank_declined,3,14,0.5,payment_link,0
CUST_00109,817.33,bank_declined,3,14,0.5,alt_method,1
CUST_00110,626.68,card_declined,0,14,0.833,retry,0
CUST_00110,626.68,card_declined,0,14,0.833,payment_link,1
CUST_00110,626.68,card_declined,0,14,0.833,alt_method,0
CUST_00111,143.31,network_error,3,12,0.667,retry,0
CUST_00111,143.31,network_error,3,12,0.667,payment_link,0
CUST_00111,143.31,network_error,3,12,0.667,alt_method,1
CUST_00112,651.18,bank_declined,2,7,0.0,retry,0
CUST_00112,651.18,bank_declined,2,7,0.0,payment_link,1
CUST_00112,651.18,bank_declined,2,7,0.0,alt_method,0
CUST_00113,697.98,insufficient_funds,0,6,1.0,retry,0
CUST_00113,697.98,insufficient_funds,0,6,1.0,payment_link,1
CUST_00113,697.98,insufficient_funds,0,6,1.0,alt_method,1
CUST_00114,4772.35,card_declined,3,10,0.0,retry,0
CUST_00114,4772.35,card_declined,3,10,0.0,payment_link,0
CUST_00114,4772.35,card_declined,3,10,0.0,alt_method,0
CUST_00115,570.27,network_error,2,4,0.333,retry,1
CUST_00115,570.27,network_error,2,4,0.333,payment_link,1
CUST_00115,570.27,network_error,2,4,0.333,alt_method,0
CUST_00116,846.61,bank_declined,2,1,0.667,retry,0
CUST_00116,846.61,bank_declined,2,1,0.667,payment_link,0
CUST_00116,846.61,bank_declined,2,1,0.667,alt_method,0
CUST_00117,646.93,bank_declined,2,5,0.333,retry,0
CUST_00117,646.93,bank_declined,2,5,0.333,payment_link,0
CUST_00117,646.93,bank_declined,2,5,0.333,alt_method,0
CUST_00118,261.14,network_error,1,10,0.6,retry,1
CUST_00118,261.14,network_error,1,10,0.6,payment_link,0
CUST_00118,261.14,network_error,1,10,0.6,alt_method,1
CUST_00119,1659.48,network_error,0,5,1.0,retry,1
CUST_00119,1659.48,network_error,0,5,1.0,payment_link,1
CUST_00119,1659.48,network_error,0,5,1.0,alt_method,1
CUST_00120,1213.84,bank_declined,2,9,1.0,retry,0
CUST_00120,1213.84,bank_declined,2,9,1.0,payment_link,0
CUST_00120,1213.84,bank_declined,2,9,1.0,alt_method,0
CUST_00121,1252.41,bank_declined,1,9,1.0,retry,0
CUST_00121,1252.41,bank_declined,1,9,1.0,payment_link,0
CUST_00121,1252.41,bank_declined,1,9,1.0,alt_method,1
CUST_00122,321.34,insufficient_funds,3,13,0.833,retry,0
CUST_00122,321.34,insufficient_funds,3,13,0.833,payment_link,0
CUST_00122,321.34,insufficient_funds,3,13,0.833,alt_method,0
CUST_00123,2043.12,bank_declined,2,10,0.571,retry,0
CUST_00123,2043.12,bank_declined,2,10,0.571,payment_link,0
CUST_00123,2043.12,bank_declined,2,10,0.571,alt_method,0
CUST_00124,216.7,insufficient_funds,1,5,1.0,retry,0
CUST_00124,216.7,insufficient_funds,1,5,1.0,payment_link,0
CUST_00124,216.7,insufficient_funds,1,5,1.0,alt_method,1
CUST_00125,1063.68,bank_declined,2,13,0.0,retry,0
CUST_00125,1063.68,bank_declined,2,13,0.0,payment_link,0
CUST_00125,1063.68,bank_declined,2,13,0.0,alt_method,0
CUST_00126,3836.69,network_error,0,8,0.8,retry,1
CUST_00126,3836.69,network_error,0,8,0.8,payment_link,0
CUST_00126,3836.69,network_error,0,8,0.8,alt_method,1
CUST_00127,301.14,card_declined,0,10,0.333,retry,0
CUST_00127,301.14,card_declined,0,10,0.333,payment_link,0
CUST_00127,301.14,card_declined,0,10,0.333,alt_method,0
CUST_00128,422.83,network_error,3,7,0.333,retry,0
CUST_00128,422.83,network_error,3,7,0.333,payment_link,0
CUST_00128,422.83,network_error,3,7,0.333,alt_method,1
CUST_00129,720.34,insufficient_funds,2,7,0.25,retry,0
CUST_00129,720.34,insufficient_funds,2,7,0.25,payment_link,0
CUST_00129,720.34,insufficient_funds,2,7,0.25,alt_method,0
CUST_00130,444.62,network_error,1,0,0.5,retry,0
CUST_00130,444.62,network_error,1,0,0.5,payment_link,1
CUST_00130,444.62,network_error,1,0,0.5,alt_method,0
CUST_00131,192.38,network_error,3,4,1.0,retry,0
CUST_00131,192.38,network_error,3,4,1.0,payment_link,1
CUST_00131,192.38,network_error,3,4,1.0,alt_method,1
CUST_00132,702.64,insufficient_funds,2,6,0.5,retry,0
CUST_00132,702.64,insufficient_funds,2,6,0.5,payment_link,0
CUST_00132,702.64,insufficient_funds,2,6,0.5,alt_method,0
CUST_00133,284.34,network_error,3,5,0.5,retry,1
CUST_00133,284.34,network_error,3,5,0.5,payment_link,0
CUST_00133,284.34,network_error,3,5,0.5,alt_method,0
CUST_00134,971.53,bank_declined,1,4,0.5,retry,0
CUST_00134,971.53,bank_declined,1,4,0.5,payment_link,0
CUST_00134,971.53,bank_declined,1,4,0.5,alt_method,0
CUST_00135,318.77,network_error,3,7,0.429,retry,0
CUST_00135,318.77,network_error,3,7,0.429,payment_link,0
CUST_00135,318.77,network_error,3,7,0.429,alt_method,0
CUST_00136,2298.35,insufficient_funds,3,2,1.0,retry,0
CUST_00136,2298.35,insufficient_funds,3,2,1.0,payment_link,0
CUST_00136,2298.35,insufficient_funds,3,2,1.0,alt_method,1
CUST_00137,355.45,insufficient_funds,3,5,1.0,retry,0
CUST_00137,355.45,insufficient_funds,3,5,1.0,payment_link,0
CUST_00137,355.45,insufficient_funds,3,5,1.0,alt_method,0
CUST_00138,514.07,network_error,2,14,0.5,retry,1
CUST_00138,514.07,network_error,2,14,0.5,payment_link,0
CUST_00138,514.07,network_error,2,14,0.5,alt_method,1
CUST_00139,1275.14,network_error,1,4,0.5,retry,1
CUST_00139,1275.14,network_error,1,4,0.5,payment_link,1
CUST_00139,1275.14,network_error,1,4,0.5,alt_method,0
CUST_00140,248.47,insufficient_funds,0,7,0.667,retry,1
CUST_00140,248.47,insufficient_funds,0,7,0.667,payment_link,0
CUST_00140,248.47,insufficient_funds,0,7,0.667,alt_method,0
CUST_00141,797.89,insufficient_funds,2,3,1.0,retry,0
CUST_00141,797.89,insufficient_funds,2,3,1.0,payment_link,1
CUST_00141,797.89,insufficient_funds,2,3,1.0,alt_method,1
CUST_00142,1892.61,insufficient_funds,0,7,0.6,retry,1
CUST_00142,1892.61,insufficient_funds,0,7,0.6,payment_link,0
CUST_00142,1892.61,insufficient_funds,0,7,0.6,alt_method,0
CUST_00143,183.83,insufficient_funds,0,9,0.5,retry,0
CUST_00143,183.83,insufficient_funds,0,9,0.5,payment_link,0
CUST_00143,183.83,insufficient_funds,0,9,0.5,alt_method,1
CUST_00144,771.01,insufficient_funds,2,13,1.0,retry,0
CUST_00144,771.01,insufficient_funds,2,13,1.0,payment_link,0
CUST_00144,771.01,insufficient_funds,2,13,1.0,alt_method,0
CUST_00145,818.85,network_error,2,14,0.0,retry,0
CUST_00145,818.85,network_error,2,14,0.0,payment_link,0
CUST_00145,818.85,network_error,2,14,0.0,alt_method,1
CUST_00146,1243.22,insufficient_funds,1,1,1.0,retry,0
CUST_00146,1243.22,insufficient_funds,1,1,1.0,payment_link,0
CUST_00146,1243.22,insufficient_funds,1,1,1.0,alt_method,1
CUST_00147,247.26,card_declined,1,8,0.833,retry,0
CUST_00147,247.26,card_declined,1,8,0.833,payment_link,0
CUST_00147,247.26,card_declined,1,8,0.833,alt_method,0
CUST_00148,231.28,insufficient_funds,3,12,0.571,retry,0
CUST_00148,231.28,insufficient_funds,3,12,0.571,payment_link,0
CUST_00148,231.28,insufficient_funds,3,12,0.571,alt_method,0
CUST_00149,1009.85,bank_declined,0,8,1.0,retry,1
CUST_00149,1009.85,bank_declined,0,8,1.0,payment_link,1
CUST_00149,1009.85,bank_declined,0,8,1.0,alt_method,1
CUST_00150,843.52,insufficient_funds,1,14,0.75,retry,0
CUST_00150,843.52,insufficient_funds,1,14,0.75,payment_link,0
CUST_00150,843.52,insufficient_funds,1,14,0.75,alt_method,0
CUST_00151,812.73,bank_declined,3,13,0.667,retry,0
CUST_00151,812.73,bank_declined,3,13,0.667,payment_link,1
CUST_00151,812.73,bank_declined,3,13,0.667,alt_method,0
CUST_00152,877.57,bank_declined,1,9,1.0,retry,0
CUST_00152,877.57,bank_declined,1,9,1.0,payment_link,0
CUST_00152,877.57,bank_declined,1,9,1.0,alt_method,1
CUST_00153,386.06,insufficient_funds,2,9,0.5,retry,0
CUST_00153,386.06,insufficient_funds,2,9,0.5,payment_link,0
CUST_00153,386.06,insufficient_funds,2,9,0.5,alt_method,0
CUST_00154,800.95,card_declined,1,12,0.5,retry,0
CUST_00154,800.95,card_declined,1,12,0.5,payment_link,0
CUST_00154,800.95,card_declined,1,12,0.5,alt_method,0
CUST_00155,840.89,network_error,0,5,0.833,retry,1
CUST_00155,840.89,network_error,0,5,0.833,payment_link,0
CUST_00155,840.89,network_error,0,5,0.833,alt_method,0
CUST_00156,375.6,network_error,1,3,1.0,retry,1
CUST_00156,375.6,network_error,1,3,1.0,payment_link,1
CUST_00156,375.6,network_error,1,3,1.0,alt_method,0
CUST_00157,2959.04,bank_declined,0,3,1.0,retry,0
CUST_00157,2959.04,bank_declined,0,3,1.0,payment_link,1
CUST_00157,2959.04,bank_declined,0,3,1.0,alt_method,1
CUST_00158,971.72,bank_declined,2,12,1.0,retry,0
CUST_00158,971.72,bank_declined,2,12,1.0,payment_link,1
CUST_00158,971.72,bank_declined,2,12,1.0,alt_method,1
CUST_00159,256.46,network_error,0,5,0.25,retry,1
CUST_00159,256.46,network_error,0,5,0.25,payment_link,0
CUST_00159,256.46,network_error,0,5,0.25,alt_method,0
CUST_00160,1124.67,network_error,1,4,0.6,retry,1
CUST_00160,1124.67,network_error,1,4,0.6,payment_link,1
CUST_00160,1124.67,network_error,1,4,0.6,alt_method,0
CUST_00161,304.98,network_error,3,5,1.0,retry,1
CUST_00161,304.98,network_error,3,5,1.0,payment_link,1
CUST_00161,304.98,network_error,3,5,1.0,alt_method,0
CUST_00162,1248.46,network_error,2,6,0.75,retry,0
CUST_00162,1248.46,network_error,2,6,0.75,payment_link,0
CUST_00162,1248.46,network_error,2,6,0.75,alt_method,1
CUST_00163,1680.55,bank_declined,1,6,0.5,retry,0
CUST_00163,1680.55,bank_declined,1,6,0.5,payment_link,0
CUST_00163,1680.55,bank_declined,1,6,0.5,alt_method,0
CUST_00164,344.97,insufficient_funds,2,8,0.4,retry,0
CUST_00164,344.97,insufficient_funds,2,8,0.4,payment_link,0
CUST_00164,344.97,insufficient_funds,2,8,0.4,alt_method,1
CUST_00165,1437.56,insufficient_funds,2,7,0.5,retry,0
CUST_00165,1437.56,insufficient_funds,2,7,0.5,payment_link,0
CUST_00165,1437.56,insufficient_funds,2,7,0.5,alt_method,0
CUST_00166,925.4,insufficient_funds,1,12,0.0,retry,0
CUST_00166,925.4,insufficient_funds,1,12,0.0,payment_link,0
CUST_00166,925.4,insufficient_funds,1,12,0.0,alt_method,1
CUST_00167,1283.89,network_error,1,5,1.0,retry,1
CUST_00167,1283.89,network_error,1,5,1.0,payment_link,1
CUST_00167,1283.89,network_error,1,5,1.0,alt_method,0
CUST_00168,3033.38,network_error,3,11,0.167,retry,0
CUST_00168,3033.38,network_error,3,11,0.167,payment_link,0
CUST_00168,3033.38,network_error,3,11,0.167,alt_method,0
CUST_00169,546.58,bank_declined,2,5,0.5,retry,0
CUST_00169,546.58,bank_declined,2,5,0.5,payment_link,0
CUST_00169,546.58,bank_declined,2,5,0.5,alt_method,0
CUST_00170,363.95,card_declined,2,14,0.5,retry,0
CUST_00170,363.95,card_declined,2,14,0.5,payment_link,0
CUST_00170,363.95,card_declined,2,14,0.5,alt_method,1
CUST_00171,326.49,bank_declined,1,13,0.0,retry,0
CUST_00171,326.49,bank_declined,1,13,0.0,payment_link,0
CUST_00171,326.49,bank_declined,1,13,0.0,alt_method,0
CUST_00172,346.32,network_error,0,4,0.333,retry,0
CUST_00172,346.32,network_error,0,4,0.333,payment_link,0
CUST_00172,346.32,network_error,0,4,0.333,alt_method,0
CUST_00173,625.35,card_declined,1,0,0.714,retry,0
CUST_00173,625.35,card_declined,1,0,0.714,payment_link,0
CUST_00173,625.35,card_declined,1,0,0.714,alt_method,0
CUST_00174,873.86,bank_declined,2,8,1.0,retry,1
CUST_00174,873.86,bank_declined,2,8,1.0,payment_link,1
CUST_00174,873.86,bank_declined,2,8,1.0,alt_method,0
CUST_00175,829.94,bank_declined,1,8,0.5,retry,0
CUST_00175,829.94,bank_declined,1,8,0.5,payment_link,1
CUST_00175,829.94,bank_declined,1,8,0.5,alt_method,0
CUST_00176,1289.16,insufficient_funds,3,8,1.0,retry,0
CUST_00176,1289.16,insufficient_funds,3,8,1.0,payment_link,0
CUST_00176,1289.16,insufficient_funds,3,8,1.0,alt_method,1
CUST_00177,672.1,insufficient_funds,0,14,0.5,retry,0
CUST_00177,672.1,insufficient_funds,0,14,0.5,payment_link,1
CUST_00177,672.1,insufficient_funds,0,14,0.5,alt_method,0
CUST_00178,2127.76,insufficient_funds,1,10,0.286,retry,0
CUST_00178,2127.76,insufficient_funds,1,10,0.286,payment_link,0
CUST_00178,2127.76,insufficient_funds,1,10,0.286,alt_method,0
CUST_00179,538.22,network_error,3,7,0.714,retry,1
CUST_00179,538.22,network_error,3,7,0.714,payment_link,0
CUST_00179,538.22,network_error,3,7,0.714,alt_method,0
CUST_00180,5861.35,network_error,2,12,1.0,retry,1
CUST_00180,5861.35,network_error,2,12,1.0,payment_link,0
CUST_00180,5861.35,network_error,2,12,1.0,alt_method,0
CUST_00181,1097.22,network_error,1,9,1.0,retry,0
CUST_00181,1097.22,network_error,1,9,1.0,payment_link,1
CUST_00181,1097.22,network_error,1,9,1.0,alt_method,1
CUST_00182,335.05,insufficient_funds,2,12,0.333,retry,0
CUST_00182,335.05,insufficient_funds,2,12,0.333,payment_link,1
CUST_00182,335.05,insufficient_funds,2,12,0.333,alt_method,0
CUST_00183,282.39,bank_declined,3,2,0.2,retry,0
CUST_00183,282.39,bank_declined,3,2,0.2,payment_link,0
CUST_00183,282.39,bank_declined,3,2,0.2,alt_method,0
CUST_00184,978.46,insufficient_funds,2,0,0.429,retry,0
CUST_00184,978.46,insufficient_funds,2,0,0.429,payment_link,0
CUST_00184,978.46,insufficient_funds,2,0,0.429,alt_method,0
CUST_00185,556.26,network_error,3,10,0.667,retry,1
CUST_00185,556.26,network_error,3,10,0.667,payment_link,1
CUST_00185,556.26,network_error,3,10,0.667,alt_method,0
CUST_00186,1177.56,card_declined,3,11,0.833,retry,0
CUST_00186,1177.56,card_declined,3,11,0.833,payment_link,1
CUST_00186,1177.56,card_declined,3,11,0.833,alt_method,0
CUST_00187,971.26,card_declined,3,11,0.8,retry,0
CUST_00187,971.26,card_declined,3,11,0.8,payment_link,0
CUST_00187,971.26,card_declined,3,11,0.8,alt_method,0
CUST_00188,627.5,bank_declined,1,7,0.8,retry,0
CUST_00188,627.5,bank_declined,1,7,0.8,payment_link,0
CUST_00188,627.5,bank_declined,1,7,0.8,alt_method,0
CUST_00189,337.84,card_declined,2,6,1.0,retry,0
CUST_00189,337.84,card_declined,2,6,1.0,payment_link,1
CUST_00189,337.84,card_declined,2,6,1.0,alt_method,1
CUST_00190,197.97,insufficient_funds,2,12,1.0,retry,0
CUST_00190,197.97,insufficient_funds,2,12,1.0,payment_link,1
CUST_00190,197.97,insufficient_funds,2,12,1.0,alt_method,0
CUST_00191,465.35,card_declined,0,4,0.5,retry,0
CUST_00191,465.35,card_declined,0,4,0.5,payment_link,0
CUST_00191,465.35,card_declined,0,4,0.5,alt_method,1
CUST_00192,1319.65,network_error,0,9,1.0,retry,1
CUST_00192,1319.65,network_error,0,9,1.0,payment_link,1
CUST_00192,1319.65,network_error,0,9,1.0,alt_method,0
CUST_00193,789.4,insufficient_funds,0,6,0.4,retry,0
CUST_00193,789.4,insufficient_funds,0,6,0.4,payment_link,0
CUST_00193,789.4,insufficient_funds,0,6,0.4,alt_method,0
CUST_00194,245.53,network_error,0,9,0.6,retry,0
CUST_00194,245.53,network_error,0,9,0.6,payment_link,1
CUST_00194,245.53,network_error,0,9,0.6,alt_method,0
CUST_00195,763.98,network_error,2,3,1.0,retry,1
CUST_00195,763.98,network_error,2,3,1.0,payment_link,1
CUST_00195,763.98,network_error,2,3,1.0,alt_method,0
CUST_00196,905.29,network_error,3,8,0.5,retry,0
CUST_00196,905.29,network_error,3,8,0.5,payment_link,0
CUST_00196,905.29,network_error,3,8,0.5,alt_method,0
CUST_00197,327.97,bank_declined,3,10,0.0,retry,0
CUST_00197,327.97,bank_declined,3,10,0.0,payment_link,0
CUST_00197,327.97,bank_declined,3,10,0.0,alt_method,0
CUST_00198,752.18,bank_declined,1,9,0.714,retry,0
CUST_00198,752.18,bank_declined,1,9,0.714,payment_link,0
CUST_00198,752.18,bank_declined,1,9,0.714,alt_method,0
CUST_00199,696.85,insufficient_funds,3,13,0.25,retry,1
CUST_00199,696.85,insufficient_funds,3,13,0.25,payment_link,0
CUST_00199,696.85,insufficient_funds,3,13,0.25,alt_method,0
CUST_00200,266.57,network_error,2,1,0.75,retry,0
CUST_00200,266.57,network_error,2,1,0.75,payment_link,1
CUST_00200,266.57,network_error,2,1,0.75,alt_method,0
CUST_00201,885.57,bank_declined,2,8,0.5,retry,0
CUST_00201,885.57,bank_declined,2,8,0.5,payment_link,1
CUST_00201,885.57,bank_declined,2,8,0.5,alt_method,1
CUST_00202,1041.72,bank_declined,2,8,0.0,retry,0
CUST_00202,1041.72,bank_declined,2,8,0.0,payment_link,0
CUST_00202,1041.72,bank_declined,2,8,0.0,alt_method,0
CUST_00203,1581.99,insufficient_funds,1,4,1.0,retry,0
CUST_00203,1581.99,insufficient_funds,1,4,1.0,payment_link,0
CUST_00203,1581.99,insufficient_funds,1,4,1.0,alt_method,0
CUST_00204,1545.41,bank_declined,0,10,0.0,retry,0
CUST_00204,1545.41,bank_declined,0,10,0.0,payment_link,0
CUST_00204,1545.41,bank_declined,0,10,0.0,alt_method,0
CUST_00205,220.93,network_error,3,0,0.5,retry,0
CUST_00205,220.93,network_error,3,0,0.5,payment_link,1
CUST_00205,220.93,network_error,3,0,0.5,alt_method,0
CUST_00206,314.11,insufficient_funds,2,6,0.8,retry,0
CUST_00206,314.11,insufficient_funds,2,6,0.8,payment_link,0
CUST_00206,314.11,insufficient_funds,2,6,0.8,alt_method,0
CUST_00207,1004.28,card_declined,2,9,0.5,retry,1
CUST_00207,1004.28,card_declined,2,9,0.5,payment_link,0
CUST_00207,1004.28,card_declined,2,9,0.5,alt_method,0
CUST_00208,1003.28,network_error,0,9,0.6,retry,1
CUST_00208,1003.28,network_error,0,9,0.6,payment_link,0
CUST_00208,1003.28,network_error,0,9,0.6,alt_method,0
CUST_00209,1004.29,insufficient_funds,2,3,0.0,retry,0
CUST_00209,1004.29,insufficient_funds,2,3,0.0,payment_link,0
CUST_00209,1004.29,insufficient_funds,2,3,0.0,alt_method,0
CUST_00210,10000.0,card_declined,3,8,0.6,retry,0
CUST_00210,10000.0,card_declined,3,8,0.6,payment_link,0
CUST_00210,10000.0,card_declined,3,8,0.6,alt_method,0
CUST_00211,1050.18,bank_declined,1,5,0.5,retry,0
CUST_00211,1050.18,bank_declined,1,5,0.5,payment_link,0
CUST_00211,1050.18,bank_declined,1,5,0.5,alt_method,0
CUST_00212,1649.87,network_error,2,12,0.2,retry,0
CUST_00212,1649.87,network_error,2,12,0.2,payment_link,0
CUST_00212,1649.87,network_error,2,12,0.2,alt_method,0
CUST_00213,1426.82,network_error,3,2,1.0,retry,1
CUST_00213,1426.82,network_error,3,2,1.0,payment_link,0
CUST_00213,1426.82,network_error,3,2,1.0,alt_method,0
CUST_00214,1120.03,network_error,2,5,0.0,retry,0
CUST_00214,1120.03,network_error,2,5,0.0,payment_link,0
CUST_00214,1120.03,network_error,2,5,0.0,alt_method,0
CUST_00215,516.87,bank_declined,0,12,1.0,retry,1
CUST_00215,516.87,bank_declined,0,12,1.0,payment_link,1
CUST_00215,516.87,bank_declined,0,12,1.0,alt_method,1
CUST_00216,1220.69,insufficient_funds,2,9,0.5,retry,0
CUST_00216,1220.69,insufficient_funds,2,9,0.5,payment_link,0
CUST_00216,1220.69,insufficient_funds,2,9,0.5,alt_method,0
CUST_00217,358.43,network_error,2,5,0.333,retry,0
CUST_00217,358.43,network_error,2,5,0.333,payment_link,0
CUST_00217,358.43,network_error,2,5,0.333,alt_method,0
CUST_00218,550.34,card_declined,1,4,0.0,retry,0
CUST_00218,550.34,card_declined,1,4,0.0,payment_link,0
CUST_00218,550.34,card_declined,1,4,0.0,alt_method,0
CUST_00219,451.11,insufficient_funds,0,1,1.0,retry,1
CUST_00219,451.11,insufficient_funds,0,1,1.0,payment_link,0
CUST_00219,451.11,insufficient_funds,0,1,1.0,alt_method,1
CUST_00220,710.17,network_error,0,9,0.667,retry,1
CUST_00220,710.17,network_error,0,9,0.667,payment_link,0
CUST_00220,710.17,network_error,0,9,0.667,alt_method,0
CUST_00221,4237.49,insufficient_funds,1,9,0.0,retry,0
CUST_00221,4237.49,insufficient_funds,1,9,0.0,payment_link,0
CUST_00221,4237.49,insufficient_funds,1,9,0.0,alt_method,0
CUST_00222,149.33,bank_declined,2,1,1.0,retry,0
CUST_00222,149.33,bank_declined,2,1,1.0,payment_link,1
CUST_00222,149.33,bank_declined,2,1,1.0,alt_method,0
CUST_00223,1151.72,network_error,3,6,0.4,retry,0
CUST_00223,1151.72,network_error,3,6,0.4,payment_link,0
CUST_00223,1151.72,network_error,3,6,0.4,alt_method,0
CUST_00224,183.06,network_error,0,1,1.0,retry,0
CUST_00224,183.06,network_error,0,1,1.0,payment_link,1
CUST_00224,183.06,network_error,0,1,1.0,alt_method,1
CUST_00225,455.98,bank_declined,0,11,0.0,retry,0
CUST_00225,455.98,bank_declined,0,11,0.0,payment_link,0
CUST_00225,455.98,bank_declined,0,11,0.0,alt_method,0
CUST_00226,1589.48,insufficient_funds,2,5,0.5,retry,0
CUST_00226,1589.48,insufficient_funds,2,5,0.5,payment_link,0
CUST_00226,1589.48,insufficient_funds,2,5,0.5,alt_method,0
CUST_00227,700.24,insufficient_funds,2,4,0.6,retry,0
CUST_00227,700.24,insufficient_funds,2,4,0.6,payment_link,0
CUST_00227,700.24,insufficient_funds,2,4,0.6,alt_method,0
CUST_00228,280.85,insufficient_funds,0,3,0.0,retry,0
CUST_00228,280.85,insufficient_funds,0,3,0.0,payment_link,0
CUST_00228,280.85,insufficient_funds,0,3,0.0,alt_method,0
CUST_00229,375.31,network_error,2,6,0.25,retry,1
CUST_00229,375.31,network_error,2,6,0.25,payment_link,0
CUST_00229,375.31,network_error,2,6,0.25,alt_method,0
CUST_00230,1145.59,network_error,3,7,0.286,retry,0
CUST_00230,1145.59,network_error,3,7,0.286,payment_link,0
CUST_00230,1145.59,network_error,3,7,0.286,alt_method,0
CUST_00231,370.82,insufficient_funds,0,3,0.429,retry,1
CUST_00231,370.82,insufficient_funds,0,3,0.429,payment_link,1
CUST_00231,370.82,insufficient_funds,0,3,0.429,alt_method,0
CUST_00232,790.9,network_error,3,0,1.0,retry,1
CUST_00232,790.9,network_error,3,0,1.0,payment_link,0
CUST_00232,790.9,network_error,3,0,1.0,alt_method,0
CUST_00233,689.84,network_error,3,0,1.0,retry,1
CUST_00233,689.84,network_error,3,0,1.0,payment_link,0
CUST_00233,689.84,network_error,3,0,1.0,alt_method,1
CUST_00234,394.93,bank_declined,2,0,0.2,retry,0
CUST_00234,394.93,bank_declined,2,0,0.2,payment_link,0
CUST_00234,394.93,bank_declined,2,0,0.2,alt_method,0
CUST_00235,3696.55,card_declined,3,10,0.0,retry,0
CUST_00235,3696.55,card_declined,3,10,0.0,payment_link,0
CUST_00235,3696.55,card_declined,3,10,0.0,alt_method,0
CUST_00236,1104.49,bank_declined,2,0,1.0,retry,0
CUST_00236,1104.49,bank_declined,2,0,1.0,payment_link,1
CUST_00236,1104.49,bank_declined,2,0,1.0,alt_method,0
CUST_00237,131.62,card_declined,1,4,0.5,retry,0
CUST_00237,131.62,card_declined,1,4,0.5,payment_link,1
CUST_00237,131.62,card_declined,1,4,0.5,alt_method,0
CUST_00238,772.14,network_error,2,3,0.0,retry,0
CUST_00238,772.14,network_error,2,3,0.0,payment_link,0
CUST_00238,772.14,network_error,2,3,0.0,alt_method,0
CUST_00239,391.73,card_declined,3,12,0.143,retry,0
CUST_00239,391.73,card_declined,3,12,0.143,payment_link,0
CUST_00239,391.73,card_declined,3,12,0.143,alt_method,0
CUST_00240,1315.47,network_error,1,13,1.0,retry,0
CUST_00240,1315.47,network_error,1,13,1.0,payment_link,1
CUST_00240,1315.47,network_error,1,13,1.0,alt_method,1
CUST_00241,352.83,card_declined,2,8,0.857,retry,0
CUST_00241,352.83,card_declined,2,8,0.857,payment_link,0
CUST_00241,352.83,card_declined,2,8,0.857,alt_method,1
CUST_00242,606.81,card_declined,3,14,0.75,retry,0
CUST_00242,606.81,card_declined,3,14,0.75,payment_link,0
CUST_00242,606.81,card_declined,3,14,0.75,alt_method,0
CUST_00243,996.24,bank_declined,0,2,1.0,retry,0
CUST_00243,996.24,bank_declined,0,2,1.0,payment_link,1
CUST_00243,996.24,bank_declined,0,2,1.0,alt_method,1
CUST_00244,1329.56,card_declined,0,13,0.667,retry,0
CUST_00244,1329.56,card_declined,0,13,0.667,payment_link,1
CUST_00244,1329.56,card_declined,0,13,0.667,alt_method,0
CUST_00245,254.62,insufficient_funds,2,6,1.0,retry,0
CUST_00245,254.62,insufficient_funds,2,6,1.0,payment_link,1
CUST_00245,254.62,insufficient_funds,2,6,1.0,alt_method,1
CUST_00246,508.98,network_error,2,10,0.5,retry,1
CUST_00246,508.98,network_error,2,10,0.5,payment_link,1
CUST_00246,508.98,network_error,2,10,0.5,alt_method,0
CUST_00247,454.88,insufficient_funds,0,7,0.571,retry,0
CUST_00247,454.88,insufficient_funds,0,7,0.571,payment_link,0
CUST_00247,454.88,insufficient_funds,0,7,0.571,alt_method,1
CUST_00248,394.39,insufficient_funds,3,5,1.0,retry,0
CUST_00248,394.39,insufficient_funds,3,5,1.0,payment_link,0
CUST_00248,394.39,insufficient_funds,3,5,1.0,alt_method,0
CUST_00249,2730.84,network_error,3,11,0.714,retry,0
CUST_00249,2730.84,network_error,3,11,0.714,payment_link,0
CUST_00249,2730.84,network_error,3,11,0.714,alt_method,0
CUST_00250,919.64,bank_declined,3,12,1.0,retry,0
CUST_00250,919.64,bank_declined,3,12,1.0,payment_link,0
CUST_00250,919.64,bank_declined,3,12,1.0,alt_method,0
CUST_00251,242.57,card_declined,2,9,1.0,retry,0
CUST_00251,242.57,card_declined,2,9,1.0,payment_link,1
CUST_00251,242.57,card_declined,2,9,1.0,alt_method,1
CUST_00252,1386.16,network_error,1,12,1.0,retry,1
CUST_00252,1386.16,network_error,1,12,1.0,payment_link,0
CUST_00252,1386.16,network_error,1,12,1.0,alt_method,0
CUST_00253,3632.68,bank_declined,1,0,0.0,retry,0
CUST_00253,3632.68,bank_declined,1,0,0.0,payment_link,0
CUST_00253,3632.68,bank_declined,1,0,0.0,alt_method,0
CUST_00254,1519.25,card_declined,1,7,1.0,retry,0
CUST_00254,1519.25,card_declined,1,7,1.0,payment_link,0
CUST_00254,1519.25,card_declined,1,7,1.0,alt_method,0
CUST_00255,197.26,card_declined,1,14,0.0,retry,0
CUST_00255,197.26,card_declined,1,14,0.0,payment_link,0
CUST_00255,197.26,card_declined,1,14,0.0,alt_method,0
CUST_00256,451.52,card_declined,1,9,1.0,retry,1
CUST_00256,451.52,card_declined,1,9,1.0,payment_link,1
CUST_00256,451.52,card_declined,1,9,1.0,alt_method,1
CUST_00257,1832.67,insufficient_funds,2,2,0.5,retry,0
CUST_00257,1832.67,insufficient_funds,2,2,0.5,payment_link,1
CUST_00257,1832.67,insufficient_funds,2,2,0.5,alt_method,0
CUST_00258,377.61,card_declined,2,7,0.6,retry,1
CUST_00258,377.61,card_declined,2,7,0.6,payment_link,0
CUST_00258,377.61,card_declined,2,7,0.6,alt_method,0
CUST_00259,948.66,bank_declined,1,11,0.429,retry,0
CUST_00259,948.66,bank_declined,1,11,0.429,payment_link,0
CUST_00259,948.66,bank_declined,1,11,0.429,alt_method,0
CUST_00260,1236.09,network_error,2,3,0.5,retry,1
CUST_00260,1236.09,network_error,2,3,0.5,payment_link,1
CUST_00260,1236.09,network_error,2,3,0.5,alt_method,0
CUST_00261,316.86,insufficient_funds,2,7,0.0,retry,1
CUST_00261,316.86,insufficient_funds,2,7,0.0,payment_link,1
CUST_00261,316.86,insufficient_funds,2,7,0.0,alt_method,0
CUST_00262,634.21,bank_declined,1,10,0.667,retry,0
CUST_00262,634.21,bank_declined,1,10,0.667,payment_link,0
CUST_00262,634.21,bank_declined,1,10,0.667,alt_method,0
CUST_00263,100.0,network_error,3,0,1.0,retry,0
CUST_00263,100.0,network_error,3,0,1.0,payment_link,0
CUST_00263,100.0,network_error,3,0,1.0,alt_method,0
CUST_00264,293.09,bank_declined,2,2,1.0,retry,0
CUST_00264,293.09,bank_declined,2,2,1.0,payment_link,0
CUST_00264,293.09,bank_declined,2,2,1.0,alt_method,0
CUST_00265,543.45,bank_declined,3,5,1.0,retry,0
CUST_00265,543.45,bank_declined,3,5,1.0,payment_link,0
CUST_00265,543.45,bank_declined,3,5,1.0,alt_method,0
CUST_00266,245.13,network_error,2,14,0.75,retry,0
CUST_00266,245.13,network_error,2,14,0.75,payment_link,0
CUST_00266,245.13,network_error,2,14,0.75,alt_method,1
CUST_00267,2455.12,insufficient_funds,2,14,0.75,retry,1
CUST_00267,2455.12,insufficient_funds,2,14,0.75,payment_link,0
CUST_00267,2455.12,insufficient_funds,2,14,0.75,alt_method,0
CUST_00268,211.85,bank_declined,1,8,0.4,retry,0
CUST_00268,211.85,bank_declined,1,8,0.4,payment_link,0
CUST_00268,211.85,bank_declined,1,8,0.4,alt_method,0
CUST_00269,467.76,insufficient_funds,2,1,0.857,retry,0
CUST_00269,467.76,insufficient_funds,2,1,0.857,payment_link,0
CUST_00269,467.76,insufficient_funds,2,1,0.857,alt_method,0
CUST_00270,738.48,network_error,0,10,0.0,retry,0
CUST_00270,738.48,network_error,0,10,0.0,payment_link,0
CUST_00270,738.48,network_error,0,10,0.0,alt_method,0
CUST_00271,2107.0,network_error,0,0,1.0,retry,1
CUST_00271,2107.0,network_error,0,0,1.0,payment_link,1
CUST_00271,2107.0,network_error,0,0,1.0,alt_method,0
CUST_00272,210.88,insufficient_funds,1,14,0.4,retry,0
CUST_00272,210.88,insufficient_funds,1,14,0.4,payment_link,0
CUST_00272,210.88,insufficient_funds,1,14,0.4,alt_method,0
CUST_00273,1686.7,card_declined,3,9,0.75,retry,0
CUST_00273,1686.7,card_declined,3,9,0.75,payment_link,0
CUST_00273,1686.7,card_declined,3,9,0.75,alt_method,0
CUST_00274,670.61,network_error,3,2,1.0,retry,1
CUST_00274,670.61,network_error,3,2,1.0,payment_link,1
CUST_00274,670.61,network_error,3,2,1.0,alt_method,1
CUST_00275,303.32,bank_declined,3,3,0.333,retry,0
CUST_00275,303.32,bank_declined,3,3,0.333,payment_link,1
CUST_00275,303.32,bank_declined,3,3,0.333,alt_method,0
CUST_00276,962.64,network_error,0,10,0.333,retry,1
CUST_00276,962.64,network_error,0,10,0.333,payment_link,0
CUST_00276,962.64,network_error,0,10,0.333,alt_method,0
CUST_00277,779.96,insufficient_funds,3,4,0.75,retry,0
CUST_00277,779.96,insufficient_funds,3,4,0.75,payment_link,1
CUST_00277,779.96,insufficient_funds,3,4,0.75,alt_method,0
CUST_00278,411.51,bank_declined,3,2,0.667,retry,0
CUST_00278,411.51,bank_declined,3,2,0.667,payment_link,1
CUST_00278,411.51,bank_declined,3,2,0.667,alt_method,0
CUST_00279,703.34,bank_declined,1,12,0.833,retry,0
CUST_00279,703.34,bank_declined,1,12,0.833,payment_link,0
CUST_00279,703.34,bank_declined,1,12,0.833,alt_method,0
CUST_00280,488.7,network_error,3,9,1.0,retry,1
CUST_00280,488.7,network_error,3,9,1.0,payment_link,1
CUST_00280,488.7,network_error,3,9,1.0,alt_method,0
CUST_00281,728.37,insufficient_funds,0,10,0.8,retry,0
CUST_00281,728.37,insufficient_funds,0,10,0.8,payment_link,0
CUST_00281,728.37,insufficient_funds,0,10,0.8,alt_method,0
CUST_00282,1129.7,network_error,0,1,0.8,retry,1
CUST_00282,1129.7,network_error,0,1,0.8,payment_link,1
CUST_00282,1129.7,network_error,0,1,0.8,alt_method,1
CUST_00283,2365.66,insufficient_funds,0,1,0.571,retry,1
CUST_00283,2365.66,insufficient_funds,0,1,0.571,payment_link,0
CUST_00283,2365.66,insufficient_funds,0,1,0.571,alt_method,0
CUST_00284,247.09,bank_declined,1,6,0.0,retry,0
CUST_00284,247.09,bank_declined,1,6,0.0,payment_link,0
CUST_00284,247.09,bank_declined,1,6,0.0,alt_method,0
CUST_00285,3664.42,network_error,1,8,1.0,retry,1
CUST_00285,3664.42,network_error,1,8,1.0,payment_link,1
CUST_00285,3664.42,network_error,1,8,1.0,alt_method,0
CUST_00286,139.54,network_error,2,9,0.5,retry,0
CUST_00286,139.54,network_error,2,9,0.5,payment_link,1
CUST_00286,139.54,network_error,2,9,0.5,alt_method,0
CUST_00287,589.09,insufficient_funds,3,1,0.714,retry,0
CUST_00287,589.09,insufficient_funds,3,1,0.714,payment_link,1
CUST_00287,589.09,insufficient_funds,3,1,0.714,alt_method,0
CUST_00288,1064.92,card_declined,1,6,1.0,retry,1
CUST_00288,1064.92,card_declined,1,6,1.0,payment_link,0
CUST_00288,1064.92,card_declined,1,6,1.0,alt_method,0
CUST_00289,832.8,card_declined,0,6,1.0,retry,0
CUST_00289,832.8,card_declined,0,6,1.0,payment_link,1
CUST_00289,832.8,card_declined,0,6,1.0,alt_method,0
CUST_00290,404.17,network_error,0,10,0.429,retry,1
CUST_00290,404.17,network_error,0,10,0.429,payment_link,0
CUST_00290,404.17,network_error,0,10,0.429,alt_method,0
CUST_00291,563.13,bank_declined,1,6,0.8,retry,0
CUST_00291,563.13,bank_declined,1,6,0.8,payment_link,1
CUST_00291,563.13,bank_declined,1,6,0.8,alt_method,0
CUST_00292,448.36,insufficient_funds,1,2,1.0,retry,1
CUST_00292,448.36,insufficient_funds,1,2,1.0,payment_link,0
CUST_00292,448.36,insufficient_funds,1,2,1.0,alt_method,1
CUST_00293,415.1,insufficient_funds,1,11,0.571,retry,0
CUST_00293,415.1,insufficient_funds,1,11,0.571,payment_link,0
CUST_00293,415.1,insufficient_funds,1,11,0.571,alt_method,0
CUST_00294,1312.49,bank_declined,2,6,1.0,retry,0
CUST_00294,1312.49,bank_declined,2,6,1.0,payment_link,0
CUST_00294,1312.49,bank_declined,2,6,1.0,alt_method,1
CUST_00295,885.02,card_declined,0,0,0.75,retry,1
CUST_00295,885.02,card_declined,0,0,0.75,payment_link,0
CUST_00295,885.02,card_declined,0,0,0.75,alt_method,1
CUST_00296,382.1,card_declined,2,9,0.6,retry,0
CUST_00296,382.1,card_declined,2,9,0.6,payment_link,0
CUST_00296,382.1,card_declined,2,9,0.6,alt_method,1
CUST_00297,1366.05,insufficient_funds,2,0,1.0,retry,0
CUST_00297,1366.05,insufficient_funds,2,0,1.0,payment_link,0
CUST_00297,1366.05,insufficient_funds,2,0,1.0,alt_method,0
CUST_00298,850.51,insufficient_funds,3,4,1.0,retry,0
CUST_00298,850.51,insufficient_funds,3,4,1.0,payment_link,0
CUST_00298,850.51,insufficient_funds,3,4,1.0,alt_method,0
CUST_00299,1274.48,bank_declined,0,14,0.571,retry,1
CUST_00299,1274.48,bank_declined,0,14,0.571,payment_link,0
CUST_00299,1274.48,bank_declined,0,14,0.571,alt_method,0
CUST_00300,1100.7,network_error,0,1,0.0,retry,1
CUST_00300,1100.7,network_error,0,1,0.0,payment_link,1
CUST_00300,1100.7,network_error,0,1,0.0,alt_method,1
CUST_00301,342.68,insufficient_funds,1,8,0.5,retry,0
CUST_00301,342.68,insufficient_funds,1,8,0.5,payment_link,0
CUST_00301,342.68,insufficient_funds,1,8,0.5,alt_method,1
CUST_00302,424.9,insufficient_funds,1,14,0.5,retry,0
CUST_00302,424.9,insufficient_funds,1,14,0.5,payment_link,0
CUST_00302,424.9,insufficient_funds,1,14,0.5,alt_method,0
CUST_00303,1209.35,bank_declined,3,6,0.333,retry,0
CUST_00303,1209.35,bank_declined,3,6,0.333,payment_link,0
CUST_00303,1209.35,bank_declined,3,6,0.333,alt_method,0
CUST_00304,1083.87,network_error,2,3,0.0,retry,1
CUST_00304,1083.87,network_error,2,3,0.0,payment_link,0
CUST_00304,1083.87,network_error,2,3,0.0,alt_method,0
CUST_00305,654.11,network_error,1,3,1.0,retry,1
CUST_00305,654.11,network_error,1,3,1.0,payment_link,0
CUST_00305,654.11,network_error,1,3,1.0,alt_method,0
CUST_00306,730.6,card_declined,1,1,0.714,retry,1
CUST_00306,730.6,card_declined,1,1,0.714,payment_link,1
CUST_00306,730.6,card_declined,1,1,0.714,alt_method,0
CUST_00307,1848.5,network_error,0,4,0.6,retry,1
CUST_00307,1848.5,network_error,0,4,0.6,payment_link,0
CUST_00307,1848.5,network_error,0,4,0.6,alt_method,1
CUST_00308,414.36,insufficient_funds,0,3,0.5,retry,0
CUST_00308,414.36,insufficient_funds,0,3,0.5,payment_link,0
CUST_00308,414.36,insufficient_funds,0,3,0.5,alt_method,1
CUST_00309,1030.37,network_error,1,11,0.5,retry,0
CUST_00309,1030.37,network_error,1,11,0.5,payment_link,0
CUST_00309,1030.37,network_error,1,11,0.5,alt_method,0
CUST_00310,565.8,network_error,0,12,0.5,retry,1
CUST_00310,565.8,network_error,0,12,0.5,payment_link,0
CUST_00310,565.8,network_error,0,12,0.5,alt_method,0
CUST_00311,558.84,network_error,3,0,1.0,retry,1
CUST_00311,558.84,network_error,3,0,1.0,payment_link,1
CUST_00311,558.84,network_error,3,0,1.0,alt_method,1
CUST_00312,1602.02,network_error,1,11,0.6,retry,0
CUST_00312,1602.02,network_error,1,11,0.6,payment_link,0
CUST_00312,1602.02,network_error,1,11,0.6,alt_method,0
CUST_00313,1287.34,card_declined,0,7,0.0,retry,0
CUST_00313,1287.34,card_declined,0,7,0.0,payment_link,1
CUST_00313,1287.34,card_declined,0,7,0.0,alt_method,0
CUST_00314,1275.14,network_error,3,2,0.4,retry,1
CUST_00314,1275.14,network_error,3,2,0.4,payment_link,0
CUST_00314,1275.14,network_error,3,2,0.4,alt_method,0
CUST_00315,1890.1,card_declined,0,13,0.286,retry,1
CUST_00315,1890.1,card_declined,0,13,0.286,payment_link,0
CUST_00315,1890.1,card_declined,0,13,0.286,alt_method,0
CUST_00316,676.41,insufficient_funds,0,5,1.0,retry,1
CUST_00316,676.41,insufficient_funds,0,5,1.0,payment_link,0
CUST_00316,676.41,insufficient_funds,0,5,1.0,alt_method,1
CUST_00317,1147.75,insufficient_funds,0,3,0.25,retry,1
CUST_00317,1147.75,insufficient_funds,0,3,0.25,payment_link,1
CUST_00317,1147.75,insufficient_funds,0,3,0.25,alt_method,1
CUST_00318,518.94,insufficient_funds,1,8,1.0,retry,0
CUST_00318,518.94,insufficient_funds,1,8,1.0,payment_link,1
CUST_00318,518.94,insufficient_funds,1,8,1.0,alt_method,0
CUST_00319,862.07,insufficient_funds,2,6,0.857,retry,1
CUST_00319,862.07,insufficient_funds,2,6,0.857,payment_link,0
CUST_00319,862.07,insufficient_funds,2,6,0.857,alt_method,1
CUST_00320,599.37,bank_declined,0,8,0.8,retry,1
CUST_00320,599.37,bank_declined,0,8,0.8,payment_link,0
CUST_00320,599.37,bank_declined,0,8,0.8,alt_method,0
CUST_00321,718.81,network_error,3,9,0.667,retry,0
CUST_00321,718.81,network_error,3,9,0.667,payment_link,0
CUST_00321,718.81,network_error,3,9,0.667,alt_method,0
CUST_00322,1070.76,insufficient_funds,1,2,0.0,retry,0
CUST_00322,1070.76,insufficient_funds,1,2,0.0,payment_link,0
CUST_00322,1070.76,insufficient_funds,1,2,0.0,alt_method,0
CUST_00323,345.65,card_declined,1,0,1.0,retry,1
CUST_00323,345.65,card_declined,1,0,1.0,payment_link,1
CUST_00323,345.65,card_declined,1,0,1.0,alt_method,0
CUST_00324,3547.19,card_declined,3,4,1.0,retry,0
CUST_00324,3547.19,card_declined,3,4,1.0,payment_link,1
CUST_00324,3547.19,card_declined,3,4,1.0,alt_method,1
CUST_00325,297.43,card_declined,0,2,0.8,retry,1
CUST_00325,297.43,card_declined,0,2,0.8,payment_link,0
CUST_00325,297.43,card_declined,0,2,0.8,alt_method,0
CUST_00326,251.8,insufficient_funds,2,5,1.0,retry,1
CUST_00326,251.8,insufficient_funds,2,5,1.0,payment_link,0
CUST_00326,251.8,insufficient_funds,2,5,1.0,alt_method,1
CUST_00327,1679.9,bank_declined,0,7,1.0,retry,0
CUST_00327,1679.9,bank_declined,0,7,1.0,payment_link,1
CUST_00327,1679.9,bank_declined,0,7,1.0,alt_method,0
CUST_00328,1253.04,insufficient_funds,3,10,0.75,retry,0
CUST_00328,1253.04,insufficient_funds,3,10,0.75,payment_link,0
CUST_00328,1253.04,insufficient_funds,3,10,0.75,alt_method,0
CUST_00329,1095.86,insufficient_funds,1,12,1.0,retry,0
CUST_00329,1095.86,insufficient_funds,1,12,1.0,payment_link,0
CUST_00329,1095.86,insufficient_funds,1,12,1.0,alt_method,0
CUST_00330,1099.57,network_error,2,3,1.0,retry,1
CUST_00330,1099.57,network_error,2,3,1.0,payment_link,0
CUST_00330,1099.57,network_error,2,3,1.0,alt_method,0
CUST_00331,658.66,insufficient_funds,1,4,0.4,retry,0
CUST_00331,658.66,insufficient_funds,1,4,0.4,payment_link,0
CUST_00331,658.66,insufficient_funds,1,4,0.4,alt_method,0
CUST_00332,324.47,network_error,3,4,0.667,retry,0
CUST_00332,324.47,network_error,3,4,0.667,payment_link,0
CUST_00332,324.47,network_error,3,4,0.667,alt_method,0
CUST_00333,706.73,insufficient_funds,0,3,0.286,retry,0
CUST_00333,706.73,insufficient_funds,0,3,0.286,payment_link,0
CUST_00333,706.73,insufficient_funds,0,3,0.286,alt_method,0
CUST_00334,386.94,card_declined,2,3,1.0,retry,0
CUST_00334,386.94,card_declined,2,3,1.0,payment_link,0
CUST_00334,386.94,card_declined,2,3,1.0,alt_method,0
CUST_00335,1451.13,network_error,1,3,0.714,retry,1
CUST_00335,1451.13,network_error,1,3,0.714,payment_link,1
CUST_00335,1451.13,network_error,1,3,0.714,alt_method,0
CUST_00336,591.32,network_error,1,3,1.0,retry,1
CUST_00336,591.32,network_error,1,3,1.0,payment_link,1
CUST_00336,591.32,network_error,1,3,1.0,alt_method,0
CUST_00337,343.64,network_error,1,3,1.0,retry,1
CUST_00337,343.64,network_error,1,3,1.0,payment_link,1
CUST_00337,343.64,network_error,1,3,1.0,alt_method,1
CUST_00338,514.34,card_declined,0,4,0.6,retry,1
CUST_00338,514.34,card_declined,0,4,0.6,payment_link,1
CUST_00338,514.34,card_declined,0,4,0.6,alt_method,0
CUST_00339,925.51,insufficient_funds,2,1,0.8,retry,0
CUST_00339,925.51,insufficient_funds,2,1,0.8,payment_link,0
CUST_00339,925.51,insufficient_funds,2,1,0.8,alt_method,0
CUST_00340,423.7,insufficient_funds,0,1,0.333,retry,0
CUST_00340,423.7,insufficient_funds,0,1,0.333,payment_link,0
CUST_00340,423.7,insufficient_funds,0,1,0.333,alt_method,0
CUST_00341,344.54,bank_declined,0,8,1.0,retry,0
CUST_00341,344.54,bank_declined,0,8,1.0,payment_link,0
CUST_00341,344.54,bank_declined,0,8,1.0,alt_method,0
CUST_00342,808.31,bank_declined,0,1,0.0,retry,0
CUST_00342,808.31,bank_declined,0,1,0.0,payment_link,1
CUST_00342,808.31,bank_declined,0,1,0.0,alt_method,1
CUST_00343,809.14,insufficient_funds,3,5,0.833,retry,0
CUST_00343,809.14,insufficient_funds,3,5,0.833,payment_link,0
CUST_00343,809.14,insufficient_funds,3,5,0.833,alt_method,0
CUST_00344,443.39,bank_declined,3,1,0.167,retry,0
CUST_00344,443.39,bank_declined,3,1,0.167,payment_link,0
CUST_00344,443.39,bank_declined,3,1,0.167,alt_method,0
CUST_00345,456.31,bank_declined,3,4,1.0,retry,0
CUST_00345,456.31,bank_declined,3,4,1.0,payment_link,0
CUST_00345,456.31,bank_declined,3,4,1.0,alt_method,0
CUST_00346,800.82,bank_declined,2,3,0.0,retry,0
CUST_00346,800.82,bank_declined,2,3,0.0,payment_link,0
CUST_00346,800.82,bank_declined,2,3,0.0,alt_method,0
CUST_00347,208.83,network_error,0,11,1.0,retry,1
CUST_00347,208.83,network_error,0,11,1.0,payment_link,0
CUST_00347,208.83,network_error,0,11,1.0,alt_method,1
CUST_00348,215.73,card_declined,0,6,1.0,retry,1
CUST_00348,215.73,card_declined,0,6,1.0,payment_link,1
CUST_00348,215.73,card_declined,0,6,1.0,alt_method,1
CUST_00349,374.37,insufficient_funds,3,14,0.0,retry,0
CUST_00349,374.37,insufficient_funds,3,14,0.0,payment_link,0
CUST_00349,374.37,insufficient_funds,3,14,0.0,alt_method,0
CUST_00350,560.73,network_error,0,6,0.5,retry,1
CUST_00350,560.73,network_error,0,6,0.5,payment_link,0
CUST_00350,560.73,network_error,0,6,0.5,alt_method,1
CUST_00351,852.97,insufficient_funds,0,12,0.8,retry,0
CUST_00351,852.97,insufficient_funds,0,12,0.8,payment_link,0
CUST_00351,852.97,insufficient_funds,0,12,0.8,alt_method,0
CUST_00352,2165.24,network_error,1,5,1.0,retry,1
CUST_00352,2165.24,network_error,1,5,1.0,payment_link,0
CUST_00352,2165.24,network_error,1,5,1.0,alt_method,1
CUST_00353,1320.98,network_error,0,9,0.25,retry,0
CUST_00353,1320.98,network_error,0,9,0.25,payment_link,0
CUST_00353,1320.98,network_error,0,9,0.25,alt_method,0
CUST_00354,585.26,bank_declined,1,4,0.25,retry,0
CUST_00354,585.26,bank_declined,1,4,0.25,payment_link,0
CUST_00354,585.26,bank_declined,1,4,0.25,alt_method,0
CUST_00355,655.1,network_error,0,0,0.667,retry,1
CUST_00355,655.1,network_error,0,0,0.667,payment_link,0
CUST_00355,655.1,network_error,0,0,0.667,alt_method,0
CUST_00356,298.26,insufficient_funds,2,11,0.0,retry,1
CUST_00356,298.26,insufficient_funds,2,11,0.0,payment_link,0
CUST_00356,298.26,insufficient_funds,2,11,0.0,alt_method,0
CUST_00357,655.36,insufficient_funds,3,14,0.0,retry,0
CUST_00357,655.36,insufficient_funds,3,14,0.0,payment_link,0
CUST_00357,655.36,insufficient_funds,3,14,0.0,alt_method,0
CUST_00358,527.99,network_error,1,2,0.0,retry,0
CUST_00358,527.99,network_error,1,2,0.0,payment_link,0
CUST_00358,527.99,network_error,1,2,0.0,alt_method,0
CUST_00359,861.07,card_declined,3,8,0.0,retry,1
CUST_00359,861.07,card_declined,3,8,0.0,payment_link,0
CUST_00359,861.07,card_declined,3,8,0.0,alt_method,0
CUST_00360,343.17,network_error,1,14,0.5,retry,0
CUST_00360,343.17,network_error,1,14,0.5,payment_link,0
CUST_00360,343.17,network_error,1,14,0.5,alt_method,0
CUST_00361,1007.75,insufficient_funds,1,13,0.429,retry,0
CUST_00361,1007.75,insufficient_funds,1,13,0.429,payment_link,1
CUST_00361,1007.75,insufficient_funds,1,13,0.429,alt_method,0
CUST_00362,2266.95,insufficient_funds,1,0,1.0,retry,0
CUST_00362,2266.95,insufficient_funds,1,0,1.0,payment_link,0
CUST_00362,2266.95,insufficient_funds,1,0,1.0,alt_method,0
CUST_00363,609.72,network_error,2,4,0.0,retry,1
CUST_00363,609.72,network_error,2,4,0.0,payment_link,0
CUST_00363,609.72,network_error,2,4,0.0,alt_method,0
CUST_00364,917.24,network_error,0,1,0.0,retry,1
CUST_00364,917.24,network_error,0,1,0.0,payment_link,0
CUST_00364,917.24,network_error,0,1,0.0,alt_method,1
CUST_00365,1155.3,bank_declined,1,3,0.667,retry,0
CUST_00365,1155.3,bank_declined,1,3,0.667,payment_link,0
CUST_00365,1155.3,bank_declined,1,3,0.667,alt_method,0
CUST_00366,482.52,card_declined,2,13,1.0,retry,1
CUST_00366,482.52,card_declined,2,13,1.0,payment_link,1
CUST_00366,482.52,card_declined,2,13,1.0,alt_method,0
CUST_00367,795.74,network_error,1,13,0.0,retry,1
CUST_00367,795.74,network_error,1,13,0.0,payment_link,0
CUST_00367,795.74,network_error,1,13,0.0,alt_method,0
CUST_00368,671.88,bank_declined,0,10,0.833,retry,0
CUST_00368,671.88,bank_declined,0,10,0.833,payment_link,0
CUST_00368,671.88,bank_declined,0,10,0.833,alt_method,1
CUST_00369,719.2,bank_declined,1,0,0.833,retry,0
CUST_00369,719.2,bank_declined,1,0,0.833,payment_link,0
CUST_00369,719.2,bank_declined,1,0,0.833,alt_method,0
CUST_00370,358.38,bank_declined,2,2,0.5,retry,0
CUST_00370,358.38,bank_declined,2,2,0.5,payment_link,0
CUST_00370,358.38,bank_declined,2,2,0.5,alt_method,0
CUST_00371,678.31,insufficient_funds,0,9,1.0,retry,1
CUST_00371,678.31,insufficient_funds,0,9,1.0,payment_link,0
CUST_00371,678.31,insufficient_funds,0,9,1.0,alt_method,0
CUST_00372,990.69,insufficient_funds,2,6,0.5,retry,0
CUST_00372,990.69,insufficient_funds,2,6,0.5,payment_link,0
CUST_00372,990.69,insufficient_funds,2,6,0.5,alt_method,0
CUST_00373,2123.7,insufficient_funds,0,9,1.0,retry,0
CUST_00373,2123.7,insufficient_funds,0,9,1.0,payment_link,0
CUST_00373,2123.7,insufficient_funds,0,9,1.0,alt_method,1
CUST_00374,1432.84,bank_declined,0,14,1.0,retry,0
CUST_00374,1432.84,bank_declined,0,14,1.0,payment_link,1
CUST_00374,1432.84,bank_declined,0,14,1.0,alt_method,1
CUST_00375,3723.97,bank_declined,3,2,1.0,retry,0
CUST_00375,3723.97,bank_declined,3,2,1.0,payment_link,0
CUST_00375,3723.97,bank_declined,3,2,1.0,alt_method,0
CUST_00376,360.01,network_error,3,3,1.0,retry,1
CUST_00376,360.01,network_error,3,3,1.0,payment_link,1
CUST_00376,360.01,network_error,3,3,1.0,alt_method,0
CUST_00377,1336.56,insufficient_funds,3,1,0.6,retry,0
CUST_00377,1336.56,insufficient_funds,3,1,0.6,payment_link,0
CUST_00377,1336.56,insufficient_funds,3,1,0.6,alt_method,0
CUST_00378,770.22,card_declined,0,2,1.0,retry,1
CUST_00378,770.22,card_declined,0,2,1.0,payment_link,0
CUST_00378,770.22,card_declined,0,2,1.0,alt_method,0
CUST_00379,3834.68,bank_declined,1,8,0.6,retry,0
CUST_00379,3834.68,bank_declined,1,8,0.6,payment_link,0
CUST_00379,3834.68,bank_declined,1,8,0.6,alt_method,0
CUST_00380,348.4,card_declined,2,2,0.286,retry,1
CUST_00380,348.4,card_declined,2,2,0.286,payment_link,0
CUST_00380,348.4,card_declined,2,2,0.286,alt_method,0
CUST_00381,339.75,bank_declined,2,10,0.6,retry,0
CUST_00381,339.75,bank_declined,2,10,0.6,payment_link,0
CUST_00381,339.75,bank_declined,2,10,0.6,alt_method,0
CUST_00382,411.78,insufficient_funds,2,4,0.25,retry,0
CUST_00382,411.78,insufficient_funds,2,4,0.25,payment_link,0
CUST_00382,411.78,insufficient_funds,2,4,0.25,alt_method,0
CUST_00383,121.62,insufficient_funds,3,1,1.0,retry,1
CUST_00383,121.62,insufficient_funds,3,1,1.0,payment_link,0
CUST_00383,121.62,insufficient_funds,3,1,1.0,alt_method,0
CUST_00384,436.77,bank_declined,0,3,0.833,retry,0
CUST_00384,436.77,bank_declined,0,3,0.833,payment_link,0
CUST_00384,436.77,bank_declined,0,3,0.833,alt_method,0
CUST_00385,362.38,network_error,3,11,0.4,retry,0
CUST_00385,362.38,network_error,3,11,0.4,payment_link,0
CUST_00385,362.38,network_error,3,11,0.4,alt_method,1
CUST_00386,750.18,insufficient_funds,1,12,1.0,retry,1
CUST_00386,750.18,insufficient_funds,1,12,1.0,payment_link,0
CUST_00386,750.18,insufficient_funds,1,12,1.0,alt_method,1
CUST_00387,874.28,bank_declined,0,6,0.667,retry,1
CUST_00387,874.28,bank_declined,0,6,0.667,payment_link,0
CUST_00387,874.28,bank_declined,0,6,0.667,alt_method,0
CUST_00388,2983.75,network_error,2,13,1.0,retry,1
CUST_00388,2983.75,network_error,2,13,1.0,payment_link,0
CUST_00388,2983.75,network_error,2,13,1.0,alt_method,0
CUST_00389,1422.74,bank_declined,3,6,0.667,retry,0
CUST_00389,1422.74,bank_declined,3,6,0.667,payment_link,0
CUST_00389,1422.74,bank_declined,3,6,0.667,alt_method,0
CUST_00390,419.25,insufficient_funds,3,11,0.333,retry,0
CUST_00390,419.25,insufficient_funds,3,11,0.333,payment_link,0
CUST_00390,419.25,insufficient_funds,3,11,0.333,alt_method,0
CUST_00391,324.17,card_declined,1,2,1.0,retry,0
CUST_00391,324.17,card_declined,1,2,1.0,payment_link,0
CUST_00391,324.17,card_declined,1,2,1.0,alt_method,1
CUST_00392,985.88,network_error,1,4,0.4,retry,0
CUST_00392,985.88,network_error,1,4,0.4,payment_link,0
CUST_00392,985.88,network_error,1,4,0.4,alt_method,1
CUST_00393,231.32,network_error,3,0,0.333,retry,0
CUST_00393,231.32,network_error,3,0,0.333,payment_link,0
CUST_00393,231.32,network_error,3,0,0.333,alt_method,0
CUST_00394,2878.91,bank_declined,1,9,1.0,retry,0
CUST_00394,2878.91,bank_declined,1,9,1.0,payment_link,0
CUST_00394,2878.91,bank_declined,1,9,1.0,alt_method,0
CUST_00395,1708.81,network_error,2,9,0.75,retry,1
CUST_00395,1708.81,network_error,2,9,0.75,payment_link,0
CUST_00395,1708.81,network_error,2,9,0.75,alt_method,0
CUST_00396,456.99,bank_declined,1,9,0.6,retry,1
CUST_00396,456.99,bank_declined,1,9,0.6,payment_link,0
CUST_00396,456.99,bank_declined,1,9,0.6,alt_method,0
CUST_00397,168.93,bank_declined,1,10,0.0,retry,0
CUST_00397,168.93,bank_declined,1,10,0.0,payment_link,0
CUST_00397,168.93,bank_declined,1,10,0.0,alt_method,0
CUST_00398,1964.71,network_error,3,0,1.0,retry,1
CUST_00398,1964.71,network_error,3,0,1.0,payment_link,0
CUST_00398,1964.71,network_error,3,0,1.0,alt_method,0
CUST_00399,606.9,insufficient_funds,3,4,1.0,retry,0
CUST_00399,606.9,insufficient_funds,3,4,1.0,payment_link,0
CUST_00399,606.9,insufficient_funds,3,4,1.0,alt_method,0
CUST_00400,1790.51,insufficient_funds,0,12,0.0,retry,0
CUST_00400,1790.51,insufficient_funds,0,12,0.0,payment_link,0
CUST_00400,1790.51,insufficient_funds,0,12,0.0,alt_method,0
CUST_00401,185.76,insufficient_funds,0,9,0.0,retry,0
CUST_00401,185.76,insufficient_funds,0,9,0.0,payment_link,0
CUST_00401,185.76,insufficient_funds,0,9,0.0,alt_method,0
CUST_00402,411.78,card_declined,3,8,1.0,retry,0
CUST_00402,411.78,card_declined,3,8,1.0,payment_link,0
CUST_00402,411.78,card_declined,3,8,1.0,alt_method,1
CUST_00403,667.94,bank_declined,1,0,0.833,retry,1
CUST_00403,667.94,bank_declined,1,0,0.833,payment_link,1
CUST_00403,667.94,bank_declined,1,0,0.833,alt_method,0
CUST_00404,690.62,bank_declined,1,0,0.0,retry,1
CUST_00404,690.62,bank_declined,1,0,0.0,payment_link,0
CUST_00404,690.62,bank_declined,1,0,0.0,alt_method,0
CUST_00405,464.03,bank_declined,0,3,0.833,retry,1
CUST_00405,464.03,bank_declined,0,3,0.833,payment_link,1
CUST_00405,464.03,bank_declined,0,3,0.833,alt_method,0
CUST_00406,1094.75,insufficient_funds,0,3,0.667,retry,1
CUST_00406,1094.75,insufficient_funds,0,3,0.667,payment_link,0
CUST_00406,1094.75,insufficient_funds,0,3,0.667,alt_method,1
CUST_00407,283.13,card_declined,0,1,0.857,retry,0
CUST_00407,283.13,card_declined,0,1,0.857,payment_link,0
CUST_00407,283.13,card_declined,0,1,0.857,alt_method,1
CUST_00408,593.54,bank_declined,2,8,0.5,retry,0
CUST_00408,593.54,bank_declined,2,8,0.5,payment_link,0
CUST_00408,593.54,bank_declined,2,8,0.5,alt_method,0
CUST_00409,732.33,bank_declined,2,13,0.714,retry,0
CUST_00409,732.33,bank_declined,2,13,0.714,payment_link,0
CUST_00409,732.33,bank_declined,2,13,0.714,alt_method,0
CUST_00410,1003.8,card_declined,0,8,0.25,retry,0
CUST_00410,1003.8,card_declined,0,8,0.25,payment_link,0
CUST_00410,1003.8,card_declined,0,8,0.25,alt_method,0
CUST_00411,1175.32,network_error,1,12,0.6,retry,0
CUST_00411,1175.32,network_error,1,12,0.6,payment_link,0
CUST_00411,1175.32,network_error,1,12,0.6,alt_method,0
CUST_00412,270.5,bank_declined,0,12,0.6,retry,0
CUST_00412,270.5,bank_declined,0,12,0.6,payment_link,0
CUST_00412,270.5,bank_declined,0,12,0.6,alt_method,1
CUST_00413,194.94,network_error,2,1,0.667,retry,0
CUST_00413,194.94,network_error,2,1,0.667,payment_link,0
CUST_00413,194.94,network_error,2,1,0.667,alt_method,1
CUST_00414,1848.52,insufficient_funds,1,13,0.833,retry,0
CUST_00414,1848.52,insufficient_funds,1,13,0.833,payment_link,0
CUST_00414,1848.52,insufficient_funds,1,13,0.833,alt_method,0
CUST_00415,867.7,insufficient_funds,2,8,0.75,retry,0
CUST_00415,867.7,insufficient_funds,2,8,0.75,payment_link,0
CUST_00415,867.7,insufficient_funds,2,8,0.75,alt_method,0
CUST_00416,365.48,card_declined,1,14,1.0,retry,1
CUST_00416,365.48,card_declined,1,14,1.0,payment_link,1
CUST_00416,365.48,card_declined,1,14,1.0,alt_method,0
CUST_00417,2300.59,card_declined,2,5,0.714,retry,0
CUST_00417,2300.59,card_declined,2,5,0.714,payment_link,0
CUST_00417,2300.59,card_declined,2,5,0.714,alt_method,0
CUST_00418,729.63,bank_declined,1,7,0.571,retry,0
CUST_00418,729.63,bank_declined,1,7,0.571,payment_link,0
CUST_00418,729.63,bank_declined,1,7,0.571,alt_method,0
CUST_00419,1708.61,bank_declined,1,9,1.0,retry,0
CUST_00419,1708.61,bank_declined,1,9,1.0,payment_link,0
CUST_00419,1708.61,bank_declined,1,9,1.0,alt_method,0
CUST_00420,702.06,insufficient_funds,1,12,0.667,retry,1
CUST_00420,702.06,insufficient_funds,1,12,0.667,payment_link,0
CUST_00420,702.06,insufficient_funds,1,12,0.667,alt_method,0
CUST_00421,3458.53,card_declined,1,14,0.4,retry,0
CUST_00421,3458.53,card_declined,1,14,0.4,payment_link,0
CUST_00421,3458.53,card_declined,1,14,0.4,alt_method,1
CUST_00422,2708.83,insufficient_funds,3,12,0.333,retry,0
CUST_00422,2708.83,insufficient_funds,3,12,0.333,payment_link,0
CUST_00422,2708.83,insufficient_funds,3,12,0.333,alt_method,0
CUST_00423,545.02,insufficient_funds,2,3,1.0,retry,0
CUST_00423,545.02,insufficient_funds,2,3,1.0,payment_link,0
CUST_00423,545.02,insufficient_funds,2,3,1.0,alt_method,0
CUST_00424,1447.01,network_error,2,1,0.667,retry,0
CUST_00424,1447.01,network_error,2,1,0.667,payment_link,0
CUST_00424,1447.01,network_error,2,1,0.667,alt_method,0
CUST_00425,1114.66,bank_declined,3,1,0.143,retry,0
CUST_00425,1114.66,bank_declined,3,1,0.143,payment_link,0
CUST_00425,1114.66,bank_declined,3,1,0.143,alt_method,0
CUST_00426,1988.04,bank_declined,1,8,0.0,retry,0
CUST_00426,1988.04,bank_declined,1,8,0.0,payment_link,0
CUST_00426,1988.04,bank_declined,1,8,0.0,alt_method,0
CUST_00427,307.37,insufficient_funds,1,0,0.667,retry,1
CUST_00427,307.37,insufficient_funds,1,0,0.667,payment_link,0
CUST_00427,307.37,insufficient_funds,1,0,0.667,alt_method,1
CUST_00428,1151.52,network_error,2,11,1.0,retry,0
CUST_00428,1151.52,network_error,2,11,1.0,payment_link,0
CUST_00428,1151.52,network_error,2,11,1.0,alt_method,0
CUST_00429,1551.13,bank_declined,3,6,1.0,retry,0
CUST_00429,1551.13,bank_declined,3,6,1.0,payment_link,0
CUST_00429,1551.13,bank_declined,3,6,1.0,alt_method,1
CUST_00430,162.88,network_error,1,10,0.333,retry,0
CUST_00430,162.88,network_error,1,10,0.333,payment_link,0
CUST_00430,162.88,network_error,1,10,0.333,alt_method,0
CUST_00431,258.11,bank_declined,1,13,0.714,retry,0
CUST_00431,258.11,bank_declined,1,13,0.714,payment_link,0
CUST_00431,258.11,bank_declined,1,13,0.714,alt_method,0
CUST_00432,130.14,card_declined,1,2,1.0,retry,0
CUST_00432,130.14,card_declined,1,2,1.0,payment_link,1
CUST_00432,130.14,card_declined,1,2,1.0,alt_method,0
CUST_00433,536.18,insufficient_funds,0,2,0.5,retry,1
CUST_00433,536.18,insufficient_funds,0,2,0.5,payment_link,1
CUST_00433,536.18,insufficient_funds,0,2,0.5,alt_method,1
CUST_00434,1180.9,network_error,3,1,1.0,retry,0
CUST_00434,1180.9,network_error,3,1,1.0,payment_link,0
CUST_00434,1180.9,network_error,3,1,1.0,alt_method,0
CUST_00435,2212.52,bank_declined,1,13,0.667,retry,0
CUST_00435,2212.52,bank_declined,1,13,0.667,payment_link,0
CUST_00435,2212.52,bank_declined,1,13,0.667,alt_method,0
CUST_00436,705.76,bank_declined,0,9,0.571,retry,1
CUST_00436,705.76,bank_declined,0,9,0.571,payment_link,0
CUST_00436,705.76,bank_declined,0,9,0.571,alt_method,0
CUST_00437,2447.67,insufficient_funds,3,5,1.0,retry,0
CUST_00437,2447.67,insufficient_funds,3,5,1.0,payment_link,0
CUST_00437,2447.67,insufficient_funds,3,5,1.0,alt_method,1
CUST_00438,220.5,card_declined,1,12,1.0,retry,0
CUST_00438,220.5,card_declined,1,12,1.0,payment_link,1
CUST_00438,220.5,card_declined,1,12,1.0,alt_method,0
CUST_00439,170.25,network_error,2,9,0.0,retry,0
CUST_00439,170.25,network_error,2,9,0.0,payment_link,0
CUST_00439,170.25,network_error,2,9,0.0,alt_method,0
CUST_00440,636.23,insufficient_funds,0,1,0.25,retry,1
CUST_00440,636.23,insufficient_funds,0,1,0.25,payment_link,0
CUST_00440,636.23,insufficient_funds,0,1,0.25,alt_method,0
CUST_00441,904.38,bank_declined,0,9,0.571,retry,0
CUST_00441,904.38,bank_declined,0,9,0.571,payment_link,0
CUST_00441,904.38,bank_declined,0,9,0.571,alt_method,0
CUST_00442,647.97,card_declined,1,14,0.857,retry,1
CUST_00442,647.97,card_declined,1,14,0.857,payment_link,1
CUST_00442,647.97,card_declined,1,14,0.857,alt_method,1
CUST_00443,127.24,network_error,1,3,0.4,retry,0
CUST_00443,127.24,network_error,1,3,0.4,payment_link,1
CUST_00443,127.24,network_error,1,3,0.4,alt_method,1
CUST_00444,619.37,bank_declined,0,9,0.0,retry,0
CUST_00444,619.37,bank_declined,0,9,0.0,payment_link,0
CUST_00444,619.37,bank_declined,0,9,0.0,alt_method,0
CUST_00445,234.26,insufficient_funds,2,8,0.5,retry,0
CUST_00445,234.26,insufficient_funds,2,8,0.5,payment_link,0
CUST_00445,234.26,insufficient_funds,2,8,0.5,alt_method,0
CUST_00446,1136.53,insufficient_funds,2,8,0.5,retry,0
CUST_00446,1136.53,insufficient_funds,2,8,0.5,payment_link,0
CUST_00446,1136.53,insufficient_funds,2,8,0.5,alt_method,1
CUST_00447,891.83,network_error,3,5,1.0,retry,0
CUST_00447,891.83,network_error,3,5,1.0,payment_link,0
CUST_00447,891.83,network_error,3,5,1.0,alt_method,0
CUST_00448,313.59,card_declined,1,12,0.25,retry,0
CUST_00448,313.59,card_declined,1,12,0.25,payment_link,0
CUST_00448,313.59,card_declined,1,12,0.25,alt_method,0
CUST_00449,440.94,network_error,2,3,0.6,retry,1
CUST_00449,440.94,network_error,2,3,0.6,payment_link,0
CUST_00449,440.94,network_error,2,3,0.6,alt_method,1
CUST_00450,285.04,insufficient_funds,3,6,1.0,retry,0
CUST_00450,285.04,insufficient_funds,3,6,1.0,payment_link,1
CUST_00450,285.04,insufficient_funds,3,6,1.0,alt_method,0
CUST_00451,632.61,network_error,2,13,0.0,retry,0
CUST_00451,632.61,network_error,2,13,0.0,payment_link,0
CUST_00451,632.61,network_error,2,13,0.0,alt_method,0
CUST_00452,1428.12,card_declined,1,0,0.8,retry,0
CUST_00452,1428.12,card_declined,1,0,0.8,payment_link,1
CUST_00452,1428.12,card_declined,1,0,0.8,alt_method,0
CUST_00453,302.3,bank_declined,3,11,1.0,retry,0
CUST_00453,302.3,bank_declined,3,11,1.0,payment_link,0
CUST_00453,302.3,bank_declined,3,11,1.0,alt_method,0
CUST_00454,995.49,bank_declined,3,3,0.6,retry,0
CUST_00454,995.49,bank_declined,3,3,0.6,payment_link,0
CUST_00454,995.49,bank_declined,3,3,0.6,alt_method,1
CUST_00455,435.19,network_error,3,4,1.0,retry,1
CUST_00455,435.19,network_error,3,4,1.0,payment_link,1
CUST_00455,435.19,network_error,3,4,1.0,alt_method,0
CUST_00456,352.73,bank_declined,2,7,0.0,retry,0
CUST_00456,352.73,bank_declined,2,7,0.0,payment_link,0
CUST_00456,352.73,bank_declined,2,7,0.0,alt_method,0
CUST_00457,610.56,insufficient_funds,1,11,0.667,retry,0
CUST_00457,610.56,insufficient_funds,1,11,0.667,payment_link,0
CUST_00457,610.56,insufficient_funds,1,11,0.667,alt_method,0
CUST_00458,290.56,bank_declined,3,1,0.0,retry,0
CUST_00458,290.56,bank_declined,3,1,0.0,payment_link,0
CUST_00458,290.56,bank_declined,3,1,0.0,alt_method,0
CUST_00459,427.13,card_declined,0,11,0.5,retry,0
CUST_00459,427.13,card_declined,0,11,0.5,payment_link,1
CUST_00459,427.13,card_declined,0,11,0.5,alt_method,0
CUST_00460,255.11,network_error,1,4,0.5,retry,1
CUST_00460,255.11,network_error,1,4,0.5,payment_link,1
CUST_00460,255.11,network_error,1,4,0.5,alt_method,0
CUST_00461,3202.8,bank_declined,0,5,1.0,retry,1
CUST_00461,3202.8,bank_declined,0,5,1.0,payment_link,1
CUST_00461,3202.8,bank_declined,0,5,1.0,alt_method,0
CUST_00462,684.17,network_error,0,4,0.5,retry,1
CUST_00462,684.17,network_error,0,4,0.5,payment_link,1
CUST_00462,684.17,network_error,0,4,0.5,alt_method,0
CUST_00463,380.02,insufficient_funds,3,14,0.75,retry,0
CUST_00463,380.02,insufficient_funds,3,14,0.75,payment_link,0
CUST_00463,380.02,insufficient_funds,3,14,0.75,alt_method,0
CUST_00464,789.33,network_error,3,12,0.8,retry,0
CUST_00464,789.33,network_error,3,12,0.8,payment_link,0
CUST_00464,789.33,network_error,3,12,0.8,alt_method,0
CUST_00465,607.98,insufficient_funds,2,8,0.0,retry,0
CUST_00465,607.98,insufficient_funds,2,8,0.0,payment_link,0
CUST_00465,607.98,insufficient_funds,2,8,0.0,alt_method,0
CUST_00466,557.37,insufficient_funds,2,9,1.0,retry,0
CUST_00466,557.37,insufficient_funds,2,9,1.0,payment_link,1
CUST_00466,557.37,insufficient_funds,2,9,1.0,alt_method,1
CUST_00467,1087.17,bank_declined,2,0,1.0,retry,1
CUST_00467,1087.17,bank_declined,2,0,1.0,payment_link,0
CUST_00467,1087.17,bank_declined,2,0,1.0,alt_method,0
CUST_00468,1219.27,insufficient_funds,1,13,0.5,retry,0
CUST_00468,1219.27,insufficient_funds,1,13,0.5,payment_link,0
CUST_00468,1219.27,insufficient_funds,1,13,0.5,alt_method,1
CUST_00469,435.11,bank_declined,2,2,0.714,retry,0
CUST_00469,435.11,bank_declined,2,2,0.714,payment_link,0
CUST_00469,435.11,bank_declined,2,2,0.714,alt_method,0
CUST_00470,419.62,insufficient_funds,0,13,1.0,retry,0
CUST_00470,419.62,insufficient_funds,0,13,1.0,payment_link,0
CUST_00470,419.62,insufficient_funds,0,13,1.0,alt_method,1
CUST_00471,533.77,network_error,2,1,0.0,retry,0
CUST_00471,533.77,network_error,2,1,0.0,payment_link,0
CUST_00471,533.77,network_error,2,1,0.0,alt_method,0
CUST_00472,105.47,bank_declined,3,11,0.667,retry,0
CUST_00472,105.47,bank_declined,3,11,0.667,payment_link,0
CUST_00472,105.47,bank_declined,3,11,0.667,alt_method,0
CUST_00473,197.92,network_error,2,12,0.5,retry,1
CUST_00473,197.92,network_error,2,12,0.5,payment_link,0
CUST_00473,197.92,network_error,2,12,0.5,alt_method,0
CUST_00474,1985.25,insufficient_funds,1,2,0.429,retry,0
CUST_00474,1985.25,insufficient_funds,1,2,0.429,payment_link,0
CUST_00474,1985.25,insufficient_funds,1,2,0.429,alt_method,0
CUST_00475,2479.9,bank_declined,1,9,0.333,retry,0
CUST_00475,2479.9,bank_declined,1,9,0.333,payment_link,0
CUST_00475,2479.9,bank_declined,1,9,0.333,alt_method,0
CUST_00476,544.99,insufficient_funds,0,8,0.5,retry,0
CUST_00476,544.99,insufficient_funds,0,8,0.5,payment_link,1
CUST_00476,544.99,insufficient_funds,0,8,0.5,alt_method,1
CUST_00477,1054.95,network_error,1,12,0.5,retry,1
CUST_00477,1054.95,network_error,1,12,0.5,payment_link,0
CUST_00477,1054.95,network_error,1,12,0.5,alt_method,0
CUST_00478,853.21,insufficient_funds,2,13,0.5,retry,0
CUST_00478,853.21,insufficient_funds,2,13,0.5,payment_link,0
CUST_00478,853.21,insufficient_funds,2,13,0.5,alt_method,0
CUST_00479,7809.57,card_declined,3,8,1.0,retry,0
CUST_00479,7809.57,card_declined,3,8,1.0,payment_link,1
CUST_00479,7809.57,card_declined,3,8,1.0,alt_method,0
CUST_00480,1628.9,bank_declined,1,9,1.0,retry,0
CUST_00480,1628.9,bank_declined,1,9,1.0,payment_link,0
CUST_00480,1628.9,bank_declined,1,9,1.0,alt_method,1
CUST_00481,600.44,bank_declined,0,1,0.667,retry,0
CUST_00481,600.44,bank_declined,0,1,0.667,payment_link,1
CUST_00481,600.44,bank_declined,0,1,0.667,alt_method,0
CUST_00482,309.69,bank_declined,2,13,0.5,retry,0
CUST_00482,309.69,bank_declined,2,13,0.5,payment_link,1
CUST_00482,309.69,bank_declined,2,13,0.5,alt_method,0
CUST_00483,183.98,network_error,0,2,1.0,retry,0
CUST_00483,183.98,network_error,0,2,1.0,payment_link,1
CUST_00483,183.98,network_error,0,2,1.0,alt_method,0
CUST_00484,782.72,insufficient_funds,1,13,0.6,retry,0
CUST_00484,782.72,insufficient_funds,1,13,0.6,payment_link,0
CUST_00484,782.72,insufficient_funds,1,13,0.6,alt_method,0
CUST_00485,363.19,bank_declined,1,3,1.0,retry,0
CUST_00485,363.19,bank_declined,1,3,1.0,payment_link,0
CUST_00485,363.19,bank_declined,1,3,1.0,alt_method,1
CUST_00486,213.19,network_error,0,8,0.667,retry,0
CUST_00486,213.19,network_error,0,8,0.667,payment_link,0
CUST_00486,213.19,network_error,0,8,0.667,alt_method,1
CUST_00487,396.53,network_error,2,2,0.8,retry,1
CUST_00487,396.53,network_error,2,2,0.8,payment_link,0
CUST_00487,396.53,network_error,2,2,0.8,alt_method,1
CUST_00488,279.99,network_error,1,12,0.5,retry,0
CUST_00488,279.99,network_error,1,12,0.5,payment_link,1
CUST_00488,279.99,network_error,1,12,0.5,alt_method,0
CUST_00489,2565.0,insufficient_funds,3,6,0.75,retry,0
CUST_00489,2565.0,insufficient_funds,3,6,0.75,payment_link,0
CUST_00489,2565.0,insufficient_funds,3,6,0.75,alt_method,0
CUST_00490,1346.56,card_declined,1,11,0.571,retry,0
CUST_00490,1346.56,card_declined,1,11,0.571,payment_link,0
CUST_00490,1346.56,card_declined,1,11,0.571,alt_method,0
CUST_00491,660.91,network_error,2,2,0.5,retry,0
CUST_00491,660.91,network_error,2,2,0.5,payment_link,1
CUST_00491,660.91,network_error,2,2,0.5,alt_method,0
CUST_00492,2173.2,insufficient_funds,1,6,1.0,retry,1
CUST_00492,2173.2,insufficient_funds,1,6,1.0,payment_link,1
CUST_00492,2173.2,insufficient_funds,1,6,1.0,alt_method,1
CUST_00493,707.61,network_error,0,6,0.0,retry,1
CUST_00493,707.61,network_error,0,6,0.0,payment_link,1
CUST_00493,707.61,network_error,0,6,0.0,alt_method,0
CUST_00494,333.94,card_declined,1,8,0.667,retry,0
CUST_00494,333.94,card_declined,1,8,0.667,payment_link,0
CUST_00494,333.94,card_declined,1,8,0.667,alt_method,1
CUST_00495,2249.58,network_error,1,1,0.857,retry,1
CUST_00495,2249.58,network_error,1,1,0.857,payment_link,0
CUST_00495,2249.58,network_error,1,1,0.857,alt_method,0
CUST_00496,1023.65,insufficient_funds,2,12,1.0,retry,0
CUST_00496,1023.65,insufficient_funds,2,12,1.0,payment_link,0
CUST_00496,1023.65,insufficient_funds,2,12,1.0,alt_method,1
CUST_00497,290.09,bank_declined,0,5,0.0,retry,0
CUST_00497,290.09,bank_declined,0,5,0.0,payment_link,0
CUST_00497,290.09,bank_declined,0,5,0.0,alt_method,0
CUST_00498,571.19,bank_declined,2,8,1.0,retry,0
CUST_00498,571.19,bank_declined,2,8,1.0,payment_link,0
CUST_00498,571.19,bank_declined,2,8,1.0,alt_method,0
CUST_00499,330.14,insufficient_funds,1,11,1.0,retry,1
CUST_00499,330.14,insufficient_funds,1,11,1.0,payment_link,0
CUST_00499,330.14,insufficient_funds,1,11,1.0,alt_method,0
CUST_00500,220.03,insufficient_funds,3,14,0.0,retry,0
CUST_00500,220.03,insufficient_funds,3,14,0.0,payment_link,0
CUST_00500,220.03,insufficient_funds,3,14,0.0,alt_method,0
CUST_00501,1395.41,insufficient_funds,1,11,1.0,retry,0
CUST_00501,1395.41,insufficient_funds,1,11,1.0,payment_link,0
CUST_00501,1395.41,insufficient_funds,1,11,1.0,alt_method,0
CUST_00502,3064.17,network_error,2,14,0.714,retry,1
CUST_00502,3064.17,network_error,2,14,0.714,payment_link,1
CUST_00502,3064.17,network_error,2,14,0.714,alt_method,0
CUST_00503,217.27,network_error,3,1,0.6,retry,0
CUST_00503,217.27,network_error,3,1,0.6,payment_link,1
CUST_00503,217.27,network_error,3,1,0.6,alt_method,0
CUST_00504,1043.54,insufficient_funds,2,1,0.333,retry,0
CUST_00504,1043.54,insufficient_funds,2,1,0.333,payment_link,0
CUST_00504,1043.54,insufficient_funds,2,1,0.333,alt_method,0
CUST_00505,395.24,network_error,2,12,1.0,retry,1
CUST_00505,395.24,network_error,2,12,1.0,payment_link,0
CUST_00505,395.24,network_error,2,12,1.0,alt_method,1
CUST_00506,450.47,network_error,0,13,0.429,retry,1
CUST_00506,450.47,network_error,0,13,0.429,payment_link,0
CUST_00506,450.47,network_error,0,13,0.429,alt_method,1
CUST_00507,414.09,bank_declined,3,4,1.0,retry,0
CUST_00507,414.09,bank_declined,3,4,1.0,payment_link,1
CUST_00507,414.09,bank_declined,3,4,1.0,alt_method,0
CUST_00508,333.22,card_declined,1,9,0.667,retry,1
CUST_00508,333.22,card_declined,1,9,0.667,payment_link,1
CUST_00508,333.22,card_declined,1,9,0.667,alt_method,0
CUST_00509,691.47,bank_declined,2,9,1.0,retry,0
CUST_00509,691.47,bank_declined,2,9,1.0,payment_link,0
CUST_00509,691.47,bank_declined,2,9,1.0,alt_method,0
CUST_00510,342.15,network_error,1,11,1.0,retry,0
CUST_00510,342.15,network_error,1,11,1.0,payment_link,0
CUST_00510,342.15,network_error,1,11,1.0,alt_method,0
CUST_00511,825.81,network_error,0,9,0.667,retry,0
CUST_00511,825.81,network_error,0,9,0.667,payment_link,0
CUST_00511,825.81,network_error,0,9,0.667,alt_method,1
CUST_00512,638.94,card_declined,0,7,1.0,retry,1
CUST_00512,638.94,card_declined,0,7,1.0,payment_link,1
CUST_00512,638.94,card_declined,0,7,1.0,alt_method,0
CUST_00513,549.41,network_error,3,10,1.0,retry,0
CUST_00513,549.41,network_error,3,10,1.0,payment_link,0
CUST_00513,549.41,network_error,3,10,1.0,alt_method,0
CUST_00514,321.81,network_error,0,14,1.0,retry,0
CUST_00514,321.81,network_error,0,14,1.0,payment_link,0
CUST_00514,321.81,network_error,0,14,1.0,alt_method,1
CUST_00515,419.3,insufficient_funds,0,8,0.667,retry,1
CUST_00515,419.3,insufficient_funds,0,8,0.667,payment_link,0
CUST_00515,419.3,insufficient_funds,0,8,0.667,alt_method,1
CUST_00516,1217.21,bank_declined,1,1,1.0,retry,0
CUST_00516,1217.21,bank_declined,1,1,1.0,payment_link,0
CUST_00516,1217.21,bank_declined,1,1,1.0,alt_method,0
CUST_00517,993.0,bank_declined,0,4,0.0,retry,0
CUST_00517,993.0,bank_declined,0,4,0.0,payment_link,0
CUST_00517,993.0,bank_declined,0,4,0.0,alt_method,0
CUST_00518,304.28,network_error,0,13,0.667,retry,1
CUST_00518,304.28,network_error,0,13,0.667,payment_link,1
CUST_00518,304.28,network_error,0,13,0.667,alt_method,0
CUST_00519,720.15,network_error,2,6,0.5,retry,0
CUST_00519,720.15,network_error,2,6,0.5,payment_link,0
CUST_00519,720.15,network_error,2,6,0.5,alt_method,0
CUST_00520,1213.31,card_declined,0,14,0.8,retry,0
CUST_00520,1213.31,card_declined,0,14,0.8,payment_link,1
CUST_00520,1213.31,card_declined,0,14,0.8,alt_method,1
CUST_00521,174.95,network_error,2,5,0.5,retry,0
CUST_00521,174.95,network_error,2,5,0.5,payment_link,0
CUST_00521,174.95,network_error,2,5,0.5,alt_method,0
CUST_00522,1027.3,bank_declined,0,5,0.6,retry,0
CUST_00522,1027.3,bank_declined,0,5,0.6,payment_link,0
CUST_00522,1027.3,bank_declined,0,5,0.6,alt_method,0
CUST_00523,391.47,bank_declined,0,6,1.0,retry,0
CUST_00523,391.47,bank_declined,0,6,1.0,payment_link,0
CUST_00523,391.47,bank_declined,0,6,1.0,alt_method,0
CUST_00524,1049.93,bank_declined,3,2,1.0,retry,0
CUST_00524,1049.93,bank_declined,3,2,1.0,payment_link,0
CUST_00524,1049.93,bank_declined,3,2,1.0,alt_method,0
CUST_00525,361.19,insufficient_funds,3,12,0.667,retry,0
CUST_00525,361.19,insufficient_funds,3,12,0.667,payment_link,0
CUST_00525,361.19,insufficient_funds,3,12,0.667,alt_method,1
CUST_00526,156.98,network_error,2,2,0.2,retry,0
CUST_00526,156.98,network_error,2,2,0.2,payment_link,0
CUST_00526,156.98,network_error,2,2,0.2,alt_method,0
CUST_00527,180.9,insufficient_funds,0,9,0.857,retry,1
CUST_00527,180.9,insufficient_funds,0,9,0.857,payment_link,0
CUST_00527,180.9,insufficient_funds,0,9,0.857,alt_method,1
CUST_00528,691.23,card_declined,1,8,0.167,retry,0
CUST_00528,691.23,card_declined,1,8,0.167,payment_link,0
CUST_00528,691.23,card_declined,1,8,0.167,alt_method,0
CUST_00529,818.75,card_declined,3,13,0.667,retry,1
CUST_00529,818.75,card_declined,3,13,0.667,payment_link,0
CUST_00529,818.75,card_declined,3,13,0.667,alt_method,0
CUST_00530,322.64,network_error,1,7,0.75,retry,1
CUST_00530,322.64,network_error,1,7,0.75,payment_link,0
CUST_00530,322.64,network_error,1,7,0.75,alt_method,0
CUST_00531,1108.62,network_error,3,4,1.0,retry,0
CUST_00531,1108.62,network_error,3,4,1.0,payment_link,0
CUST_00531,1108.62,network_error,3,4,1.0,alt_method,0
CUST_00532,176.05,card_declined,3,5,0.667,retry,0
CUST_00532,176.05,card_declined,3,5,0.667,payment_link,1
CUST_00532,176.05,card_declined,3,5,0.667,alt_method,0
CUST_00533,630.89,bank_declined,0,10,1.0,retry,0
CUST_00533,630.89,bank_declined,0,10,1.0,payment_link,0
CUST_00533,630.89,bank_declined,0,10,1.0,alt_method,0
CUST_00534,252.44,card_declined,3,11,0.833,retry,0
CUST_00534,252.44,card_declined,3,11,0.833,payment_link,1
CUST_00534,252.44,card_declined,3,11,0.833,alt_method,0
CUST_00535,394.86,network_error,1,9,0.571,retry,0
CUST_00535,394.86,network_error,1,9,0.571,payment_link,0
CUST_00535,394.86,network_error,1,9,0.571,alt_method,0
CUST_00536,690.85,insufficient_funds,3,0,0.667,retry,0
CUST_00536,690.85,insufficient_funds,3,0,0.667,payment_link,0
CUST_00536,690.85,insufficient_funds,3,0,0.667,alt_method,0
CUST_00537,334.18,bank_declined,2,9,0.5,retry,0
CUST_00537,334.18,bank_declined,2,9,0.5,payment_link,0
CUST_00537,334.18,bank_declined,2,9,0.5,alt_method,0
CUST_00538,489.0,bank_declined,0,11,0.0,retry,0
CUST_00538,489.0,bank_declined,0,11,0.0,payment_link,0
CUST_00538,489.0,bank_declined,0,11,0.0,alt_method,0
CUST_00539,1487.77,insufficient_funds,0,0,0.2,retry,0
CUST_00539,1487.77,insufficient_funds,0,0,0.2,payment_link,1
CUST_00539,1487.77,insufficient_funds,0,0,0.2,alt_method,0
CUST_00540,419.26,network_error,2,3,0.5,retry,1
CUST_00540,419.26,network_error,2,3,0.5,payment_link,0
CUST_00540,419.26,network_error,2,3,0.5,alt_method,0
CUST_00541,1297.97,insufficient_funds,2,1,0.75,retry,0
CUST_00541,1297.97,insufficient_funds,2,1,0.75,payment_link,0
CUST_00541,1297.97,insufficient_funds,2,1,0.75,alt_method,0
CUST_00542,269.41,network_error,2,10,0.75,retry,0
CUST_00542,269.41,network_error,2,10,0.75,payment_link,0
CUST_00542,269.41,network_error,2,10,0.75,alt_method,0
CUST_00543,1016.22,insufficient_funds,3,6,0.5,retry,0
CUST_00543,1016.22,insufficient_funds,3,6,0.5,payment_link,0
CUST_00543,1016.22,insufficient_funds,3,6,0.5,alt_method,0
CUST_00544,2107.49,card_declined,0,1,0.667,retry,0
CUST_00544,2107.49,card_declined,0,1,0.667,payment_link,0
CUST_00544,2107.49,card_declined,0,1,0.667,alt_method,1
CUST_00545,100.0,insufficient_funds,2,9,0.6,retry,0
CUST_00545,100.0,insufficient_funds,2,9,0.6,payment_link,0
CUST_00545,100.0,insufficient_funds,2,9,0.6,alt_method,1
CUST_00546,351.6,bank_declined,3,1,0.6,retry,1
CUST_00546,351.6,bank_declined,3,1,0.6,payment_link,0
CUST_00546,351.6,bank_declined,3,1,0.6,alt_method,0
CUST_00547,1055.38,network_error,2,4,1.0,retry,0
CUST_00547,1055.38,network_error,2,4,1.0,payment_link,1
CUST_00547,1055.38,network_error,2,4,1.0,alt_method,0
CUST_00548,565.42,bank_declined,1,3,0.75,retry,0
CUST_00548,565.42,bank_declined,1,3,0.75,payment_link,0
CUST_00548,565.42,bank_declined,1,3,0.75,alt_method,0
CUST_00549,895.08,card_declined,1,7,0.75,retry,0
CUST_00549,895.08,card_declined,1,7,0.75,payment_link,0
CUST_00549,895.08,card_declined,1,7,0.75,alt_method,1
CUST_00550,410.27,network_error,0,3,0.0,retry,0
CUST_00550,410.27,network_error,0,3,0.0,payment_link,0
CUST_00550,410.27,network_error,0,3,0.0,alt_method,1
CUST_00551,712.85,network_error,3,13,0.6,retry,0
CUST_00551,712.85,network_error,3,13,0.6,payment_link,0
CUST_00551,712.85,network_error,3,13,0.6,alt_method,0
CUST_00552,587.25,insufficient_funds,1,11,1.0,retry,0
CUST_00552,587.25,insufficient_funds,1,11,1.0,payment_link,0
CUST_00552,587.25,insufficient_funds,1,11,1.0,alt_method,1
CUST_00553,1692.95,network_error,1,5,0.167,retry,1
CUST_00553,1692.95,network_error,1,5,0.167,payment_link,1
CUST_00553,1692.95,network_error,1,5,0.167,alt_method,0
CUST_00554,815.28,bank_declined,3,4,1.0,retry,0
CUST_00554,815.28,bank_declined,3,4,1.0,payment_link,0
CUST_00554,815.28,bank_declined,3,4,1.0,alt_method,0
CUST_00555,871.38,card_declined,2,10,0.4,retry,0
CUST_00555,871.38,card_declined,2,10,0.4,payment_link,1
CUST_00555,871.38,card_declined,2,10,0.4,alt_method,0
CUST_00556,478.42,insufficient_funds,3,13,0.714,retry,0
CUST_00556,478.42,insufficient_funds,3,13,0.714,payment_link,0
CUST_00556,478.42,insufficient_funds,3,13,0.714,alt_method,1
CUST_00557,450.3,network_error,2,1,1.0,retry,1
CUST_00557,450.3,network_error,2,1,1.0,payment_link,0
CUST_00557,450.3,network_error,2,1,1.0,alt_method,0
CUST_00558,470.57,insufficient_funds,1,10,0.5,retry,0
CUST_00558,470.57,insufficient_funds,1,10,0.5,payment_link,0
CUST_00558,470.57,insufficient_funds,1,10,0.5,alt_method,1
CUST_00559,911.93,bank_declined,1,14,0.667,retry,0
CUST_00559,911.93,bank_declined,1,14,0.667,payment_link,0
CUST_00559,911.93,bank_declined,1,14,0.667,alt_method,1
CUST_00560,474.95,network_error,1,12,0.333,retry,1
CUST_00560,474.95,network_error,1,12,0.333,payment_link,0
CUST_00560,474.95,network_error,1,12,0.333,alt_method,0
CUST_00561,838.67,insufficient_funds,0,11,1.0,retry,1
CUST_00561,838.67,insufficient_funds,0,11,1.0,payment_link,1
CUST_00561,838.67,insufficient_funds,0,11,1.0,alt_method,0
CUST_00562,3499.31,bank_declined,0,13,0.4,retry,0
CUST_00562,3499.31,bank_declined,0,13,0.4,payment_link,0
CUST_00562,3499.31,bank_declined,0,13,0.4,alt_method,0
CUST_00563,1335.28,bank_declined,0,7,0.8,retry,0
CUST_00563,1335.28,bank_declined,0,7,0.8,payment_link,1
CUST_00563,1335.28,bank_declined,0,7,0.8,alt_method,0
CUST_00564,512.44,network_error,3,1,1.0,retry,1
CUST_00564,512.44,network_error,3,1,1.0,payment_link,0
CUST_00564,512.44,network_error,3,1,1.0,alt_method,0
CUST_00565,1738.84,bank_declined,1,8,0.75,retry,0
CUST_00565,1738.84,bank_declined,1,8,0.75,payment_link,1
CUST_00565,1738.84,bank_declined,1,8,0.75,alt_method,0
CUST_00566,479.88,network_error,1,14,0.2,retry,0
CUST_00566,479.88,network_error,1,14,0.2,payment_link,0
CUST_00566,479.88,network_error,1,14,0.2,alt_method,0
CUST_00567,130.26,network_error,3,8,1.0,retry,1
CUST_00567,130.26,network_error,3,8,1.0,payment_link,0
CUST_00567,130.26,network_error,3,8,1.0,alt_method,0
CUST_00568,296.94,card_declined,0,2,0.5,retry,0
CUST_00568,296.94,card_declined,0,2,0.5,payment_link,1
CUST_00568,296.94,card_declined,0,2,0.5,alt_method,1
CUST_00569,148.91,bank_declined,3,3,0.5,retry,0
CUST_00569,148.91,bank_declined,3,3,0.5,payment_link,0
CUST_00569,148.91,bank_declined,3,3,0.5,alt_method,0
CUST_00570,502.09,network_error,0,7,0.667,retry,1
CUST_00570,502.09,network_error,0,7,0.667,payment_link,0
CUST_00570,502.09,network_error,0,7,0.667,alt_method,0
CUST_00571,675.01,network_error,1,8,0.4,retry,1
CUST_00571,675.01,network_error,1,8,0.4,payment_link,1
CUST_00571,675.01,network_error,1,8,0.4,alt_method,0
CUST_00572,2543.13,network_error,2,2,1.0,retry,0
CUST_00572,2543.13,network_error,2,2,1.0,payment_link,0
CUST_00572,2543.13,network_error,2,2,1.0,alt_method,0
CUST_00573,863.97,network_error,0,4,1.0,retry,1
CUST_00573,863.97,network_error,0,4,1.0,payment_link,1
CUST_00573,863.97,network_error,0,4,1.0,alt_method,0
CUST_00574,558.2,network_error,1,10,1.0,retry,1
CUST_00574,558.2,network_error,1,10,1.0,payment_link,0
CUST_00574,558.2,network_error,1,10,1.0,alt_method,1
CUST_00575,1291.45,network_error,1,14,0.167,retry,0
CUST_00575,1291.45,network_error,1,14,0.167,payment_link,1
CUST_00575,1291.45,network_error,1,14,0.167,alt_method,0
CUST_00576,113.42,insufficient_funds,2,7,0.6,retry,0
CUST_00576,113.42,insufficient_funds,2,7,0.6,payment_link,0
CUST_00576,113.42,insufficient_funds,2,7,0.6,alt_method,0
CUST_00577,803.11,bank_declined,1,2,0.75,retry,0
CUST_00577,803.11,bank_declined,1,2,0.75,payment_link,0
CUST_00577,803.11,bank_declined,1,2,0.75,alt_method,0
CUST_00578,1232.37,bank_declined,1,6,0.714,retry,0
CUST_00578,1232.37,bank_declined,1,6,0.714,payment_link,0
CUST_00578,1232.37,bank_declined,1,6,0.714,alt_method,0
CUST_00579,203.8,bank_declined,0,10,1.0,retry,0
CUST_00579,203.8,bank_declined,0,10,1.0,payment_link,0
CUST_00579,203.8,bank_declined,0,10,1.0,alt_method,0
CUST_00580,1660.71,network_error,0,7,0.0,retry,0
CUST_00580,1660.71,network_error,0,7,0.0,payment_link,0
CUST_00580,1660.71,network_error,0,7,0.0,alt_method,0
CUST_00581,872.01,card_declined,2,9,0.667,retry,0
CUST_00581,872.01,card_declined,2,9,0.667,payment_link,0
CUST_00581,872.01,card_declined,2,9,0.667,alt_method,0
CUST_00582,477.12,bank_declined,2,10,0.833,retry,1
CUST_00582,477.12,bank_declined,2,10,0.833,payment_link,0
CUST_00582,477.12,bank_declined,2,10,0.833,alt_method,1
CUST_00583,1103.48,bank_declined,1,13,1.0,retry,0
CUST_00583,1103.48,bank_declined,1,13,1.0,payment_link,1
CUST_00583,1103.48,bank_declined,1,13,1.0,alt_method,1
CUST_00584,4091.04,bank_declined,0,2,0.333,retry,0
CUST_00584,4091.04,bank_declined,0,2,0.333,payment_link,1
CUST_00584,4091.04,bank_declined,0,2,0.333,alt_method,0
CUST_00585,769.31,card_declined,2,1,0.667,retry,0
CUST_00585,769.31,card_declined,2,1,0.667,payment_link,0
CUST_00585,769.31,card_declined,2,1,0.667,alt_method,1
CUST_00586,811.25,insufficient_funds,2,9,0.857,retry,1
CUST_00586,811.25,insufficient_funds,2,9,0.857,payment_link,0
CUST_00586,811.25,insufficient_funds,2,9,0.857,alt_method,0
CUST_00587,460.59,network_error,3,12,0.5,retry,0
CUST_00587,460.59,network_error,3,12,0.5,payment_link,0
CUST_00587,460.59,network_error,3,12,0.5,alt_method,0
CUST_00588,337.01,bank_declined,2,6,0.0,retry,0
CUST_00588,337.01,bank_declined,2,6,0.0,payment_link,0
CUST_00588,337.01,bank_declined,2,6,0.0,alt_method,0
CUST_00589,1292.42,bank_declined,1,11,0.667,retry,0
CUST_00589,1292.42,bank_declined,1,11,0.667,payment_link,1
CUST_00589,1292.42,bank_declined,1,11,0.667,alt_method,0
CUST_00590,335.34,bank_declined,0,8,0.0,retry,1
CUST_00590,335.34,bank_declined,0,8,0.0,payment_link,0
CUST_00590,335.34,bank_declined,0,8,0.0,alt_method,0
CUST_00591,704.33,insufficient_funds,2,0,0.333,retry,0
CUST_00591,704.33,insufficient_funds,2,0,0.333,payment_link,1
CUST_00591,704.33,insufficient_funds,2,0,0.333,alt_method,0
CUST_00592,453.9,network_error,3,2,0.8,retry,0
CUST_00592,453.9,network_error,3,2,0.8,payment_link,1
CUST_00592,453.9,network_error,3,2,0.8,alt_method,0
CUST_00593,975.73,insufficient_funds,0,4,0.75,retry,1
CUST_00593,975.73,insufficient_funds,0,4,0.75,payment_link,0
CUST_00593,975.73,insufficient_funds,0,4,0.75,alt_method,1
CUST_00594,868.64,card_declined,2,2,0.5,retry,0
CUST_00594,868.64,card_declined,2,2,0.5,payment_link,0
CUST_00594,868.64,card_declined,2,2,0.5,alt_method,0
CUST_00595,1525.43,insufficient_funds,3,0,0.833,retry,0
CUST_00595,1525.43,insufficient_funds,3,0,0.833,payment_link,0
CUST_00595,1525.43,insufficient_funds,3,0,0.833,alt_method,0
CUST_00596,442.3,insufficient_funds,2,14,1.0,retry,0
CUST_00596,442.3,insufficient_funds,2,14,1.0,payment_link,0
CUST_00596,442.3,insufficient_funds,2,14,1.0,alt_method,0
CUST_00597,535.98,network_error,0,6,0.4,retry,0
CUST_00597,535.98,network_error,0,6,0.4,payment_link,1
CUST_00597,535.98,network_error,0,6,0.4,alt_method,1
CUST_00598,303.99,insufficient_funds,0,6,1.0,retry,0
CUST_00598,303.99,insufficient_funds,0,6,1.0,payment_link,0
CUST_00598,303.99,insufficient_funds,0,6,1.0,alt_method,0
CUST_00599,466.18,card_declined,0,9,0.571,retry,0
CUST_00599,466.18,card_declined,0,9,0.571,payment_link,0
CUST_00599,466.18,card_declined,0,9,0.571,alt_method,0
CUST_00600,899.5,bank_declined,1,11,0.667,retry,0
CUST_00600,899.5,bank_declined,1,11,0.667,payment_link,0
CUST_00600,899.5,bank_declined,1,11,0.667,alt_method,0
CUST_00601,1218.76,bank_declined,2,7,1.0,retry,0
CUST_00601,1218.76,bank_declined,2,7,1.0,payment_link,1
CUST_00601,1218.76,bank_declined,2,7,1.0,alt_method,0
CUST_00602,318.07,insufficient_funds,1,4,1.0,retry,1
CUST_00602,318.07,insufficient_funds,1,4,1.0,payment_link,0
CUST_00602,318.07,insufficient_funds,1,4,1.0,alt_method,1
CUST_00603,1333.66,bank_declined,0,9,1.0,retry,0
CUST_00603,1333.66,bank_declined,0,9,1.0,payment_link,0
CUST_00603,1333.66,bank_declined,0,9,1.0,alt_method,1
CUST_00604,1967.48,network_error,3,11,0.833,retry,1
CUST_00604,1967.48,network_error,3,11,0.833,payment_link,0
CUST_00604,1967.48,network_error,3,11,0.833,alt_method,0
CUST_00605,925.88,bank_declined,2,4,1.0,retry,1
CUST_00605,925.88,bank_declined,2,4,1.0,payment_link,0
CUST_00605,925.88,bank_declined,2,4,1.0,alt_method,0
CUST_00606,2985.24,insufficient_funds,1,4,0.833,retry,0
CUST_00606,2985.24,insufficient_funds,1,4,0.833,payment_link,0
CUST_00606,2985.24,insufficient_funds,1,4,0.833,alt_method,0
CUST_00607,358.16,insufficient_funds,2,0,1.0,retry,0
CUST_00607,358.16,insufficient_funds,2,0,1.0,payment_link,1
CUST_00607,358.16,insufficient_funds,2,0,1.0,alt_method,1
CUST_00608,245.74,bank_declined,3,9,0.25,retry,0
CUST_00608,245.74,bank_declined,3,9,0.25,payment_link,0
CUST_00608,245.74,bank_declined,3,9,0.25,alt_method,0
CUST_00609,160.3,card_declined,1,4,0.857,retry,0
CUST_00609,160.3,card_declined,1,4,0.857,payment_link,0
CUST_00609,160.3,card_declined,1,4,0.857,alt_method,0
CUST_00610,2201.37,network_error,0,5,1.0,retry,1
CUST_00610,2201.37,network_error,0,5,1.0,payment_link,0
CUST_00610,2201.37,network_error,0,5,1.0,alt_method,1
CUST_00611,1122.7,bank_declined,1,14,0.714,retry,0
CUST_00611,1122.7,bank_declined,1,14,0.714,payment_link,0
CUST_00611,1122.7,bank_declined,1,14,0.714,alt_method,0
CUST_00612,636.21,network_error,2,12,0.75,retry,0
CUST_00612,636.21,network_error,2,12,0.75,payment_link,0
CUST_00612,636.21,network_error,2,12,0.75,alt_method,0
CUST_00613,832.12,insufficient_funds,2,11,0.833,retry,0
CUST_00613,832.12,insufficient_funds,2,11,0.833,payment_link,1
CUST_00613,832.12,insufficient_funds,2,11,0.833,alt_method,0
CUST_00614,270.32,network_error,2,0,0.714,retry,1
CUST_00614,270.32,network_error,2,0,0.714,payment_link,1
CUST_00614,270.32,network_error,2,0,0.714,alt_method,1
CUST_00615,4706.04,insufficient_funds,2,10,0.5,retry,0
CUST_00615,4706.04,insufficient_funds,2,10,0.5,payment_link,0
CUST_00615,4706.04,insufficient_funds,2,10,0.5,alt_method,0
CUST_00616,737.58,insufficient_funds,0,6,0.833,retry,1
CUST_00616,737.58,insufficient_funds,0,6,0.833,payment_link,1
CUST_00616,737.58,insufficient_funds,0,6,0.833,alt_method,0
CUST_00617,725.98,network_error,1,0,0.0,retry,0
CUST_00617,725.98,network_error,1,0,0.0,payment_link,0
CUST_00617,725.98,network_error,1,0,0.0,alt_method,1
CUST_00618,1188.7,insufficient_funds,0,10,0.8,retry,1
CUST_00618,1188.7,insufficient_funds,0,10,0.8,payment_link,0
CUST_00618,1188.7,insufficient_funds,0,10,0.8,alt_method,0
CUST_00619,977.31,card_declined,0,1,0.5,retry,1
CUST_00619,977.31,card_declined,0,1,0.5,payment_link,0
CUST_00619,977.31,card_declined,0,1,0.5,alt_method,1
CUST_00620,795.61,network_error,0,1,0.857,retry,1
CUST_00620,795.61,network_error,0,1,0.857,payment_link,0
CUST_00620,795.61,network_error,0,1,0.857,alt_method,0
CUST_00621,353.41,bank_declined,2,4,1.0,retry,0
CUST_00621,353.41,bank_declined,2,4,1.0,payment_link,0
CUST_00621,353.41,bank_declined,2,4,1.0,alt_method,0
CUST_00622,969.88,insufficient_funds,2,13,0.857,retry,0
CUST_00622,969.88,insufficient_funds,2,13,0.857,payment_link,0
CUST_00622,969.88,insufficient_funds,2,13,0.857,alt_method,1
CUST_00623,2997.76,bank_declined,2,9,1.0,retry,0
CUST_00623,2997.76,bank_declined,2,9,1.0,payment_link,0
CUST_00623,2997.76,bank_declined,2,9,1.0,alt_method,0
CUST_00624,1951.47,network_error,1,12,1.0,retry,0
CUST_00624,1951.47,network_error,1,12,1.0,payment_link,0
CUST_00624,1951.47,network_error,1,12,1.0,alt_method,0
CUST_00625,2379.27,network_error,3,6,1.0,retry,1
CUST_00625,2379.27,network_error,3,6,1.0,payment_link,1
CUST_00625,2379.27,network_error,3,6,1.0,alt_method,0
CUST_00626,441.88,network_error,2,0,0.0,retry,0
CUST_00626,441.88,network_error,2,0,0.0,payment_link,0
CUST_00626,441.88,network_error,2,0,0.0,alt_method,0
CUST_00627,301.36,network_error,1,9,0.667,retry,1
CUST_00627,301.36,network_error,1,9,0.667,payment_link,0
CUST_00627,301.36,network_error,1,9,0.667,alt_method,1
CUST_00628,601.47,network_error,2,0,0.0,retry,0
CUST_00628,601.47,network_error,2,0,0.0,payment_link,1
CUST_00628,601.47,network_error,2,0,0.0,alt_method,0
CUST_00629,695.46,bank_declined,2,0,0.667,retry,0
CUST_00629,695.46,bank_declined,2,0,0.667,payment_link,0
CUST_00629,695.46,bank_declined,2,0,0.667,alt_method,0
CUST_00630,1596.16,card_declined,0,5,0.75,retry,0
CUST_00630,1596.16,card_declined,0,5,0.75,payment_link,1
CUST_00630,1596.16,card_declined,0,5,0.75,alt_method,0
CUST_00631,171.75,bank_declined,0,1,0.667,retry,1
CUST_00631,171.75,bank_declined,0,1,0.667,payment_link,0
CUST_00631,171.75,bank_declined,0,1,0.667,alt_method,0
CUST_00632,2261.18,bank_declined,0,0,0.6,retry,0
CUST_00632,2261.18,bank_declined,0,0,0.6,payment_link,1
CUST_00632,2261.18,bank_declined,0,0,0.6,alt_method,1
CUST_00633,586.16,network_error,1,5,0.571,retry,0
CUST_00633,586.16,network_error,1,5,0.571,payment_link,0
CUST_00633,586.16,network_error,1,5,0.571,alt_method,0
CUST_00634,472.72,network_error,3,13,0.667,retry,1
CUST_00634,472.72,network_error,3,13,0.667,payment_link,0
CUST_00634,472.72,network_error,3,13,0.667,alt_method,0
CUST_00635,295.99,insufficient_funds,3,1,0.0,retry,0
CUST_00635,295.99,insufficient_funds,3,1,0.0,payment_link,0
CUST_00635,295.99,insufficient_funds,3,1,0.0,alt_method,0
CUST_00636,176.99,network_error,1,5,1.0,retry,1
CUST_00636,176.99,network_error,1,5,1.0,payment_link,1
CUST_00636,176.99,network_error,1,5,1.0,alt_method,1
CUST_00637,1285.03,insufficient_funds,2,9,0.667,retry,0
CUST_00637,1285.03,insufficient_funds,2,9,0.667,payment_link,0
CUST_00637,1285.03,insufficient_funds,2,9,0.667,alt_method,0
CUST_00638,705.32,insufficient_funds,1,7,1.0,retry,1
CUST_00638,705.32,insufficient_funds,1,7,1.0,payment_link,1
CUST_00638,705.32,insufficient_funds,1,7,1.0,alt_method,1
CUST_00639,236.99,insufficient_funds,2,1,0.667,retry,0
CUST_00639,236.99,insufficient_funds,2,1,0.667,payment_link,0
CUST_00639,236.99,insufficient_funds,2,1,0.667,alt_method,0
CUST_00640,236.02,insufficient_funds,1,10,1.0,retry,0
CUST_00640,236.02,insufficient_funds,1,10,1.0,payment_link,0
CUST_00640,236.02,insufficient_funds,1,10,1.0,alt_method,1
CUST_00641,508.45,bank_declined,1,8,0.833,retry,1
CUST_00641,508.45,bank_declined,1,8,0.833,payment_link,0
CUST_00641,508.45,bank_declined,1,8,0.833,alt_method,0
CUST_00642,2528.08,bank_declined,1,7,1.0,retry,1
CUST_00642,2528.08,bank_declined,1,7,1.0,payment_link,0
CUST_00642,2528.08,bank_declined,1,7,1.0,alt_method,0
CUST_00643,540.41,insufficient_funds,3,11,0.0,retry,0
CUST_00643,540.41,insufficient_funds,3,11,0.0,payment_link,0
CUST_00643,540.41,insufficient_funds,3,11,0.0,alt_method,0
CUST_00644,199.83,card_declined,0,9,1.0,retry,0
CUST_00644,199.83,card_declined,0,9,1.0,payment_link,1
CUST_00644,199.83,card_declined,0,9,1.0,alt_method,0
CUST_00645,546.43,card_declined,1,0,0.833,retry,0
CUST_00645,546.43,card_declined,1,0,0.833,payment_link,1
CUST_00645,546.43,card_declined,1,0,0.833,alt_method,1
CUST_00646,534.76,insufficient_funds,3,6,1.0,retry,0
CUST_00646,534.76,insufficient_funds,3,6,1.0,payment_link,0
CUST_00646,534.76,insufficient_funds,3,6,1.0,alt_method,0
CUST_00647,100.0,insufficient_funds,0,13,0.5,retry,0
CUST_00647,100.0,insufficient_funds,0,13,0.5,payment_link,0
CUST_00647,100.0,insufficient_funds,0,13,0.5,alt_method,1
CUST_00648,636.87,insufficient_funds,0,12,1.0,retry,0
CUST_00648,636.87,insufficient_funds,0,12,1.0,payment_link,0
CUST_00648,636.87,insufficient_funds,0,12,1.0,alt_method,1
CUST_00649,552.94,card_declined,1,9,0.286,retry,1
CUST_00649,552.94,card_declined,1,9,0.286,payment_link,0
CUST_00649,552.94,card_declined,1,9,0.286,alt_method,0
CUST_00650,1160.92,card_declined,2,5,1.0,retry,0
CUST_00650,1160.92,card_declined,2,5,1.0,payment_link,0
CUST_00650,1160.92,card_declined,2,5,1.0,alt_method,0
CUST_00651,2919.49,network_error,2,13,0.857,retry,0
CUST_00651,2919.49,network_error,2,13,0.857,payment_link,0
CUST_00651,2919.49,network_error,2,13,0.857,alt_method,0
CUST_00652,1638.03,insufficient_funds,2,5,0.8,retry,1
CUST_00652,1638.03,insufficient_funds,2,5,0.8,payment_link,0
CUST_00652,1638.03,insufficient_funds,2,5,0.8,alt_method,0
CUST_00653,536.4,insufficient_funds,1,5,0.0,retry,0
CUST_00653,536.4,insufficient_funds,1,5,0.0,payment_link,0
CUST_00653,536.4,insufficient_funds,1,5,0.0,alt_method,0
CUST_00654,274.45,insufficient_funds,2,5,1.0,retry,0
CUST_00654,274.45,insufficient_funds,2,5,1.0,payment_link,0
CUST_00654,274.45,insufficient_funds,2,5,1.0,alt_method,0
CUST_00655,5211.84,network_error,3,9,1.0,retry,0
CUST_00655,5211.84,network_error,3,9,1.0,payment_link,0
CUST_00655,5211.84,network_error,3,9,1.0,alt_method,0
CUST_00656,697.41,card_declined,3,6,0.75,retry,0
CUST_00656,697.41,card_declined,3,6,0.75,payment_link,0
CUST_00656,697.41,card_declined,3,6,0.75,alt_method,0
CUST_00657,672.6,bank_declined,3,11,0.6,retry,0
CUST_00657,672.6,bank_declined,3,11,0.6,payment_link,0
CUST_00657,672.6,bank_declined,3,11,0.6,alt_method,0
CUST_00658,652.43,bank_declined,3,2,0.714,retry,0
CUST_00658,652.43,bank_declined,3,2,0.714,payment_link,0
CUST_00658,652.43,bank_declined,3,2,0.714,alt_method,0
CUST_00659,779.36,card_declined,0,13,0.0,retry,0
CUST_00659,779.36,card_declined,0,13,0.0,payment_link,1
CUST_00659,779.36,card_declined,0,13,0.0,alt_method,0
CUST_00660,592.6,bank_declined,3,5,0.333,retry,0
CUST_00660,592.6,bank_declined,3,5,0.333,payment_link,0
CUST_00660,592.6,bank_declined,3,5,0.333,alt_method,0
CUST_00661,420.34,insufficient_funds,2,2,0.0,retry,0
CUST_00661,420.34,insufficient_funds,2,2,0.0,payment_link,0
CUST_00661,420.34,insufficient_funds,2,2,0.0,alt_method,0
CUST_00662,429.45,bank_declined,1,6,0.333,retry,0
CUST_00662,429.45,bank_declined,1,6,0.333,payment_link,0
CUST_00662,429.45,bank_declined,1,6,0.333,alt_method,0
CUST_00663,647.94,network_error,2,6,0.5,retry,0
CUST_00663,647.94,network_error,2,6,0.5,payment_link,1
CUST_00663,647.94,network_error,2,6,0.5,alt_method,0
CUST_00664,430.63,bank_declined,3,7,0.167,retry,0
CUST_00664,430.63,bank_declined,3,7,0.167,payment_link,0
CUST_00664,430.63,bank_declined,3,7,0.167,alt_method,0
CUST_00665,376.05,network_error,0,1,0.75,retry,1
CUST_00665,376.05,network_error,0,1,0.75,payment_link,1
CUST_00665,376.05,network_error,0,1,0.75,alt_method,0
CUST_00666,724.26,bank_declined,3,8,0.5,retry,0
CUST_00666,724.26,bank_declined,3,8,0.5,payment_link,1
CUST_00666,724.26,bank_declined,3,8,0.5,alt_method,0
CUST_00667,542.41,network_error,1,12,0.857,retry,1
CUST_00667,542.41,network_error,1,12,0.857,payment_link,1
CUST_00667,542.41,network_error,1,12,0.857,alt_method,0
CUST_00668,2215.41,network_error,2,4,1.0,retry,1
CUST_00668,2215.41,network_error,2,4,1.0,payment_link,0
CUST_00668,2215.41,network_error,2,4,1.0,alt_method,1
CUST_00669,100.0,network_error,1,8,1.0,retry,1
CUST_00669,100.0,network_error,1,8,1.0,payment_link,1
CUST_00669,100.0,network_error,1,8,1.0,alt_method,1
CUST_00670,1592.73,network_error,1,9,0.333,retry,1
CUST_00670,1592.73,network_error,1,9,0.333,payment_link,0
CUST_00670,1592.73,network_error,1,9,0.333,alt_method,0
CUST_00671,1802.39,bank_declined,1,4,1.0,retry,0
CUST_00671,1802.39,bank_declined,1,4,1.0,payment_link,0
CUST_00671,1802.39,bank_declined,1,4,1.0,alt_method,0
CUST_00672,126.63,bank_declined,2,6,1.0,retry,0
CUST_00672,126.63,bank_declined,2,6,1.0,payment_link,1
CUST_00672,126.63,bank_declined,2,6,1.0,alt_method,0
CUST_00673,505.65,insufficient_funds,3,10,0.857,retry,0
CUST_00673,505.65,insufficient_funds,3,10,0.857,payment_link,0
CUST_00673,505.65,insufficient_funds,3,10,0.857,alt_method,0
CUST_00674,494.15,network_error,1,8,0.714,retry,1
CUST_00674,494.15,network_error,1,8,0.714,payment_link,1
CUST_00674,494.15,network_error,1,8,0.714,alt_method,1
CUST_00675,215.72,network_error,2,14,0.0,retry,1
CUST_00675,215.72,network_error,2,14,0.0,payment_link,0
CUST_00675,215.72,network_error,2,14,0.0,alt_method,1
CUST_00676,357.0,network_error,0,3,1.0,retry,0
CUST_00676,357.0,network_error,0,3,1.0,payment_link,0
CUST_00676,357.0,network_error,0,3,1.0,alt_method,1
CUST_00677,273.57,network_error,2,1,1.0,retry,1
CUST_00677,273.57,network_error,2,1,1.0,payment_link,0
CUST_00677,273.57,network_error,2,1,1.0,alt_method,0
CUST_00678,2702.19,card_declined,0,8,0.667,retry,1
CUST_00678,2702.19,card_declined,0,8,0.667,payment_link,0
CUST_00678,2702.19,card_declined,0,8,0.667,alt_method,0
CUST_00679,1406.05,network_error,2,12,1.0,retry,1
CUST_00679,1406.05,network_error,2,12,1.0,payment_link,0
CUST_00679,1406.05,network_error,2,12,1.0,alt_method,0
CUST_00680,1839.49,insufficient_funds,3,1,0.0,retry,0
CUST_00680,1839.49,insufficient_funds,3,1,0.0,payment_link,0
CUST_00680,1839.49,insufficient_funds,3,1,0.0,alt_method,0
CUST_00681,1184.81,network_error,1,2,0.6,retry,1
CUST_00681,1184.81,network_error,1,2,0.6,payment_link,0
CUST_00681,1184.81,network_error,1,2,0.6,alt_method,0
CUST_00682,269.55,network_error,3,9,0.143,retry,0
CUST_00682,269.55,network_error,3,9,0.143,payment_link,0
CUST_00682,269.55,network_error,3,9,0.143,alt_method,0
CUST_00683,437.2,insufficient_funds,2,1,0.667,retry,0
CUST_00683,437.2,insufficient_funds,2,1,0.667,payment_link,0
CUST_00683,437.2,insufficient_funds,2,1,0.667,alt_method,1
CUST_00684,983.88,bank_declined,1,2,1.0,retry,0
CUST_00684,983.88,bank_declined,1,2,1.0,payment_link,0
CUST_00684,983.88,bank_declined,1,2,1.0,alt_method,1
CUST_00685,250.21,network_error,0,5,0.8,retry,0
CUST_00685,250.21,network_error,0,5,0.8,payment_link,1
CUST_00685,250.21,network_error,0,5,0.8,alt_method,1
CUST_00686,1176.62,network_error,2,2,0.714,retry,1
CUST_00686,1176.62,network_error,2,2,0.714,payment_link,0
CUST_00686,1176.62,network_error,2,2,0.714,alt_method,1
CUST_00687,548.8,insufficient_funds,1,14,0.0,retry,0
CUST_00687,548.8,insufficient_funds,1,14,0.0,payment_link,0
CUST_00687,548.8,insufficient_funds,1,14,0.0,alt_method,0
CUST_00688,492.82,network_error,0,9,0.429,retry,0
CUST_00688,492.82,network_error,0,9,0.429,payment_link,1
CUST_00688,492.82,network_error,0,9,0.429,alt_method,1
CUST_00689,1174.7,network_error,0,7,1.0,retry,0
CUST_00689,1174.7,network_error,0,7,1.0,payment_link,1
CUST_00689,1174.7,network_error,0,7,1.0,alt_method,1
CUST_00690,949.0,card_declined,3,10,0.571,retry,0
CUST_00690,949.0,card_declined,3,10,0.571,payment_link,0
CUST_00690,949.0,card_declined,3,10,0.571,alt_method,0
CUST_00691,498.31,bank_declined,2,5,1.0,retry,0
CUST_00691,498.31,bank_declined,2,5,1.0,payment_link,0
CUST_00691,498.31,bank_declined,2,5,1.0,alt_method,0
CUST_00692,1681.54,insufficient_funds,0,6,0.667,retry,0
CUST_00692,1681.54,insufficient_funds,0,6,0.667,payment_link,0
CUST_00692,1681.54,insufficient_funds,0,6,0.667,alt_method,0
CUST_00693,280.1,insufficient_funds,1,0,0.5,retry,0
CUST_00693,280.1,insufficient_funds,1,0,0.5,payment_link,0
CUST_00693,280.1,insufficient_funds,1,0,0.5,alt_method,1
CUST_00694,1088.71,insufficient_funds,0,2,0.8,retry,0
CUST_00694,1088.71,insufficient_funds,0,2,0.8,payment_link,0
CUST_00694,1088.71,insufficient_funds,0,2,0.8,alt_method,1
CUST_00695,1069.0,insufficient_funds,0,2,0.0,retry,0
CUST_00695,1069.0,insufficient_funds,0,2,0.0,payment_link,1
CUST_00695,1069.0,insufficient_funds,0,2,0.0,alt_method,0
CUST_00696,519.24,bank_declined,3,1,0.0,retry,0
CUST_00696,519.24,bank_declined,3,1,0.0,payment_link,0
CUST_00696,519.24,bank_declined,3,1,0.0,alt_method,0
CUST_00697,863.42,bank_declined,3,6,1.0,retry,0
CUST_00697,863.42,bank_declined,3,6,1.0,payment_link,0
CUST_00697,863.42,bank_declined,3,6,1.0,alt_method,0
CUST_00698,244.47,network_error,1,8,0.0,retry,1
CUST_00698,244.47,network_error,1,8,0.0,payment_link,0
CUST_00698,244.47,network_error,1,8,0.0,alt_method,0
CUST_00699,1393.01,insufficient_funds,3,3,1.0,retry,0
CUST_00699,1393.01,insufficient_funds,3,3,1.0,payment_link,0
CUST_00699,1393.01,insufficient_funds,3,3,1.0,alt_method,0
CUST_00700,573.68,insufficient_funds,0,11,0.5,retry,1
CUST_00700,573.68,insufficient_funds,0,11,0.5,payment_link,0
CUST_00700,573.68,insufficient_funds,0,11,0.5,alt_method,0
CUST_00701,437.83,card_declined,0,4,0.5,retry,0
CUST_00701,437.83,card_declined,0,4,0.5,payment_link,1
CUST_00701,437.83,card_declined,0,4,0.5,alt_method,0
CUST_00702,1539.49,bank_declined,3,2,0.429,retry,0
CUST_00702,1539.49,bank_declined,3,2,0.429,payment_link,0
CUST_00702,1539.49,bank_declined,3,2,0.429,alt_method,0
CUST_00703,378.62,insufficient_funds,0,10,0.429,retry,0
CUST_00703,378.62,insufficient_funds,0,10,0.429,payment_link,0
CUST_00703,378.62,insufficient_funds,0,10,0.429,alt_method,0
CUST_00704,215.56,network_error,0,8,1.0,retry,1
CUST_00704,215.56,network_error,0,8,1.0,payment_link,0
CUST_00704,215.56,network_error,0,8,1.0,alt_method,0
CUST_00705,191.46,bank_declined,1,13,0.6,retry,0
CUST_00705,191.46,bank_declined,1,13,0.6,payment_link,0
CUST_00705,191.46,bank_declined,1,13,0.6,alt_method,0
CUST_00706,1080.1,network_error,3,3,1.0,retry,1
CUST_00706,1080.1,network_error,3,3,1.0,payment_link,1
CUST_00706,1080.1,network_error,3,3,1.0,alt_method,0
CUST_00707,238.81,insufficient_funds,0,4,1.0,retry,1
CUST_00707,238.81,insufficient_funds,0,4,1.0,payment_link,1
CUST_00707,238.81,insufficient_funds,0,4,1.0,alt_method,1
CUST_00708,2707.65,network_error,3,0,0.75,retry,1
CUST_00708,2707.65,network_error,3,0,0.75,payment_link,1
CUST_00708,2707.65,network_error,3,0,0.75,alt_method,0
CUST_00709,125.77,bank_declined,1,10,1.0,retry,1
CUST_00709,125.77,bank_declined,1,10,1.0,payment_link,0
CUST_00709,125.77,bank_declined,1,10,1.0,alt_method,1
CUST_00710,2584.18,network_error,3,11,0.333,retry,0
CUST_00710,2584.18,network_error,3,11,0.333,payment_link,0
CUST_00710,2584.18,network_error,3,11,0.333,alt_method,0
CUST_00711,787.46,insufficient_funds,0,14,1.0,retry,0
CUST_00711,787.46,insufficient_funds,0,14,1.0,payment_link,1
CUST_00711,787.46,insufficient_funds,0,14,1.0,alt_method,0
CUST_00712,615.62,card_declined,3,12,1.0,retry,1
CUST_00712,615.62,card_declined,3,12,1.0,payment_link,1
CUST_00712,615.62,card_declined,3,12,1.0,alt_method,0
CUST_00713,430.12,network_error,0,1,0.333,retry,1
CUST_00713,430.12,network_error,0,1,0.333,payment_link,1
CUST_00713,430.12,network_error,0,1,0.333,alt_method,0
CUST_00714,915.35,insufficient_funds,0,11,0.5,retry,0
CUST_00714,915.35,insufficient_funds,0,11,0.5,payment_link,0
CUST_00714,915.35,insufficient_funds,0,11,0.5,alt_method,0
CUST_00715,645.41,insufficient_funds,0,12,0.0,retry,0
CUST_00715,645.41,insufficient_funds,0,12,0.0,payment_link,0
CUST_00715,645.41,insufficient_funds,0,12,0.0,alt_method,0
CUST_00716,1607.83,network_error,1,8,0.5,retry,0
CUST_00716,1607.83,network_error,1,8,0.5,payment_link,0
CUST_00716,1607.83,network_error,1,8,0.5,alt_method,0
CUST_00717,728.79,bank_declined,3,1,0.429,retry,0
CUST_00717,728.79,bank_declined,3,1,0.429,payment_link,0
CUST_00717,728.79,bank_declined,3,1,0.429,alt_method,0
CUST_00718,750.13,network_error,1,4,0.333,retry,0
CUST_00718,750.13,network_error,1,4,0.333,payment_link,1
CUST_00718,750.13,network_error,1,4,0.333,alt_method,0
CUST_00719,497.26,insufficient_funds,3,12,0.0,retry,0
CUST_00719,497.26,insufficient_funds,3,12,0.0,payment_link,0
CUST_00719,497.26,insufficient_funds,3,12,0.0,alt_method,0
CUST_00720,635.52,insufficient_funds,1,7,0.4,retry,1
CUST_00720,635.52,insufficient_funds,1,7,0.4,payment_link,1
CUST_00720,635.52,insufficient_funds,1,7,0.4,alt_method,0
CUST_00721,850.85,bank_declined,2,2,0.857,retry,0
CUST_00721,850.85,bank_declined,2,2,0.857,payment_link,0
CUST_00721,850.85,bank_declined,2,2,0.857,alt_method,0
CUST_00722,169.33,bank_declined,0,5,0.4,retry,0
CUST_00722,169.33,bank_declined,0,5,0.4,payment_link,0
CUST_00722,169.33,bank_declined,0,5,0.4,alt_method,0
CUST_00723,226.21,network_error,0,3,0.714,retry,0
CUST_00723,226.21,network_error,0,3,0.714,payment_link,0
CUST_00723,226.21,network_error,0,3,0.714,alt_method,0
CUST_00724,1205.45,network_error,1,10,0.333,retry,1
CUST_00724,1205.45,network_error,1,10,0.333,payment_link,0
CUST_00724,1205.45,network_error,1,10,0.333,alt_method,0
CUST_00725,762.57,bank_declined,2,6,0.75,retry,0
CUST_00725,762.57,bank_declined,2,6,0.75,payment_link,0
CUST_00725,762.57,bank_declined,2,6,0.75,alt_method,0
CUST_00726,574.11,insufficient_funds,0,9,0.833,retry,1
CUST_00726,574.11,insufficient_funds,0,9,0.833,payment_link,1
CUST_00726,574.11,insufficient_funds,0,9,0.833,alt_method,1
CUST_00727,675.02,bank_declined,3,13,0.25,retry,0
CUST_00727,675.02,bank_declined,3,13,0.25,payment_link,0
CUST_00727,675.02,bank_declined,3,13,0.25,alt_method,0
CUST_00728,878.37,bank_declined,1,12,1.0,retry,0
CUST_00728,878.37,bank_declined,1,12,1.0,payment_link,0
CUST_00728,878.37,bank_declined,1,12,1.0,alt_method,1
CUST_00729,431.9,bank_declined,0,2,1.0,retry,1
CUST_00729,431.9,bank_declined,0,2,1.0,payment_link,1
CUST_00729,431.9,bank_declined,0,2,1.0,alt_method,1
CUST_00730,356.86,insufficient_funds,0,5,0.667,retry,0
CUST_00730,356.86,insufficient_funds,0,5,0.667,payment_link,1
CUST_00730,356.86,insufficient_funds,0,5,0.667,alt_method,0
CUST_00731,777.96,insufficient_funds,1,14,0.0,retry,0
CUST_00731,777.96,insufficient_funds,1,14,0.0,payment_link,0
CUST_00731,777.96,insufficient_funds,1,14,0.0,alt_method,0
CUST_00732,304.08,bank_declined,1,11,1.0,retry,0
CUST_00732,304.08,bank_declined,1,11,1.0,payment_link,0
CUST_00732,304.08,bank_declined,1,11,1.0,alt_method,0
CUST_00733,922.05,insufficient_funds,3,14,0.25,retry,0
CUST_00733,922.05,insufficient_funds,3,14,0.25,payment_link,0
CUST_00733,922.05,insufficient_funds,3,14,0.25,alt_method,0
CUST_00734,170.36,network_error,3,9,0.5,retry,1
CUST_00734,170.36,network_error,3,9,0.5,payment_link,0
CUST_00734,170.36,network_error,3,9,0.5,alt_method,0
CUST_00735,1515.23,card_declined,0,8,0.833,retry,1
CUST_00735,1515.23,card_declined,0,8,0.833,payment_link,0
CUST_00735,1515.23,card_declined,0,8,0.833,alt_method,1
CUST_00736,970.76,card_declined,0,10,0.0,retry,0
CUST_00736,970.76,card_declined,0,10,0.0,payment_link,0
CUST_00736,970.76,card_declined,0,10,0.0,alt_method,0
CUST_00737,816.33,insufficient_funds,1,9,1.0,retry,0
CUST_00737,816.33,insufficient_funds,1,9,1.0,payment_link,1
CUST_00737,816.33,insufficient_funds,1,9,1.0,alt_method,0
CUST_00738,1459.94,network_error,0,0,0.5,retry,0
CUST_00738,1459.94,network_error,0,0,0.5,payment_link,1
CUST_00738,1459.94,network_error,0,0,0.5,alt_method,1
CUST_00739,2520.92,insufficient_funds,0,2,0.667,retry,0
CUST_00739,2520.92,insufficient_funds,0,2,0.667,payment_link,0
CUST_00739,2520.92,insufficient_funds,0,2,0.667,alt_method,1
CUST_00740,1497.42,bank_declined,1,1,0.0,retry,0
CUST_00740,1497.42,bank_declined,1,1,0.0,payment_link,1
CUST_00740,1497.42,bank_declined,1,1,0.0,alt_method,1
CUST_00741,152.52,card_declined,0,7,0.5,retry,0
CUST_00741,152.52,card_declined,0,7,0.5,payment_link,0
CUST_00741,152.52,card_declined,0,7,0.5,alt_method,0
CUST_00742,238.97,network_error,0,6,0.5,retry,1
CUST_00742,238.97,network_error,0,6,0.5,payment_link,1
CUST_00742,238.97,network_error,0,6,0.5,alt_method,0
CUST_00743,403.49,network_error,2,1,0.667,retry,0
CUST_00743,403.49,network_error,2,1,0.667,payment_link,0
CUST_00743,403.49,network_error,2,1,0.667,alt_method,0
CUST_00744,679.17,card_declined,3,5,0.5,retry,0
CUST_00744,679.17,card_declined,3,5,0.5,payment_link,0
CUST_00744,679.17,card_declined,3,5,0.5,alt_method,0
CUST_00745,1006.39,insufficient_funds,1,14,0.6,retry,1
CUST_00745,1006.39,insufficient_funds,1,14,0.6,payment_link,0
CUST_00745,1006.39,insufficient_funds,1,14,0.6,alt_method,0
CUST_00746,372.19,insufficient_funds,2,2,1.0,retry,0
CUST_00746,372.19,insufficient_funds,2,2,1.0,payment_link,0
CUST_00746,372.19,insufficient_funds,2,2,1.0,alt_method,1
CUST_00747,772.33,card_declined,3,7,0.75,retry,0
CUST_00747,772.33,card_declined,3,7,0.75,payment_link,0
CUST_00747,772.33,card_declined,3,7,0.75,alt_method,0
CUST_00748,363.47,network_error,3,9,1.0,retry,0
CUST_00748,363.47,network_error,3,9,1.0,payment_link,0
CUST_00748,363.47,network_error,3,9,1.0,alt_method,0
CUST_00749,407.8,bank_declined,3,12,0.75,retry,1
CUST_00749,407.8,bank_declined,3,12,0.75,payment_link,0
CUST_00749,407.8,bank_declined,3,12,0.75,alt_method,0
CUST_00750,215.87,network_error,2,2,0.6,retry,0
CUST_00750,215.87,network_error,2,2,0.6,payment_link,0
CUST_00750,215.87,network_error,2,2,0.6,alt_method,0
CUST_00751,317.8,insufficient_funds,2,9,1.0,retry,0
CUST_00751,317.8,insufficient_funds,2,9,1.0,payment_link,0
CUST_00751,317.8,insufficient_funds,2,9,1.0,alt_method,1
CUST_00752,225.57,bank_declined,3,13,0.667,retry,0
CUST_00752,225.57,bank_declined,3,13,0.667,payment_link,0
CUST_00752,225.57,bank_declined,3,13,0.667,alt_method,0
CUST_00753,304.69,insufficient_funds,0,8,0.0,retry,0
CUST_00753,304.69,insufficient_funds,0,8,0.0,payment_link,0
CUST_00753,304.69,insufficient_funds,0,8,0.0,alt_method,1
CUST_00754,1545.21,card_declined,0,0,0.667,retry,0
CUST_00754,1545.21,card_declined,0,0,0.667,payment_link,0
CUST_00754,1545.21,card_declined,0,0,0.667,alt_method,0
CUST_00755,311.21,insufficient_funds,2,4,0.0,retry,0
CUST_00755,311.21,insufficient_funds,2,4,0.0,payment_link,0
CUST_00755,311.21,insufficient_funds,2,4,0.0,alt_method,0
CUST_00756,5463.83,insufficient_funds,2,2,1.0,retry,0
CUST_00756,5463.83,insufficient_funds,2,2,1.0,payment_link,1
CUST_00756,5463.83,insufficient_funds,2,2,1.0,alt_method,0
CUST_00757,986.98,network_error,2,5,0.714,retry,0
CUST_00757,986.98,network_error,2,5,0.714,payment_link,0
CUST_00757,986.98,network_error,2,5,0.714,alt_method,1
CUST_00758,771.14,insufficient_funds,3,9,0.0,retry,0
CUST_00758,771.14,insufficient_funds,3,9,0.0,payment_link,0
CUST_00758,771.14,insufficient_funds,3,9,0.0,alt_method,0
CUST_00759,334.73,insufficient_funds,0,1,0.333,retry,0
CUST_00759,334.73,insufficient_funds,0,1,0.333,payment_link,1
CUST_00759,334.73,insufficient_funds,0,1,0.333,alt_method,0
CUST_00760,1164.73,network_error,2,8,0.5,retry,0
CUST_00760,1164.73,network_error,2,8,0.5,payment_link,0
CUST_00760,1164.73,network_error,2,8,0.5,alt_method,0
CUST_00761,419.68,insufficient_funds,2,5,1.0,retry,0
CUST_00761,419.68,insufficient_funds,2,5,1.0,payment_link,1
CUST_00761,419.68,insufficient_funds,2,5,1.0,alt_method,1
CUST_00762,733.34,insufficient_funds,1,6,0.833,retry,0
CUST_00762,733.34,insufficient_funds,1,6,0.833,payment_link,0
CUST_00762,733.34,insufficient_funds,1,6,0.833,alt_method,0
CUST_00763,5156.78,bank_declined,3,4,1.0,retry,0
CUST_00763,5156.78,bank_declined,3,4,1.0,payment_link,0
CUST_00763,5156.78,bank_declined,3,4,1.0,alt_method,0
CUST_00764,615.94,bank_declined,1,8,1.0,retry,0
CUST_00764,615.94,bank_declined,1,8,1.0,payment_link,0
CUST_00764,615.94,bank_declined,1,8,1.0,alt_method,0
CUST_00765,1668.06,bank_declined,0,0,1.0,retry,1
CUST_00765,1668.06,bank_declined,0,0,1.0,payment_link,0
CUST_00765,1668.06,bank_declined,0,0,1.0,alt_method,1
CUST_00766,378.97,network_error,1,4,0.667,retry,1
CUST_00766,378.97,network_error,1,4,0.667,payment_link,0
CUST_00766,378.97,network_error,1,4,0.667,alt_method,0
CUST_00767,646.78,network_error,1,10,0.0,retry,0
CUST_00767,646.78,network_error,1,10,0.0,payment_link,0
CUST_00767,646.78,network_error,1,10,0.0,alt_method,0
CUST_00768,2742.54,bank_declined,1,9,0.4,retry,0
CUST_00768,2742.54,bank_declined,1,9,0.4,payment_link,0
CUST_00768,2742.54,bank_declined,1,9,0.4,alt_method,0
CUST_00769,402.79,insufficient_funds,3,10,1.0,retry,0
CUST_00769,402.79,insufficient_funds,3,10,1.0,payment_link,0
CUST_00769,402.79,insufficient_funds,3,10,1.0,alt_method,0
CUST_00770,2835.46,network_error,0,5,1.0,retry,1
CUST_00770,2835.46,network_error,0,5,1.0,payment_link,0
CUST_00770,2835.46,network_error,0,5,1.0,alt_method,1
CUST_00771,1171.69,bank_declined,1,6,0.333,retry,0
CUST_00771,1171.69,bank_declined,1,6,0.333,payment_link,0
CUST_00771,1171.69,bank_declined,1,6,0.333,alt_method,0
CUST_00772,424.12,bank_declined,3,11,0.857,retry,0
CUST_00772,424.12,bank_declined,3,11,0.857,payment_link,0
CUST_00772,424.12,bank_declined,3,11,0.857,alt_method,0
CUST_00773,1103.15,insufficient_funds,0,3,1.0,retry,1
CUST_00773,1103.15,insufficient_funds,0,3,1.0,payment_link,0
CUST_00773,1103.15,insufficient_funds,0,3,1.0,alt_method,1
CUST_00774,1448.15,network_error,2,11,1.0,retry,0
CUST_00774,1448.15,network_error,2,11,1.0,payment_link,1
CUST_00774,1448.15,network_error,2,11,1.0,alt_method,1
CUST_00775,1093.84,bank_declined,1,12,0.333,retry,1
CUST_00775,1093.84,bank_declined,1,12,0.333,payment_link,0
CUST_00775,1093.84,bank_declined,1,12,0.333,alt_method,0
CUST_00776,189.39,insufficient_funds,0,0,0.0,retry,0
CUST_00776,189.39,insufficient_funds,0,0,0.0,payment_link,0
CUST_00776,189.39,insufficient_funds,0,0,0.0,alt_method,0
CUST_00777,371.78,bank_declined,1,14,1.0,retry,0
CUST_00777,371.78,bank_declined,1,14,1.0,payment_link,0
CUST_00777,371.78,bank_declined,1,14,1.0,alt_method,0
CUST_00778,545.65,bank_declined,2,10,1.0,retry,0
CUST_00778,545.65,bank_declined,2,10,1.0,payment_link,0
CUST_00778,545.65,bank_declined,2,10,1.0,alt_method,1
CUST_00779,626.69,bank_declined,0,7,0.333,retry,0
CUST_00779,626.69,bank_declined,0,7,0.333,payment_link,0
CUST_00779,626.69,bank_declined,0,7,0.333,alt_method,0
CUST_00780,1092.84,insufficient_funds,3,9,1.0,retry,0
CUST_00780,1092.84,insufficient_funds,3,9,1.0,payment_link,0
CUST_00780,1092.84,insufficient_funds,3,9,1.0,alt_method,1
CUST_00781,766.75,network_error,0,3,1.0,retry,1
CUST_00781,766.75,network_error,0,3,1.0,payment_link,1
CUST_00781,766.75,network_error,0,3,1.0,alt_method,1
CUST_00782,228.54,bank_declined,3,2,0.5,retry,0
CUST_00782,228.54,bank_declined,3,2,0.5,payment_link,0
CUST_00782,228.54,bank_declined,3,2,0.5,alt_method,0
CUST_00783,901.59,bank_declined,0,11,0.0,retry,0
CUST_00783,901.59,bank_declined,0,11,0.0,payment_link,0
CUST_00783,901.59,bank_declined,0,11,0.0,alt_method,0
CUST_00784,1084.06,bank_declined,3,6,0.0,retry,0
CUST_00784,1084.06,bank_declined,3,6,0.0,payment_link,0
CUST_00784,1084.06,bank_declined,3,6,0.0,alt_method,0
CUST_00785,1040.89,network_error,2,11,0.714,retry,0
CUST_00785,1040.89,network_error,2,11,0.714,payment_link,1
CUST_00785,1040.89,network_error,2,11,0.714,alt_method,0
CUST_00786,1579.12,network_error,2,1,1.0,retry,0
CUST_00786,1579.12,network_error,2,1,1.0,payment_link,1
CUST_00786,1579.12,network_error,2,1,1.0,alt_method,0
CUST_00787,1296.13,card_declined,2,7,0.571,retry,0
CUST_00787,1296.13,card_declined,2,7,0.571,payment_link,1
CUST_00787,1296.13,card_declined,2,7,0.571,alt_method,0
CUST_00788,960.39,bank_declined,0,13,0.0,retry,0
CUST_00788,960.39,bank_declined,0,13,0.0,payment_link,0
CUST_00788,960.39,bank_declined,0,13,0.0,alt_method,0
CUST_00789,628.83,card_declined,2,5,1.0,retry,1
CUST_00789,628.83,card_declined,2,5,1.0,payment_link,1
CUST_00789,628.83,card_declined,2,5,1.0,alt_method,1
CUST_00790,176.13,bank_declined,1,6,0.6,retry,0
CUST_00790,176.13,bank_declined,1,6,0.6,payment_link,0
CUST_00790,176.13,bank_declined,1,6,0.6,alt_method,0
CUST_00791,937.95,insufficient_funds,2,13,0.857,retry,0
CUST_00791,937.95,insufficient_funds,2,13,0.857,payment_link,0
CUST_00791,937.95,insufficient_funds,2,13,0.857,alt_method,0
CUST_00792,785.37,bank_declined,3,4,0.714,retry,0
CUST_00792,785.37,bank_declined,3,4,0.714,payment_link,0
CUST_00792,785.37,bank_declined,3,4,0.714,alt_method,0
CUST_00793,826.55,card_declined,3,8,0.571,retry,0
CUST_00793,826.55,card_declined,3,8,0.571,payment_link,1
CUST_00793,826.55,card_declined,3,8,0.571,alt_method,0
CUST_00794,239.51,insufficient_funds,3,4,1.0,retry,0
CUST_00794,239.51,insufficient_funds,3,4,1.0,payment_link,0
CUST_00794,239.51,insufficient_funds,3,4,1.0,alt_method,0
CUST_00795,280.1,bank_declined,0,10,0.0,retry,0
CUST_00795,280.1,bank_declined,0,10,0.0,payment_link,0
CUST_00795,280.1,bank_declined,0,10,0.0,alt_method,0
CUST_00796,1544.6,network_error,1,4,1.0,retry,1
CUST_00796,1544.6,network_error,1,4,1.0,payment_link,0
CUST_00796,1544.6,network_error,1,4,1.0,alt_method,1
CUST_00797,644.42,insufficient_funds,2,2,0.333,retry,0
CUST_00797,644.42,insufficient_funds,2,2,0.333,payment_link,0
CUST_00797,644.42,insufficient_funds,2,2,0.333,alt_method,0
CUST_00798,1147.34,bank_declined,1,10,1.0,retry,0
CUST_00798,1147.34,bank_declined,1,10,1.0,payment_link,0
CUST_00798,1147.34,bank_declined,1,10,1.0,alt_method,0
CUST_00799,680.38,network_error,1,0,0.333,retry,0
CUST_00799,680.38,network_error,1,0,0.333,payment_link,0
CUST_00799,680.38,network_error,1,0,0.333,alt_method,1
CUST_00800,681.17,network_error,3,1,1.0,retry,1
CUST_00800,681.17,network_error,3,1,1.0,payment_link,1
CUST_00800,681.17,network_error,3,1,1.0,alt_method,1
CUST_00801,1408.99,insufficient_funds,3,7,1.0,retry,1
CUST_00801,1408.99,insufficient_funds,3,7,1.0,payment_link,1
CUST_00801,1408.99,insufficient_funds,3,7,1.0,alt_method,1
CUST_00802,440.17,network_error,3,14,0.5,retry,0
CUST_00802,440.17,network_error,3,14,0.5,payment_link,0
CUST_00802,440.17,network_error,3,14,0.5,alt_method,0
CUST_00803,718.31,network_error,0,0,0.714,retry,1
CUST_00803,718.31,network_error,0,0,0.714,payment_link,1
CUST_00803,718.31,network_error,0,0,0.714,alt_method,1
CUST_00804,459.52,insufficient_funds,1,6,0.25,retry,0
CUST_00804,459.52,insufficient_funds,1,6,0.25,payment_link,0
CUST_00804,459.52,insufficient_funds,1,6,0.25,alt_method,0
CUST_00805,469.85,card_declined,1,13,0.5,retry,0
CUST_00805,469.85,card_declined,1,13,0.5,payment_link,0
CUST_00805,469.85,card_declined,1,13,0.5,alt_method,1
CUST_00806,519.39,insufficient_funds,0,13,0.286,retry,0
CUST_00806,519.39,insufficient_funds,0,13,0.286,payment_link,0
CUST_00806,519.39,insufficient_funds,0,13,0.286,alt_method,0
CUST_00807,794.5,network_error,0,4,0.6,retry,0
CUST_00807,794.5,network_error,0,4,0.6,payment_link,0
CUST_00807,794.5,network_error,0,4,0.6,alt_method,0
CUST_00808,453.5,network_error,0,2,0.5,retry,1
CUST_00808,453.5,network_error,0,2,0.5,payment_link,0
CUST_00808,453.5,network_error,0,2,0.5,alt_method,0
CUST_00809,1816.39,bank_declined,1,11,0.6,retry,0
CUST_00809,1816.39,bank_declined,1,11,0.6,payment_link,0
CUST_00809,1816.39,bank_declined,1,11,0.6,alt_method,0
CUST_00810,325.16,insufficient_funds,1,11,1.0,retry,1
CUST_00810,325.16,insufficient_funds,1,11,1.0,payment_link,0
CUST_00810,325.16,insufficient_funds,1,11,1.0,alt_method,1
CUST_00811,572.78,bank_declined,3,14,0.75,retry,0
CUST_00811,572.78,bank_declined,3,14,0.75,payment_link,0
CUST_00811,572.78,bank_declined,3,14,0.75,alt_method,0
CUST_00812,467.88,bank_declined,3,10,0.429,retry,0
CUST_00812,467.88,bank_declined,3,10,0.429,payment_link,0
CUST_00812,467.88,bank_declined,3,10,0.429,alt_method,0
CUST_00813,2116.63,bank_declined,1,6,1.0,retry,0
CUST_00813,2116.63,bank_declined,1,6,1.0,payment_link,1
CUST_00813,2116.63,bank_declined,1,6,1.0,alt_method,0
CUST_00814,778.4,network_error,3,8,1.0,retry,1
CUST_00814,778.4,network_error,3,8,1.0,payment_link,1
CUST_00814,778.4,network_error,3,8,1.0,alt_method,0
CUST_00815,1518.5,bank_declined,0,1,0.0,retry,0
CUST_00815,1518.5,bank_declined,0,1,0.0,payment_link,0
CUST_00815,1518.5,bank_declined,0,1,0.0,alt_method,0
CUST_00816,202.66,network_error,2,7,0.0,retry,0
CUST_00816,202.66,network_error,2,7,0.0,payment_link,0
CUST_00816,202.66,network_error,2,7,0.0,alt_method,0
CUST_00817,823.56,card_declined,3,8,0.571,retry,0
CUST_00817,823.56,card_declined,3,8,0.571,payment_link,0
CUST_00817,823.56,card_declined,3,8,0.571,alt_method,0
CUST_00818,1355.2,bank_declined,1,10,0.286,retry,0
CUST_00818,1355.2,bank_declined,1,10,0.286,payment_link,0
CUST_00818,1355.2,bank_declined,1,10,0.286,alt_method,0
CUST_00819,710.4,insufficient_funds,3,2,0.5,retry,0
CUST_00819,710.4,insufficient_funds,3,2,0.5,payment_link,0
CUST_00819,710.4,insufficient_funds,3,2,0.5,alt_method,0
CUST_00820,1559.91,network_error,3,1,0.429,retry,0
CUST_00820,1559.91,network_error,3,1,0.429,payment_link,1
CUST_00820,1559.91,network_error,3,1,0.429,alt_method,0
CUST_00821,439.73,network_error,3,6,0.2,retry,0
CUST_00821,439.73,network_error,3,6,0.2,payment_link,0
CUST_00821,439.73,network_error,3,6,0.2,alt_method,0
CUST_00822,2053.86,bank_declined,2,4,1.0,retry,0
CUST_00822,2053.86,bank_declined,2,4,1.0,payment_link,0
CUST_00822,2053.86,bank_declined,2,4,1.0,alt_method,1
CUST_00823,4184.4,network_error,0,4,1.0,retry,1
CUST_00823,4184.4,network_error,0,4,1.0,payment_link,0
CUST_00823,4184.4,network_error,0,4,1.0,alt_method,0
CUST_00824,497.57,insufficient_funds,1,9,1.0,retry,1
CUST_00824,497.57,insufficient_funds,1,9,1.0,payment_link,0
CUST_00824,497.57,insufficient_funds,1,9,1.0,alt_method,0
CUST_00825,465.73,network_error,2,4,0.333,retry,1
CUST_00825,465.73,network_error,2,4,0.333,payment_link,0
CUST_00825,465.73,network_error,2,4,0.333,alt_method,0
CUST_00826,2127.51,bank_declined,1,3,0.6,retry,0
CUST_00826,2127.51,bank_declined,1,3,0.6,payment_link,0
CUST_00826,2127.51,bank_declined,1,3,0.6,alt_method,1
CUST_00827,2353.5,bank_declined,1,12,0.333,retry,0
CUST_00827,2353.5,bank_declined,1,12,0.333,payment_link,0
CUST_00827,2353.5,bank_declined,1,12,0.333,alt_method,0
CUST_00828,437.78,bank_declined,1,4,0.0,retry,0
CUST_00828,437.78,bank_declined,1,4,0.0,payment_link,0
CUST_00828,437.78,bank_declined,1,4,0.0,alt_method,0
CUST_00829,475.25,bank_declined,2,12,0.333,retry,0
CUST_00829,475.25,bank_declined,2,12,0.333,payment_link,0
CUST_00829,475.25,bank_declined,2,12,0.333,alt_method,0
CUST_00830,530.9,network_error,0,3,0.429,retry,0
CUST_00830,530.9,network_error,0,3,0.429,payment_link,0
CUST_00830,530.9,network_error,0,3,0.429,alt_method,0
CUST_00831,226.88,network_error,1,14,0.5,retry,0
CUST_00831,226.88,network_error,1,14,0.5,payment_link,0
CUST_00831,226.88,network_error,1,14,0.5,alt_method,0
CUST_00832,318.96,bank_declined,0,12,0.0,retry,0
CUST_00832,318.96,bank_declined,0,12,0.0,payment_link,0
CUST_00832,318.96,bank_declined,0,12,0.0,alt_method,0
CUST_00833,297.88,insufficient_funds,0,5,0.333,retry,1
CUST_00833,297.88,insufficient_funds,0,5,0.333,payment_link,0
CUST_00833,297.88,insufficient_funds,0,5,0.333,alt_method,1
CUST_00834,359.88,insufficient_funds,3,3,0.75,retry,0
CUST_00834,359.88,insufficient_funds,3,3,0.75,payment_link,1
CUST_00834,359.88,insufficient_funds,3,3,0.75,alt_method,0
CUST_00835,646.94,network_error,2,1,1.0,retry,1
CUST_00835,646.94,network_error,2,1,1.0,payment_link,1
CUST_00835,646.94,network_error,2,1,1.0,alt_method,1
CUST_00836,802.21,network_error,2,8,0.25,retry,0
CUST_00836,802.21,network_error,2,8,0.25,payment_link,1
CUST_00836,802.21,network_error,2,8,0.25,alt_method,0
CUST_00837,2299.39,network_error,3,1,1.0,retry,1
CUST_00837,2299.39,network_error,3,1,1.0,payment_link,0
CUST_00837,2299.39,network_error,3,1,1.0,alt_method,1
CUST_00838,299.26,card_declined,3,8,1.0,retry,1
CUST_00838,299.26,card_declined,3,8,1.0,payment_link,0
CUST_00838,299.26,card_declined,3,8,1.0,alt_method,0
CUST_00839,1461.85,network_error,0,9,1.0,retry,0
CUST_00839,1461.85,network_error,0,9,1.0,payment_link,0
CUST_00839,1461.85,network_error,0,9,1.0,alt_method,0
CUST_00840,560.49,insufficient_funds,1,5,0.714,retry,0
CUST_00840,560.49,insufficient_funds,1,5,0.714,payment_link,0
CUST_00840,560.49,insufficient_funds,1,5,0.714,alt_method,1
CUST_00841,639.34,network_error,2,8,0.75,retry,1
CUST_00841,639.34,network_error,2,8,0.75,payment_link,1
CUST_00841,639.34,network_error,2,8,0.75,alt_method,0
CUST_00842,1141.22,bank_declined,1,8,1.0,retry,0
CUST_00842,1141.22,bank_declined,1,8,1.0,payment_link,0
CUST_00842,1141.22,bank_declined,1,8,1.0,alt_method,0
CUST_00843,270.92,insufficient_funds,1,2,0.143,retry,0
CUST_00843,270.92,insufficient_funds,1,2,0.143,payment_link,0
CUST_00843,270.92,insufficient_funds,1,2,0.143,alt_method,0
CUST_00844,903.19,card_declined,3,0,0.8,retry,0
CUST_00844,903.19,card_declined,3,0,0.8,payment_link,1
CUST_00844,903.19,card_declined,3,0,0.8,alt_method,0
CUST_00845,759.88,card_declined,1,0,0.667,retry,0
CUST_00845,759.88,card_declined,1,0,0.667,payment_link,1
CUST_00845,759.88,card_declined,1,0,0.667,alt_method,0
CUST_00846,986.3,insufficient_funds,0,2,0.6,retry,0
CUST_00846,986.3,insufficient_funds,0,2,0.6,payment_link,0
CUST_00846,986.3,insufficient_funds,0,2,0.6,alt_method,0
CUST_00847,838.27,card_declined,3,4,0.5,retry,0
CUST_00847,838.27,card_declined,3,4,0.5,payment_link,0
CUST_00847,838.27,card_declined,3,4,0.5,alt_method,1
CUST_00848,4742.12,card_declined,1,12,0.714,retry,0
CUST_00848,4742.12,card_declined,1,12,0.714,payment_link,1
CUST_00848,4742.12,card_declined,1,12,0.714,alt_method,0
CUST_00849,399.34,bank_declined,3,2,0.333,retry,0
CUST_00849,399.34,bank_declined,3,2,0.333,payment_link,0
CUST_00849,399.34,bank_declined,3,2,0.333,alt_method,0
CUST_00850,434.94,bank_declined,0,11,0.429,retry,0
CUST_00850,434.94,bank_declined,0,11,0.429,payment_link,0
CUST_00850,434.94,bank_declined,0,11,0.429,alt_method,0
CUST_00851,404.03,network_error,0,8,1.0,retry,1
CUST_00851,404.03,network_error,0,8,1.0,payment_link,0
CUST_00851,404.03,network_error,0,8,1.0,alt_method,1
CUST_00852,426.5,insufficient_funds,1,8,0.167,retry,0
CUST_00852,426.5,insufficient_funds,1,8,0.167,payment_link,0
CUST_00852,426.5,insufficient_funds,1,8,0.167,alt_method,0
CUST_00853,399.45,network_error,3,2,1.0,retry,1
CUST_00853,399.45,network_error,3,2,1.0,payment_link,0
CUST_00853,399.45,network_error,3,2,1.0,alt_method,0
CUST_00854,1721.95,network_error,1,2,0.6,retry,1
CUST_00854,1721.95,network_error,1,2,0.6,payment_link,0
CUST_00854,1721.95,network_error,1,2,0.6,alt_method,0
CUST_00855,2072.28,card_declined,1,11,0.5,retry,0
CUST_00855,2072.28,card_declined,1,11,0.5,payment_link,0
CUST_00855,2072.28,card_declined,1,11,0.5,alt_method,0
CUST_00856,421.32,insufficient_funds,3,13,1.0,retry,0
CUST_00856,421.32,insufficient_funds,3,13,1.0,payment_link,0
CUST_00856,421.32,insufficient_funds,3,13,1.0,alt_method,0
CUST_00857,341.76,bank_declined,1,4,0.857,retry,0
CUST_00857,341.76,bank_declined,1,4,0.857,payment_link,0
CUST_00857,341.76,bank_declined,1,4,0.857,alt_method,0
CUST_00858,969.84,bank_declined,0,1,1.0,retry,1
CUST_00858,969.84,bank_declined,0,1,1.0,payment_link,1
CUST_00858,969.84,bank_declined,0,1,1.0,alt_method,0
CUST_00859,427.61,card_declined,3,5,0.5,retry,0
CUST_00859,427.61,card_declined,3,5,0.5,payment_link,0
CUST_00859,427.61,card_declined,3,5,0.5,alt_method,0
CUST_00860,1103.61,card_declined,3,6,0.5,retry,1
CUST_00860,1103.61,card_declined,3,6,0.5,payment_link,0
CUST_00860,1103.61,card_declined,3,6,0.5,alt_method,0
CUST_00861,782.38,network_error,3,12,0.857,retry,0
CUST_00861,782.38,network_error,3,12,0.857,payment_link,0
CUST_00861,782.38,network_error,3,12,0.857,alt_method,0
CUST_00862,197.83,network_error,3,8,0.714,retry,0
CUST_00862,197.83,network_error,3,8,0.714,payment_link,0
CUST_00862,197.83,network_error,3,8,0.714,alt_method,1
CUST_00863,2293.89,insufficient_funds,1,14,0.857,retry,0
CUST_00863,2293.89,insufficient_funds,1,14,0.857,payment_link,1
CUST_00863,2293.89,insufficient_funds,1,14,0.857,alt_method,0
CUST_00864,2798.12,network_error,1,5,1.0,retry,0
CUST_00864,2798.12,network_error,1,5,1.0,payment_link,1
CUST_00864,2798.12,network_error,1,5,1.0,alt_method,1
CUST_00865,407.39,network_error,0,2,0.0,retry,0
CUST_00865,407.39,network_error,0,2,0.0,payment_link,1
CUST_00865,407.39,network_error,0,2,0.0,alt_method,1
CUST_00866,487.77,insufficient_funds,2,11,1.0,retry,0
CUST_00866,487.77,insufficient_funds,2,11,1.0,payment_link,0
CUST_00866,487.77,insufficient_funds,2,11,1.0,alt_method,1
CUST_00867,836.05,bank_declined,2,4,1.0,retry,0
CUST_00867,836.05,bank_declined,2,4,1.0,payment_link,1
CUST_00867,836.05,bank_declined,2,4,1.0,alt_method,0
CUST_00868,869.19,insufficient_funds,0,3,0.6,retry,1
CUST_00868,869.19,insufficient_funds,0,3,0.6,payment_link,0
CUST_00868,869.19,insufficient_funds,0,3,0.6,alt_method,0
CUST_00869,1126.46,insufficient_funds,2,14,0.429,retry,0
CUST_00869,1126.46,insufficient_funds,2,14,0.429,payment_link,0
CUST_00869,1126.46,insufficient_funds,2,14,0.429,alt_method,0
CUST_00870,3321.47,bank_declined,0,4,0.75,retry,0
CUST_00870,3321.47,bank_declined,0,4,0.75,payment_link,0
CUST_00870,3321.47,bank_declined,0,4,0.75,alt_method,0
CUST_00871,577.35,network_error,1,7,0.333,retry,1
CUST_00871,577.35,network_error,1,7,0.333,payment_link,0
CUST_00871,577.35,network_error,1,7,0.333,alt_method,0
CUST_00872,351.2,network_error,3,7,0.8,retry,1
CUST_00872,351.2,network_error,3,7,0.8,payment_link,1
CUST_00872,351.2,network_error,3,7,0.8,alt_method,0
CUST_00873,220.64,bank_declined,3,5,0.571,retry,0
CUST_00873,220.64,bank_declined,3,5,0.571,payment_link,0
CUST_00873,220.64,bank_declined,3,5,0.571,alt_method,0
CUST_00874,370.65,bank_declined,1,0,0.667,retry,0
CUST_00874,370.65,bank_declined,1,0,0.667,payment_link,0
CUST_00874,370.65,bank_declined,1,0,0.667,alt_method,0
CUST_00875,647.75,bank_declined,3,7,1.0,retry,0
CUST_00875,647.75,bank_declined,3,7,1.0,payment_link,0
CUST_00875,647.75,bank_declined,3,7,1.0,alt_method,1
CUST_00876,2795.16,network_error,3,7,1.0,retry,0
CUST_00876,2795.16,network_error,3,7,1.0,payment_link,1
CUST_00876,2795.16,network_error,3,7,1.0,alt_method,0
CUST_00877,439.62,bank_declined,2,1,0.429,retry,0
CUST_00877,439.62,bank_declined,2,1,0.429,payment_link,0
CUST_00877,439.62,bank_declined,2,1,0.429,alt_method,0
CUST_00878,795.55,bank_declined,1,3,0.4,retry,0
CUST_00878,795.55,bank_declined,1,3,0.4,payment_link,0
CUST_00878,795.55,bank_declined,1,3,0.4,alt_method,0
CUST_00879,656.46,insufficient_funds,2,11,0.5,retry,0
CUST_00879,656.46,insufficient_funds,2,11,0.5,payment_link,0
CUST_00879,656.46,insufficient_funds,2,11,0.5,alt_method,0
CUST_00880,1721.09,bank_declined,2,1,0.6,retry,1
CUST_00880,1721.09,bank_declined,2,1,0.6,payment_link,1
CUST_00880,1721.09,bank_declined,2,1,0.6,alt_method,0
CUST_00881,5021.81,card_declined,3,3,1.0,retry,0
CUST_00881,5021.81,card_declined,3,3,1.0,payment_link,0
CUST_00881,5021.81,card_declined,3,3,1.0,alt_method,1
CUST_00882,434.98,insufficient_funds,3,11,0.5,retry,0
CUST_00882,434.98,insufficient_funds,3,11,0.5,payment_link,1
CUST_00882,434.98,insufficient_funds,3,11,0.5,alt_method,0
CUST_00883,449.64,insufficient_funds,1,12,0.143,retry,0
CUST_00883,449.64,insufficient_funds,1,12,0.143,payment_link,0
CUST_00883,449.64,insufficient_funds,1,12,0.143,alt_method,0
CUST_00884,1533.53,card_declined,3,12,0.0,retry,0
CUST_00884,1533.53,card_declined,3,12,0.0,payment_link,0
CUST_00884,1533.53,card_declined,3,12,0.0,alt_method,0
CUST_00885,1147.7,bank_declined,3,9,0.857,retry,0
CUST_00885,1147.7,bank_declined,3,9,0.857,payment_link,0
CUST_00885,1147.7,bank_declined,3,9,0.857,alt_method,0
CUST_00886,2914.24,insufficient_funds,1,6,0.0,retry,0
CUST_00886,2914.24,insufficient_funds,1,6,0.0,payment_link,0
CUST_00886,2914.24,insufficient_funds,1,6,0.0,alt_method,0
CUST_00887,1061.19,bank_declined,3,8,0.6,retry,0
CUST_00887,1061.19,bank_declined,3,8,0.6,payment_link,0
CUST_00887,1061.19,bank_declined,3,8,0.6,alt_method,0
CUST_00888,498.98,insufficient_funds,2,13,0.75,retry,0
CUST_00888,498.98,insufficient_funds,2,13,0.75,payment_link,0
CUST_00888,498.98,insufficient_funds,2,13,0.75,alt_method,0
CUST_00889,1066.91,network_error,1,13,0.571,retry,0
CUST_00889,1066.91,network_error,1,13,0.571,payment_link,1
CUST_00889,1066.91,network_error,1,13,0.571,alt_method,1
CUST_00890,1614.79,insufficient_funds,3,7,0.714,retry,0
CUST_00890,1614.79,insufficient_funds,3,7,0.714,payment_link,0
CUST_00890,1614.79,insufficient_funds,3,7,0.714,alt_method,0
CUST_00891,1282.27,card_declined,0,14,0.0,retry,0
CUST_00891,1282.27,card_declined,0,14,0.0,payment_link,1
CUST_00891,1282.27,card_declined,0,14,0.0,alt_method,0
CUST_00892,998.07,card_declined,1,11,0.6,retry,0
CUST_00892,998.07,card_declined,1,11,0.6,payment_link,0
CUST_00892,998.07,card_declined,1,11,0.6,alt_method,0
CUST_00893,1561.4,insufficient_funds,1,8,0.5,retry,0
CUST_00893,1561.4,insufficient_funds,1,8,0.5,payment_link,1
CUST_00893,1561.4,insufficient_funds,1,8,0.5,alt_method,0
CUST_00894,1695.0,insufficient_funds,0,7,0.667,retry,0
CUST_00894,1695.0,insufficient_funds,0,7,0.667,payment_link,1
CUST_00894,1695.0,insufficient_funds,0,7,0.667,alt_method,0
CUST_00895,2009.67,network_error,3,1,0.333,retry,0
CUST_00895,2009.67,network_error,3,1,0.333,payment_link,0
CUST_00895,2009.67,network_error,3,1,0.333,alt_method,0
CUST_00896,1117.63,card_declined,3,6,0.5,retry,0
CUST_00896,1117.63,card_declined,3,6,0.5,payment_link,0
CUST_00896,1117.63,card_declined,3,6,0.5,alt_method,0
CUST_00897,581.9,card_declined,1,1,0.5,retry,0
CUST_00897,581.9,card_declined,1,1,0.5,payment_link,0
CUST_00897,581.9,card_declined,1,1,0.5,alt_method,1
CUST_00898,747.98,bank_declined,1,12,0.833,retry,0
CUST_00898,747.98,bank_declined,1,12,0.833,payment_link,1
CUST_00898,747.98,bank_declined,1,12,0.833,alt_method,0
CUST_00899,1746.22,bank_declined,3,11,1.0,retry,0
CUST_00899,1746.22,bank_declined,3,11,1.0,payment_link,0
CUST_00899,1746.22,bank_declined,3,11,1.0,alt_method,0
CUST_00900,346.0,bank_declined,3,10,0.0,retry,0
CUST_00900,346.0,bank_declined,3,10,0.0,payment_link,0
CUST_00900,346.0,bank_declined,3,10,0.0,alt_method,0
CUST_00901,893.31,insufficient_funds,2,1,1.0,retry,0
CUST_00901,893.31,insufficient_funds,2,1,1.0,payment_link,0
CUST_00901,893.31,insufficient_funds,2,1,1.0,alt_method,0
CUST_00902,485.57,network_error,1,14,1.0,retry,0
CUST_00902,485.57,network_error,1,14,1.0,payment_link,0
CUST_00902,485.57,network_error,1,14,1.0,alt_method,1
CUST_00903,680.61,insufficient_funds,1,3,0.833,retry,0
CUST_00903,680.61,insufficient_funds,1,3,0.833,payment_link,0
CUST_00903,680.61,insufficient_funds,1,3,0.833,alt_method,0
CUST_00904,1849.67,bank_declined,0,0,0.5,retry,0
CUST_00904,1849.67,bank_declined,0,0,0.5,payment_link,0
CUST_00904,1849.67,bank_declined,0,0,0.5,alt_method,0
CUST_00905,775.01,bank_declined,2,14,1.0,retry,0
CUST_00905,775.01,bank_declined,2,14,1.0,payment_link,0
CUST_00905,775.01,bank_declined,2,14,1.0,alt_method,0
CUST_00906,690.32,insufficient_funds,3,4,1.0,retry,0
CUST_00906,690.32,insufficient_funds,3,4,1.0,payment_link,0
CUST_00906,690.32,insufficient_funds,3,4,1.0,alt_method,0
CUST_00907,224.11,card_declined,2,5,0.429,retry,0
CUST_00907,224.11,card_declined,2,5,0.429,payment_link,0
CUST_00907,224.11,card_declined,2,5,0.429,alt_method,1
CUST_00908,1208.34,network_error,3,8,0.0,retry,0
CUST_00908,1208.34,network_error,3,8,0.0,payment_link,0
CUST_00908,1208.34,network_error,3,8,0.0,alt_method,0
CUST_00909,1114.75,insufficient_funds,3,9,1.0,retry,0
CUST_00909,1114.75,insufficient_funds,3,9,1.0,payment_link,1
CUST_00909,1114.75,insufficient_funds,3,9,1.0,alt_method,0
CUST_00910,3754.1,bank_declined,2,7,0.833,retry,0
CUST_00910,3754.1,bank_declined,2,7,0.833,payment_link,0
CUST_00910,3754.1,bank_declined,2,7,0.833,alt_method,0
CUST_00911,519.97,bank_declined,1,1,0.667,retry,0
CUST_00911,519.97,bank_declined,1,1,0.667,payment_link,0
CUST_00911,519.97,bank_declined,1,1,0.667,alt_method,0
CUST_00912,792.6,bank_declined,3,0,0.714,retry,0
CUST_00912,792.6,bank_declined,3,0,0.714,payment_link,0
CUST_00912,792.6,bank_declined,3,0,0.714,alt_method,0
CUST_00913,812.01,network_error,2,1,0.571,retry,0
CUST_00913,812.01,network_error,2,1,0.571,payment_link,0
CUST_00913,812.01,network_error,2,1,0.571,alt_method,0
CUST_00914,2349.51,network_error,0,6,0.667,retry,1
CUST_00914,2349.51,network_error,0,6,0.667,payment_link,1
CUST_00914,2349.51,network_error,0,6,0.667,alt_method,1
CUST_00915,616.32,bank_declined,2,3,0.0,retry,0
CUST_00915,616.32,bank_declined,2,3,0.0,payment_link,0
CUST_00915,616.32,bank_declined,2,3,0.0,alt_method,0
CUST_00916,831.49,insufficient_funds,0,9,0.333,retry,0
CUST_00916,831.49,insufficient_funds,0,9,0.333,payment_link,0
CUST_00916,831.49,insufficient_funds,0,9,0.333,alt_method,0
CUST_00917,1081.73,network_error,3,4,1.0,retry,0
CUST_00917,1081.73,network_error,3,4,1.0,payment_link,1
CUST_00917,1081.73,network_error,3,4,1.0,alt_method,0
CUST_00918,772.23,bank_declined,2,11,0.6,retry,1
CUST_00918,772.23,bank_declined,2,11,0.6,payment_link,0
CUST_00918,772.23,bank_declined,2,11,0.6,alt_method,0
CUST_00919,465.38,insufficient_funds,2,6,1.0,retry,0
CUST_00919,465.38,insufficient_funds,2,6,1.0,payment_link,1
CUST_00919,465.38,insufficient_funds,2,6,1.0,alt_method,1
CUST_00920,776.87,bank_declined,0,2,0.857,retry,1
CUST_00920,776.87,bank_declined,0,2,0.857,payment_link,0
CUST_00920,776.87,bank_declined,0,2,0.857,alt_method,0
CUST_00921,1570.12,bank_declined,2,9,0.714,retry,0
CUST_00921,1570.12,bank_declined,2,9,0.714,payment_link,0
CUST_00921,1570.12,bank_declined,2,9,0.714,alt_method,1
CUST_00922,292.59,network_error,2,1,1.0,retry,0
CUST_00922,292.59,network_error,2,1,1.0,payment_link,1
CUST_00922,292.59,network_error,2,1,1.0,alt_method,0
CUST_00923,739.8,network_error,3,12,0.6,retry,1
CUST_00923,739.8,network_error,3,12,0.6,payment_link,0
CUST_00923,739.8,network_error,3,12,0.6,alt_method,0
CUST_00924,379.9,bank_declined,2,6,1.0,retry,0
CUST_00924,379.9,bank_declined,2,6,1.0,payment_link,1
CUST_00924,379.9,bank_declined,2,6,1.0,alt_method,0
CUST_00925,1730.28,bank_declined,1,4,0.333,retry,0
CUST_00925,1730.28,bank_declined,1,4,0.333,payment_link,0
CUST_00925,1730.28,bank_declined,1,4,0.333,alt_method,0
CUST_00926,196.65,bank_declined,0,13,1.0,retry,0
CUST_00926,196.65,bank_declined,0,13,1.0,payment_link,1
CUST_00926,196.65,bank_declined,0,13,1.0,alt_method,0
CUST_00927,425.33,bank_declined,2,14,1.0,retry,0
CUST_00927,425.33,bank_declined,2,14,1.0,payment_link,0
CUST_00927,425.33,bank_declined,2,14,1.0,alt_method,1
CUST_00928,899.44,bank_declined,0,0,0.8,retry,0
CUST_00928,899.44,bank_declined,0,0,0.8,payment_link,0
CUST_00928,899.44,bank_declined,0,0,0.8,alt_method,0
CUST_00929,2327.2,card_declined,0,0,0.571,retry,0
CUST_00929,2327.2,card_declined,0,0,0.571,payment_link,1
CUST_00929,2327.2,card_declined,0,0,0.571,alt_method,1
CUST_00930,631.06,insufficient_funds,0,8,0.5,retry,0
CUST_00930,631.06,insufficient_funds,0,8,0.5,payment_link,0
CUST_00930,631.06,insufficient_funds,0,8,0.5,alt_method,0
CUST_00931,426.6,insufficient_funds,2,4,0.0,retry,0
CUST_00931,426.6,insufficient_funds,2,4,0.0,payment_link,0
CUST_00931,426.6,insufficient_funds,2,4,0.0,alt_method,0
CUST_00932,2995.68,insufficient_funds,2,0,1.0,retry,0
CUST_00932,2995.68,insufficient_funds,2,0,1.0,payment_link,0
CUST_00932,2995.68,insufficient_funds,2,0,1.0,alt_method,0
CUST_00933,208.84,network_error,0,6,1.0,retry,1
CUST_00933,208.84,network_error,0,6,1.0,payment_link,1
CUST_00933,208.84,network_error,0,6,1.0,alt_method,0
CUST_00934,114.54,insufficient_funds,1,8,0.571,retry,0
CUST_00934,114.54,insufficient_funds,1,8,0.571,payment_link,0
CUST_00934,114.54,insufficient_funds,1,8,0.571,alt_method,0
CUST_00935,945.78,network_error,0,10,0.833,retry,1
CUST_00935,945.78,network_error,0,10,0.833,payment_link,0
CUST_00935,945.78,network_error,0,10,0.833,alt_method,0
CUST_00936,445.13,card_declined,1,0,0.667,retry,1
CUST_00936,445.13,card_declined,1,0,0.667,payment_link,1
CUST_00936,445.13,card_declined,1,0,0.667,alt_method,1
CUST_00937,293.83,insufficient_funds,0,9,0.6,retry,0
CUST_00937,293.83,insufficient_funds,0,9,0.6,payment_link,1
CUST_00937,293.83,insufficient_funds,0,9,0.6,alt_method,0
CUST_00938,1172.26,insufficient_funds,3,13,0.6,retry,0
CUST_00938,1172.26,insufficient_funds,3,13,0.6,payment_link,0
CUST_00938,1172.26,insufficient_funds,3,13,0.6,alt_method,0
CUST_00939,808.39,insufficient_funds,0,12,1.0,retry,1
CUST_00939,808.39,insufficient_funds,0,12,1.0,payment_link,1
CUST_00939,808.39,insufficient_funds,0,12,1.0,alt_method,0
CUST_00940,423.58,network_error,0,3,0.25,retry,1
CUST_00940,423.58,network_error,0,3,0.25,payment_link,0
CUST_00940,423.58,network_error,0,3,0.25,alt_method,0
CUST_00941,238.83,network_error,2,13,0.667,retry,0
CUST_00941,238.83,network_error,2,13,0.667,payment_link,0
CUST_00941,238.83,network_error,2,13,0.667,alt_method,0
CUST_00942,1336.71,insufficient_funds,1,2,0.0,retry,1
CUST_00942,1336.71,insufficient_funds,1,2,0.0,payment_link,0
CUST_00942,1336.71,insufficient_funds,1,2,0.0,alt_method,0
CUST_00943,1118.97,network_error,3,4,0.5,retry,1
CUST_00943,1118.97,network_error,3,4,0.5,payment_link,0
CUST_00943,1118.97,network_error,3,4,0.5,alt_method,0
CUST_00944,614.41,bank_declined,1,6,0.429,retry,0
CUST_00944,614.41,bank_declined,1,6,0.429,payment_link,0
CUST_00944,614.41,bank_declined,1,6,0.429,alt_method,0
CUST_00945,2914.08,card_declined,3,7,0.6,retry,0
CUST_00945,2914.08,card_declined,3,7,0.6,payment_link,0
CUST_00945,2914.08,card_declined,3,7,0.6,alt_method,0
CUST_00946,282.57,card_declined,0,12,0.667,retry,0
CUST_00946,282.57,card_declined,0,12,0.667,payment_link,1
CUST_00946,282.57,card_declined,0,12,0.667,alt_method,0
CUST_00947,196.29,bank_declined,2,1,0.5,retry,0
CUST_00947,196.29,bank_declined,2,1,0.5,payment_link,1
CUST_00947,196.29,bank_declined,2,1,0.5,alt_method,0
CUST_00948,382.4,network_error,2,6,0.857,retry,1
CUST_00948,382.4,network_error,2,6,0.857,payment_link,0
CUST_00948,382.4,network_error,2,6,0.857,alt_method,1
CUST_00949,641.32,card_declined,1,13,0.667,retry,0
CUST_00949,641.32,card_declined,1,13,0.667,payment_link,1
CUST_00949,641.32,card_declined,1,13,0.667,alt_method,0
CUST_00950,808.09,card_declined,2,13,0.333,retry,0
CUST_00950,808.09,card_declined,2,13,0.333,payment_link,0
CUST_00950,808.09,card_declined,2,13,0.333,alt_method,0
CUST_00951,548.4,network_error,1,0,0.333,retry,1
CUST_00951,548.4,network_error,1,0,0.333,payment_link,0
CUST_00951,548.4,network_error,1,0,0.333,alt_method,0
CUST_00952,881.52,bank_declined,1,6,1.0,retry,0
CUST_00952,881.52,bank_declined,1,6,1.0,payment_link,0
CUST_00952,881.52,bank_declined,1,6,1.0,alt_method,0
CUST_00953,244.39,network_error,3,7,0.429,retry,0
CUST_00953,244.39,network_error,3,7,0.429,payment_link,0
CUST_00953,244.39,network_error,3,7,0.429,alt_method,0
CUST_00954,2111.2,bank_declined,1,1,0.667,retry,1
CUST_00954,2111.2,bank_declined,1,1,0.667,payment_link,0
CUST_00954,2111.2,bank_declined,1,1,0.667,alt_method,0
CUST_00955,622.83,card_declined,3,8,0.75,retry,0
CUST_00955,622.83,card_declined,3,8,0.75,payment_link,0
CUST_00955,622.83,card_declined,3,8,0.75,alt_method,0
CUST_00956,1625.93,network_error,2,0,1.0,retry,1
CUST_00956,1625.93,network_error,2,0,1.0,payment_link,1
CUST_00956,1625.93,network_error,2,0,1.0,alt_method,0
CUST_00957,874.96,card_declined,1,12,0.4,retry,0
CUST_00957,874.96,card_declined,1,12,0.4,payment_link,0
CUST_00957,874.96,card_declined,1,12,0.4,alt_method,0
CUST_00958,958.53,bank_declined,1,5,1.0,retry,1
CUST_00958,958.53,bank_declined,1,5,1.0,payment_link,0
CUST_00958,958.53,bank_declined,1,5,1.0,alt_method,0
CUST_00959,1049.23,card_declined,0,0,0.5,retry,0
CUST_00959,1049.23,card_declined,0,0,0.5,payment_link,1
CUST_00959,1049.23,card_declined,0,0,0.5,alt_method,0
CUST_00960,951.62,insufficient_funds,1,2,0.333,retry,1
CUST_00960,951.62,insufficient_funds,1,2,0.333,payment_link,0
CUST_00960,951.62,insufficient_funds,1,2,0.333,alt_method,1
CUST_00961,1112.29,bank_declined,1,10,1.0,retry,1
CUST_00961,1112.29,bank_declined,1,10,1.0,payment_link,1
CUST_00961,1112.29,bank_declined,1,10,1.0,alt_method,0
CUST_00962,1926.23,network_error,0,5,0.5,retry,0
CUST_00962,1926.23,network_error,0,5,0.5,payment_link,0
CUST_00962,1926.23,network_error,0,5,0.5,alt_method,1
CUST_00963,778.38,insufficient_funds,0,2,0.25,retry,0
CUST_00963,778.38,insufficient_funds,0,2,0.25,payment_link,0
CUST_00963,778.38,insufficient_funds,0,2,0.25,alt_method,1
CUST_00964,1172.86,network_error,2,7,0.8,retry,1
CUST_00964,1172.86,network_error,2,7,0.8,payment_link,1
CUST_00964,1172.86,network_error,2,7,0.8,alt_method,1
CUST_00965,619.07,card_declined,1,4,1.0,retry,1
CUST_00965,619.07,card_declined,1,4,1.0,payment_link,1
CUST_00965,619.07,card_declined,1,4,1.0,alt_method,0
CUST_00966,2105.05,bank_declined,2,1,0.333,retry,0
CUST_00966,2105.05,bank_declined,2,1,0.333,payment_link,0
CUST_00966,2105.05,bank_declined,2,1,0.333,alt_method,0
CUST_00967,387.18,card_declined,2,3,1.0,retry,1
CUST_00967,387.18,card_declined,2,3,1.0,payment_link,0
CUST_00967,387.18,card_declined,2,3,1.0,alt_method,1
CUST_00968,2809.47,card_declined,0,8,0.333,retry,0
CUST_00968,2809.47,card_declined,0,8,0.333,payment_link,0
CUST_00968,2809.47,card_declined,0,8,0.333,alt_method,0
CUST_00969,644.11,network_error,3,3,0.6,retry,1
CUST_00969,644.11,network_error,3,3,0.6,payment_link,1
CUST_00969,644.11,network_error,3,3,0.6,alt_method,0
CUST_00970,211.74,insufficient_funds,2,9,1.0,retry,0
CUST_00970,211.74,insufficient_funds,2,9,1.0,payment_link,0
CUST_00970,211.74,insufficient_funds,2,9,1.0,alt_method,0
CUST_00971,736.92,network_error,3,9,0.333,retry,0
CUST_00971,736.92,network_error,3,9,0.333,payment_link,0
CUST_00971,736.92,network_error,3,9,0.333,alt_method,0
CUST_00972,385.74,network_error,1,7,0.667,retry,1
CUST_00972,385.74,network_error,1,7,0.667,payment_link,0
CUST_00972,385.74,network_error,1,7,0.667,alt_method,0
CUST_00973,1303.12,network_error,0,4,0.25,retry,1
CUST_00973,1303.12,network_error,0,4,0.25,payment_link,0
CUST_00973,1303.12,network_error,0,4,0.25,alt_method,0
CUST_00974,394.61,insufficient_funds,1,10,0.5,retry,0
CUST_00974,394.61,insufficient_funds,1,10,0.5,payment_link,0
CUST_00974,394.61,insufficient_funds,1,10,0.5,alt_method,0
CUST_00975,465.47,network_error,1,10,0.2,retry,1
CUST_00975,465.47,network_error,1,10,0.2,payment_link,0
CUST_00975,465.47,network_error,1,10,0.2,alt_method,0
CUST_00976,146.7,network_error,0,9,0.4,retry,1
CUST_00976,146.7,network_error,0,9,0.4,payment_link,1
CUST_00976,146.7,network_error,0,9,0.4,alt_method,0
CUST_00977,463.2,network_error,1,12,1.0,retry,1
CUST_00977,463.2,network_error,1,12,1.0,payment_link,0
CUST_00977,463.2,network_error,1,12,1.0,alt_method,0
CUST_00978,100.0,network_error,0,12,1.0,retry,1
CUST_00978,100.0,network_error,0,12,1.0,payment_link,1
CUST_00978,100.0,network_error,0,12,1.0,alt_method,1
CUST_00979,187.33,card_declined,3,13,0.667,retry,0
CUST_00979,187.33,card_declined,3,13,0.667,payment_link,0
CUST_00979,187.33,card_declined,3,13,0.667,alt_method,0
CUST_00980,1222.11,bank_declined,1,14,1.0,retry,0
CUST_00980,1222.11,bank_declined,1,14,1.0,payment_link,0
CUST_00980,1222.11,bank_declined,1,14,1.0,alt_method,0
CUST_00981,1247.18,card_declined,0,0,0.4,retry,0
CUST_00981,1247.18,card_declined,0,0,0.4,payment_link,0
CUST_00981,1247.18,card_declined,0,0,0.4,alt_method,0
CUST_00982,934.83,insufficient_funds,2,6,0.667,retry,0
CUST_00982,934.83,insufficient_funds,2,6,0.667,payment_link,0
CUST_00982,934.83,insufficient_funds,2,6,0.667,alt_method,0
CUST_00983,306.87,network_error,1,2,1.0,retry,0
CUST_00983,306.87,network_error,1,2,1.0,payment_link,1
CUST_00983,306.87,network_error,1,2,1.0,alt_method,1
CUST_00984,640.23,bank_declined,3,9,0.667,retry,0
CUST_00984,640.23,bank_declined,3,9,0.667,payment_link,0
CUST_00984,640.23,bank_declined,3,9,0.667,alt_method,0
CUST_00985,663.23,insufficient_funds,0,7,0.5,retry,1
CUST_00985,663.23,insufficient_funds,0,7,0.5,payment_link,0
CUST_00985,663.23,insufficient_funds,0,7,0.5,alt_method,1
CUST_00986,263.3,network_error,1,13,0.4,retry,0
CUST_00986,263.3,network_error,1,13,0.4,payment_link,1
CUST_00986,263.3,network_error,1,13,0.4,alt_method,0
CUST_00987,2214.36,network_error,1,11,1.0,retry,1
CUST_00987,2214.36,network_error,1,11,1.0,payment_link,1
CUST_00987,2214.36,network_error,1,11,1.0,alt_method,1
CUST_00988,1341.96,network_error,1,2,0.833,retry,0
CUST_00988,1341.96,network_error,1,2,0.833,payment_link,0
CUST_00988,1341.96,network_error,1,2,0.833,alt_method,1
CUST_00989,557.37,network_error,3,0,1.0,retry,0
CUST_00989,557.37,network_error,3,0,1.0,payment_link,0
CUST_00989,557.37,network_error,3,0,1.0,alt_method,0
CUST_00990,679.6,insufficient_funds,0,4,0.75,retry,1
CUST_00990,679.6,insufficient_funds,0,4,0.75,payment_link,0
CUST_00990,679.6,insufficient_funds,0,4,0.75,alt_method,0
CUST_00991,785.8,bank_declined,2,1,0.75,retry,0
CUST_00991,785.8,bank_declined,2,1,0.75,payment_link,0
CUST_00991,785.8,bank_declined,2,1,0.75,alt_method,0
CUST_00992,129.88,network_error,2,10,0.0,retry,0
CUST_00992,129.88,network_error,2,10,0.0,payment_link,0
CUST_00992,129.88,network_error,2,10,0.0,alt_method,0
CUST_00993,545.8,network_error,2,3,0.6,retry,1
CUST_00993,545.8,network_error,2,3,0.6,payment_link,0
CUST_00993,545.8,network_error,2,3,0.6,alt_method,0
CUST_00994,385.45,bank_declined,0,0,1.0,retry,0
CUST_00994,385.45,bank_declined,0,0,1.0,payment_link,0
CUST_00994,385.45,bank_declined,0,0,1.0,alt_method,1
CUST_00995,298.48,network_error,2,8,1.0,retry,1
CUST_00995,298.48,network_error,2,8,1.0,payment_link,0
CUST_00995,298.48,network_error,2,8,1.0,alt_method,0
CUST_00996,531.19,insufficient_funds,3,5,0.75,retry,0
CUST_00996,531.19,insufficient_funds,3,5,0.75,payment_link,1
CUST_00996,531.19,insufficient_funds,3,5,0.75,alt_method,0
CUST_00997,2802.17,card_declined,0,7,0.6,retry,0
CUST_00997,2802.17,card_declined,0,7,0.6,payment_link,0
CUST_00997,2802.17,card_declined,0,7,0.6,alt_method,0
CUST_00998,1110.62,network_error,1,10,0.4,retry,0
CUST_00998,1110.62,network_error,1,10,0.4,payment_link,0
CUST_00998,1110.62,network_error,1,10,0.4,alt_method,0
CUST_00999,421.18,network_error,3,3,0.667,retry,0
CUST_00999,421.18,network_error,3,3,0.667,payment_link,0
CUST_00999,421.18,network_error,3,3,0.667,alt_method,0
CUST_01000,1051.6,insufficient_funds,1,8,0.6,retry,1
CUST_01000,1051.6,insufficient_funds,1,8,0.6,payment_link,1
CUST_01000,1051.6,insufficient_funds,1,8,0.6,alt_method,1
CUST_01001,2037.51,insufficient_funds,2,1,0.75,retry,0
CUST_01001,2037.51,insufficient_funds,2,1,0.75,payment_link,0
CUST_01001,2037.51,insufficient_funds,2,1,0.75,alt_method,0
CUST_01002,1393.69,insufficient_funds,3,8,0.5,retry,0
CUST_01002,1393.69,insufficient_funds,3,8,0.5,payment_link,0
CUST_01002,1393.69,insufficient_funds,3,8,0.5,alt_method,0
CUST_01003,697.64,bank_declined,0,11,1.0,retry,0
CUST_01003,697.64,bank_declined,0,11,1.0,payment_link,0
CUST_01003,697.64,bank_declined,0,11,1.0,alt_method,1
CUST_01004,396.41,network_error,3,4,0.714,retry,0
CUST_01004,396.41,network_error,3,4,0.714,payment_link,0
CUST_01004,396.41,network_error,3,4,0.714,alt_method,0
CUST_01005,1162.79,insufficient_funds,1,12,1.0,retry,1
CUST_01005,1162.79,insufficient_funds,1,12,1.0,payment_link,1
CUST_01005,1162.79,insufficient_funds,1,12,1.0,alt_method,1
CUST_01006,911.22,insufficient_funds,0,5,1.0,retry,1
CUST_01006,911.22,insufficient_funds,0,5,1.0,payment_link,0
CUST_01006,911.22,insufficient_funds,0,5,1.0,alt_method,1
CUST_01007,1361.24,network_error,3,2,1.0,retry,0
CUST_01007,1361.24,network_error,3,2,1.0,payment_link,0
CUST_01007,1361.24,network_error,3,2,1.0,alt_method,0
CUST_01008,1105.59,bank_declined,3,3,0.0,retry,0
CUST_01008,1105.59,bank_declined,3,3,0.0,payment_link,0
CUST_01008,1105.59,bank_declined,3,3,0.0,alt_method,0
CUST_01009,1540.16,network_error,3,5,1.0,retry,0
CUST_01009,1540.16,network_error,3,5,1.0,payment_link,0
CUST_01009,1540.16,network_error,3,5,1.0,alt_method,1
CUST_01010,433.47,insufficient_funds,3,6,1.0,retry,0
CUST_01010,433.47,insufficient_funds,3,6,1.0,payment_link,0
CUST_01010,433.47,insufficient_funds,3,6,1.0,alt_method,0
CUST_01011,1908.2,network_error,0,0,0.167,retry,1
CUST_01011,1908.2,network_error,0,0,0.167,payment_link,1
CUST_01011,1908.2,network_error,0,0,0.167,alt_method,0
CUST_01012,779.05,insufficient_funds,1,6,0.5,retry,0
CUST_01012,779.05,insufficient_funds,1,6,0.5,payment_link,1
CUST_01012,779.05,insufficient_funds,1,6,0.5,alt_method,0
CUST_01013,3498.92,insufficient_funds,3,0,0.333,retry,0
CUST_01013,3498.92,insufficient_funds,3,0,0.333,payment_link,0
CUST_01013,3498.92,insufficient_funds,3,0,0.333,alt_method,0
CUST_01014,383.24,bank_declined,0,4,0.333,retry,0
CUST_01014,383.24,bank_declined,0,4,0.333,payment_link,0
CUST_01014,383.24,bank_declined,0,4,0.333,alt_method,0
CUST_01015,2667.16,network_error,1,5,0.0,retry,0
CUST_01015,2667.16,network_error,1,5,0.0,payment_link,0
CUST_01015,2667.16,network_error,1,5,0.0,alt_method,0
CUST_01016,779.25,insufficient_funds,3,12,0.0,retry,0
CUST_01016,779.25,insufficient_funds,3,12,0.0,payment_link,0
CUST_01016,779.25,insufficient_funds,3,12,0.0,alt_method,0
CUST_01017,394.99,insufficient_funds,1,1,0.667,retry,0
CUST_01017,394.99,insufficient_funds,1,1,0.667,payment_link,1
CUST_01017,394.99,insufficient_funds,1,1,0.667,alt_method,0
CUST_01018,451.64,bank_declined,1,14,1.0,retry,0
CUST_01018,451.64,bank_declined,1,14,1.0,payment_link,0
CUST_01018,451.64,bank_declined,1,14,1.0,alt_method,0
CUST_01019,514.77,insufficient_funds,0,14,0.8,retry,0
CUST_01019,514.77,insufficient_funds,0,14,0.8,payment_link,0
CUST_01019,514.77,insufficient_funds,0,14,0.8,alt_method,0
CUST_01020,933.87,bank_declined,1,12,0.571,retry,0
CUST_01020,933.87,bank_declined,1,12,0.571,payment_link,0
CUST_01020,933.87,bank_declined,1,12,0.571,alt_method,0
CUST_01021,1010.57,bank_declined,0,9,0.333,retry,0
CUST_01021,1010.57,bank_declined,0,9,0.333,payment_link,0
CUST_01021,1010.57,bank_declined,0,9,0.333,alt_method,0
CUST_01022,420.33,card_declined,3,8,0.857,retry,1
CUST_01022,420.33,card_declined,3,8,0.857,payment_link,0
CUST_01022,420.33,card_declined,3,8,0.857,alt_method,0
CUST_01023,652.31,insufficient_funds,1,13,0.5,retry,0
CUST_01023,652.31,insufficient_funds,1,13,0.5,payment_link,0
CUST_01023,652.31,insufficient_funds,1,13,0.5,alt_method,0
CUST_01024,3691.6,insufficient_funds,1,9,0.0,retry,1
CUST_01024,3691.6,insufficient_funds,1,9,0.0,payment_link,0
CUST_01024,3691.6,insufficient_funds,1,9,0.0,alt_method,0
CUST_01025,2649.26,bank_declined,2,5,0.6,retry,1
CUST_01025,2649.26,bank_declined,2,5,0.6,payment_link,0
CUST_01025,2649.26,bank_declined,2,5,0.6,alt_method,1
CUST_01026,942.99,card_declined,3,6,0.0,retry,0
CUST_01026,942.99,card_declined,3,6,0.0,payment_link,1
CUST_01026,942.99,card_declined,3,6,0.0,alt_method,0
CUST_01027,685.67,card_declined,3,13,0.571,retry,0
CUST_01027,685.67,card_declined,3,13,0.571,payment_link,0
CUST_01027,685.67,card_declined,3,13,0.571,alt_method,0
CUST_01028,732.18,insufficient_funds,2,14,0.5,retry,1
CUST_01028,732.18,insufficient_funds,2,14,0.5,payment_link,0
CUST_01028,732.18,insufficient_funds,2,14,0.5,alt_method,0
CUST_01029,1086.61,network_error,2,9,1.0,retry,1
CUST_01029,1086.61,network_error,2,9,1.0,payment_link,0
CUST_01029,1086.61,network_error,2,9,1.0,alt_method,0
CUST_01030,293.47,insufficient_funds,0,14,1.0,retry,1
CUST_01030,293.47,insufficient_funds,0,14,1.0,payment_link,0
CUST_01030,293.47,insufficient_funds,0,14,1.0,alt_method,1
CUST_01031,541.37,bank_declined,0,7,0.571,retry,0
CUST_01031,541.37,bank_declined,0,7,0.571,payment_link,0
CUST_01031,541.37,bank_declined,0,7,0.571,alt_method,0
CUST_01032,175.06,insufficient_funds,1,10,0.5,retry,0
CUST_01032,175.06,insufficient_funds,1,10,0.5,payment_link,0
CUST_01032,175.06,insufficient_funds,1,10,0.5,alt_method,0
CUST_01033,915.42,insufficient_funds,1,14,0.571,retry,0
CUST_01033,915.42,insufficient_funds,1,14,0.571,payment_link,0
CUST_01033,915.42,insufficient_funds,1,14,0.571,alt_method,0
CUST_01034,1116.28,bank_declined,1,12,0.5,retry,0
CUST_01034,1116.28,bank_declined,1,12,0.5,payment_link,0
CUST_01034,1116.28,bank_declined,1,12,0.5,alt_method,0
CUST_01035,451.9,insufficient_funds,1,9,0.5,retry,0
CUST_01035,451.9,insufficient_funds,1,9,0.5,payment_link,0
CUST_01035,451.9,insufficient_funds,1,9,0.5,alt_method,0
CUST_01036,2343.0,card_declined,0,0,0.0,retry,0
CUST_01036,2343.0,card_declined,0,0,0.0,payment_link,0
CUST_01036,2343.0,card_declined,0,0,0.0,alt_method,1
CUST_01037,249.48,insufficient_funds,3,13,1.0,retry,0
CUST_01037,249.48,insufficient_funds,3,13,1.0,payment_link,1
CUST_01037,249.48,insufficient_funds,3,13,1.0,alt_method,0
CUST_01038,206.13,insufficient_funds,1,7,1.0,retry,0
CUST_01038,206.13,insufficient_funds,1,7,1.0,payment_link,1
CUST_01038,206.13,insufficient_funds,1,7,1.0,alt_method,1
CUST_01039,795.97,insufficient_funds,3,3,0.333,retry,0
CUST_01039,795.97,insufficient_funds,3,3,0.333,payment_link,0
CUST_01039,795.97,insufficient_funds,3,3,0.333,alt_method,0
CUST_01040,1537.14,bank_declined,1,9,0.5,retry,0
CUST_01040,1537.14,bank_declined,1,9,0.5,payment_link,0
CUST_01040,1537.14,bank_declined,1,9,0.5,alt_method,0
CUST_01041,2558.41,network_error,2,7,0.8,retry,1
CUST_01041,2558.41,network_error,2,7,0.8,payment_link,1
CUST_01041,2558.41,network_error,2,7,0.8,alt_method,1
CUST_01042,460.77,network_error,1,12,1.0,retry,0
CUST_01042,460.77,network_error,1,12,1.0,payment_link,1
CUST_01042,460.77,network_error,1,12,1.0,alt_method,0
CUST_01043,1576.47,card_declined,1,14,0.286,retry,1
CUST_01043,1576.47,card_declined,1,14,0.286,payment_link,0
CUST_01043,1576.47,card_declined,1,14,0.286,alt_method,0
CUST_01044,644.96,network_error,1,5,0.286,retry,1
CUST_01044,644.96,network_error,1,5,0.286,payment_link,0
CUST_01044,644.96,network_error,1,5,0.286,alt_method,1
CUST_01045,579.35,insufficient_funds,0,10,0.667,retry,0
CUST_01045,579.35,insufficient_funds,0,10,0.667,payment_link,1
CUST_01045,579.35,insufficient_funds,0,10,0.667,alt_method,1
CUST_01046,1348.74,insufficient_funds,2,8,1.0,retry,1
CUST_01046,1348.74,insufficient_funds,2,8,1.0,payment_link,0
CUST_01046,1348.74,insufficient_funds,2,8,1.0,alt_method,1
CUST_01047,1120.87,insufficient_funds,1,10,0.75,retry,0
CUST_01047,1120.87,insufficient_funds,1,10,0.75,payment_link,0
CUST_01047,1120.87,insufficient_funds,1,10,0.75,alt_method,0
CUST_01048,188.46,bank_declined,1,3,0.5,retry,0
CUST_01048,188.46,bank_declined,1,3,0.5,payment_link,0
CUST_01048,188.46,bank_declined,1,3,0.5,alt_method,0
CUST_01049,2167.29,network_error,3,1,0.143,retry,0
CUST_01049,2167.29,network_error,3,1,0.143,payment_link,0
CUST_01049,2167.29,network_error,3,1,0.143,alt_method,0
CUST_01050,2006.35,insufficient_funds,2,13,1.0,retry,1
CUST_01050,2006.35,insufficient_funds,2,13,1.0,payment_link,1
CUST_01050,2006.35,insufficient_funds,2,13,1.0,alt_method,0
CUST_01051,403.25,insufficient_funds,1,1,0.0,retry,0
CUST_01051,403.25,insufficient_funds,1,1,0.0,payment_link,0
CUST_01051,403.25,insufficient_funds,1,1,0.0,alt_method,0
CUST_01052,912.92,bank_declined,3,4,1.0,retry,0
CUST_01052,912.92,bank_declined,3,4,1.0,payment_link,0
CUST_01052,912.92,bank_declined,3,4,1.0,alt_method,1
CUST_01053,987.55,network_error,3,9,0.8,retry,0
CUST_01053,987.55,network_error,3,9,0.8,payment_link,0
CUST_01053,987.55,network_error,3,9,0.8,alt_method,0
CUST_01054,819.37,insufficient_funds,0,8,0.5,retry,1
CUST_01054,819.37,insufficient_funds,0,8,0.5,payment_link,0
CUST_01054,819.37,insufficient_funds,0,8,0.5,alt_method,0
CUST_01055,428.27,network_error,3,11,0.5,retry,0
CUST_01055,428.27,network_error,3,11,0.5,payment_link,1
CUST_01055,428.27,network_error,3,11,0.5,alt_method,0
CUST_01056,388.66,network_error,1,2,1.0,retry,1
CUST_01056,388.66,network_error,1,2,1.0,payment_link,0
CUST_01056,388.66,network_error,1,2,1.0,alt_method,0
CUST_01057,651.68,network_error,0,7,0.75,retry,0
CUST_01057,651.68,network_error,0,7,0.75,payment_link,1
CUST_01057,651.68,network_error,0,7,0.75,alt_method,0
CUST_01058,1699.66,network_error,0,3,1.0,retry,1
CUST_01058,1699.66,network_error,0,3,1.0,payment_link,1
CUST_01058,1699.66,network_error,0,3,1.0,alt_method,0
CUST_01059,1027.5,bank_declined,1,5,0.333,retry,0
CUST_01059,1027.5,bank_declined,1,5,0.333,payment_link,1
CUST_01059,1027.5,bank_declined,1,5,0.333,alt_method,0
CUST_01060,494.48,network_error,2,9,0.8,retry,0
CUST_01060,494.48,network_error,2,9,0.8,payment_link,0
CUST_01060,494.48,network_error,2,9,0.8,alt_method,0
CUST_01061,1233.19,card_declined,3,5,1.0,retry,0
CUST_01061,1233.19,card_declined,3,5,1.0,payment_link,0
CUST_01061,1233.19,card_declined,3,5,1.0,alt_method,0
CUST_01062,100.0,card_declined,0,2,1.0,retry,1
CUST_01062,100.0,card_declined,0,2,1.0,payment_link,1
CUST_01062,100.0,card_declined,0,2,1.0,alt_method,0
CUST_01063,1667.39,insufficient_funds,2,13,0.5,retry,0
CUST_01063,1667.39,insufficient_funds,2,13,0.5,payment_link,0
CUST_01063,1667.39,insufficient_funds,2,13,0.5,alt_method,0
CUST_01064,165.38,network_error,1,4,0.286,retry,1
CUST_01064,165.38,network_error,1,4,0.286,payment_link,0
CUST_01064,165.38,network_error,1,4,0.286,alt_method,0
CUST_01065,497.72,insufficient_funds,3,11,0.333,retry,0
CUST_01065,497.72,insufficient_funds,3,11,0.333,payment_link,0
CUST_01065,497.72,insufficient_funds,3,11,0.333,alt_method,0
CUST_01066,271.58,bank_declined,3,2,0.857,retry,0
CUST_01066,271.58,bank_declined,3,2,0.857,payment_link,0
CUST_01066,271.58,bank_declined,3,2,0.857,alt_method,0
CUST_01067,236.1,insufficient_funds,0,10,1.0,retry,0
CUST_01067,236.1,insufficient_funds,0,10,1.0,payment_link,0
CUST_01067,236.1,insufficient_funds,0,10,1.0,alt_method,1
CUST_01068,1683.55,network_error,3,14,0.429,retry,0
CUST_01068,1683.55,network_error,3,14,0.429,payment_link,0
CUST_01068,1683.55,network_error,3,14,0.429,alt_method,0
CUST_01069,457.53,insufficient_funds,3,10,0.667,retry,1
CUST_01069,457.53,insufficient_funds,3,10,0.667,payment_link,0
CUST_01069,457.53,insufficient_funds,3,10,0.667,alt_method,0
CUST_01070,877.61,bank_declined,3,14,0.8,retry,0
CUST_01070,877.61,bank_declined,3,14,0.8,payment_link,0
CUST_01070,877.61,bank_declined,3,14,0.8,alt_method,0
CUST_01071,640.64,bank_declined,3,0,1.0,retry,0
CUST_01071,640.64,bank_declined,3,0,1.0,payment_link,1
CUST_01071,640.64,bank_declined,3,0,1.0,alt_method,0
CUST_01072,974.22,network_error,1,6,1.0,retry,1
CUST_01072,974.22,network_error,1,6,1.0,payment_link,1
CUST_01072,974.22,network_error,1,6,1.0,alt_method,1
CUST_01073,707.3,bank_declined,2,3,0.6,retry,0
CUST_01073,707.3,bank_declined,2,3,0.6,payment_link,0
CUST_01073,707.3,bank_declined,2,3,0.6,alt_method,0
CUST_01074,238.32,network_error,1,13,1.0,retry,1
CUST_01074,238.32,network_error,1,13,1.0,payment_link,1
CUST_01074,238.32,network_error,1,13,1.0,alt_method,1
CUST_01075,1475.89,network_error,1,6,0.833,retry,1
CUST_01075,1475.89,network_error,1,6,0.833,payment_link,0
CUST_01075,1475.89,network_error,1,6,0.833,alt_method,1
CUST_01076,448.09,card_declined,0,2,0.5,retry,0
CUST_01076,448.09,card_declined,0,2,0.5,payment_link,1
CUST_01076,448.09,card_declined,0,2,0.5,alt_method,0
CUST_01077,191.47,network_error,3,11,0.6,retry,0
CUST_01077,191.47,network_error,3,11,0.6,payment_link,0
CUST_01077,191.47,network_error,3,11,0.6,alt_method,0
CUST_01078,472.25,network_error,1,14,1.0,retry,0
CUST_01078,472.25,network_error,1,14,1.0,payment_link,1
CUST_01078,472.25,network_error,1,14,1.0,alt_method,1
CUST_01079,2209.69,network_error,3,14,0.5,retry,0
CUST_01079,2209.69,network_error,3,14,0.5,payment_link,1
CUST_01079,2209.69,network_error,3,14,0.5,alt_method,0
CUST_01080,1313.14,card_declined,1,10,1.0,retry,0
CUST_01080,1313.14,card_declined,1,10,1.0,payment_link,1
CUST_01080,1313.14,card_declined,1,10,1.0,alt_method,0
CUST_01081,503.25,bank_declined,1,4,1.0,retry,0
CUST_01081,503.25,bank_declined,1,4,1.0,payment_link,0
CUST_01081,503.25,bank_declined,1,4,1.0,alt_method,0
CUST_01082,503.0,bank_declined,0,4,0.333,retry,1
CUST_01082,503.0,bank_declined,0,4,0.333,payment_link,1
CUST_01082,503.0,bank_declined,0,4,0.333,alt_method,0
CUST_01083,514.24,bank_declined,2,14,0.5,retry,0
CUST_01083,514.24,bank_declined,2,14,0.5,payment_link,0
CUST_01083,514.24,bank_declined,2,14,0.5,alt_method,0
CUST_01084,3503.08,network_error,2,12,0.333,retry,0
CUST_01084,3503.08,network_error,2,12,0.333,payment_link,0
CUST_01084,3503.08,network_error,2,12,0.333,alt_method,0
CUST_01085,902.84,insufficient_funds,1,1,1.0,retry,0
CUST_01085,902.84,insufficient_funds,1,1,1.0,payment_link,1
CUST_01085,902.84,insufficient_funds,1,1,1.0,alt_method,1
CUST_01086,938.27,insufficient_funds,0,10,0.8,retry,1
CUST_01086,938.27,insufficient_funds,0,10,0.8,payment_link,0
CUST_01086,938.27,insufficient_funds,0,10,0.8,alt_method,0
CUST_01087,1516.6,network_error,3,9,0.714,retry,1
CUST_01087,1516.6,network_error,3,9,0.714,payment_link,0
CUST_01087,1516.6,network_error,3,9,0.714,alt_method,0
CUST_01088,805.15,insufficient_funds,3,11,0.75,retry,0
CUST_01088,805.15,insufficient_funds,3,11,0.75,payment_link,0
CUST_01088,805.15,insufficient_funds,3,11,0.75,alt_method,0
CUST_01089,540.65,card_declined,1,1,0.5,retry,1
CUST_01089,540.65,card_declined,1,1,0.5,payment_link,0
CUST_01089,540.65,card_declined,1,1,0.5,alt_method,0
CUST_01090,568.45,network_error,2,3,1.0,retry,1
CUST_01090,568.45,network_error,2,3,1.0,payment_link,0
CUST_01090,568.45,network_error,2,3,1.0,alt_method,0
CUST_01091,628.11,network_error,0,14,1.0,retry,0
CUST_01091,628.11,network_error,0,14,1.0,payment_link,1
CUST_01091,628.11,network_error,0,14,1.0,alt_method,1
CUST_01092,645.63,network_error,2,3,0.143,retry,0
CUST_01092,645.63,network_error,2,3,0.143,payment_link,0
CUST_01092,645.63,network_error,2,3,0.143,alt_method,0
CUST_01093,1190.47,network_error,3,3,1.0,retry,1
CUST_01093,1190.47,network_error,3,3,1.0,payment_link,0
CUST_01093,1190.47,network_error,3,3,1.0,alt_method,0
CUST_01094,693.37,card_declined,2,5,0.75,retry,0
CUST_01094,693.37,card_declined,2,5,0.75,payment_link,0
CUST_01094,693.37,card_declined,2,5,0.75,alt_method,0
CUST_01095,1195.25,insufficient_funds,3,1,1.0,retry,0
CUST_01095,1195.25,insufficient_funds,3,1,1.0,payment_link,0
CUST_01095,1195.25,insufficient_funds,3,1,1.0,alt_method,0
CUST_01096,623.55,insufficient_funds,0,5,0.667,retry,1
CUST_01096,623.55,insufficient_funds,0,5,0.667,payment_link,0
CUST_01096,623.55,insufficient_funds,0,5,0.667,alt_method,1
CUST_01097,708.33,bank_declined,0,6,0.333,retry,0
CUST_01097,708.33,bank_declined,0,6,0.333,payment_link,0
CUST_01097,708.33,bank_declined,0,6,0.333,alt_method,0
CUST_01098,134.48,network_error,1,10,0.857,retry,1
CUST_01098,134.48,network_error,1,10,0.857,payment_link,0
CUST_01098,134.48,network_error,1,10,0.857,alt_method,1
CUST_01099,1384.46,insufficient_funds,1,9,0.667,retry,0
CUST_01099,1384.46,insufficient_funds,1,9,0.667,payment_link,0
CUST_01099,1384.46,insufficient_funds,1,9,0.667,alt_method,1
CUST_01100,877.6,insufficient_funds,2,2,1.0,retry,0
CUST_01100,877.6,insufficient_funds,2,2,1.0,payment_link,0
CUST_01100,877.6,insufficient_funds,2,2,1.0,alt_method,0
CUST_01101,1477.95,insufficient_funds,0,10,0.0,retry,1
CUST_01101,1477.95,insufficient_funds,0,10,0.0,payment_link,0
CUST_01101,1477.95,insufficient_funds,0,10,0.0,alt_method,0
CUST_01102,100.0,card_declined,0,11,0.857,retry,1
CUST_01102,100.0,card_declined,0,11,0.857,payment_link,1
CUST_01102,100.0,card_declined,0,11,0.857,alt_method,1
CUST_01103,3535.82,bank_declined,1,7,1.0,retry,1
CUST_01103,3535.82,bank_declined,1,7,1.0,payment_link,0
CUST_01103,3535.82,bank_declined,1,7,1.0,alt_method,0
CUST_01104,594.86,insufficient_funds,3,1,0.833,retry,0
CUST_01104,594.86,insufficient_funds,3,1,0.833,payment_link,0
CUST_01104,594.86,insufficient_funds,3,1,0.833,alt_method,0
CUST_01105,1614.12,bank_declined,2,10,0.571,retry,0
CUST_01105,1614.12,bank_declined,2,10,0.571,payment_link,0
CUST_01105,1614.12,bank_declined,2,10,0.571,alt_method,0
CUST_01106,289.48,network_error,2,7,1.0,retry,1
CUST_01106,289.48,network_error,2,7,1.0,payment_link,0
CUST_01106,289.48,network_error,2,7,1.0,alt_method,0
CUST_01107,1085.96,network_error,1,12,0.5,retry,0
CUST_01107,1085.96,network_error,1,12,0.5,payment_link,1
CUST_01107,1085.96,network_error,1,12,0.5,alt_method,0
CUST_01108,286.37,network_error,0,10,0.0,retry,0
CUST_01108,286.37,network_error,0,10,0.0,payment_link,0
CUST_01108,286.37,network_error,0,10,0.0,alt_method,0
CUST_01109,403.83,insufficient_funds,1,4,0.8,retry,0
CUST_01109,403.83,insufficient_funds,1,4,0.8,payment_link,0
CUST_01109,403.83,insufficient_funds,1,4,0.8,alt_method,0
CUST_01110,3075.51,insufficient_funds,1,1,0.667,retry,0
CUST_01110,3075.51,insufficient_funds,1,1,0.667,payment_link,0
CUST_01110,3075.51,insufficient_funds,1,1,0.667,alt_method,0
CUST_01111,571.04,bank_declined,1,6,0.167,retry,0
CUST_01111,571.04,bank_declined,1,6,0.167,payment_link,0
CUST_01111,571.04,bank_declined,1,6,0.167,alt_method,0
CUST_01112,791.51,card_declined,1,13,1.0,retry,1
CUST_01112,791.51,card_declined,1,13,1.0,payment_link,0
CUST_01112,791.51,card_declined,1,13,1.0,alt_method,1
CUST_01113,1334.16,insufficient_funds,3,1,0.0,retry,0
CUST_01113,1334.16,insufficient_funds,3,1,0.0,payment_link,0
CUST_01113,1334.16,insufficient_funds,3,1,0.0,alt_method,0
CUST_01114,988.85,insufficient_funds,3,13,0.714,retry,0
CUST_01114,988.85,insufficient_funds,3,13,0.714,payment_link,0
CUST_01114,988.85,insufficient_funds,3,13,0.714,alt_method,0
CUST_01115,750.2,network_error,0,5,0.857,retry,1
CUST_01115,750.2,network_error,0,5,0.857,payment_link,0
CUST_01115,750.2,network_error,0,5,0.857,alt_method,0
CUST_01116,890.67,network_error,1,9,1.0,retry,1
CUST_01116,890.67,network_error,1,9,1.0,payment_link,0
CUST_01116,890.67,network_error,1,9,1.0,alt_method,0
CUST_01117,4549.32,insufficient_funds,3,2,1.0,retry,0
CUST_01117,4549.32,insufficient_funds,3,2,1.0,payment_link,0
CUST_01117,4549.32,insufficient_funds,3,2,1.0,alt_method,0
CUST_01118,635.18,insufficient_funds,0,8,0.75,retry,1
CUST_01118,635.18,insufficient_funds,0,8,0.75,payment_link,1
CUST_01118,635.18,insufficient_funds,0,8,0.75,alt_method,0
CUST_01119,781.24,bank_declined,1,2,1.0,retry,0
CUST_01119,781.24,bank_declined,1,2,1.0,payment_link,1
CUST_01119,781.24,bank_declined,1,2,1.0,alt_method,1
CUST_01120,1541.52,network_error,2,10,1.0,retry,1
CUST_01120,1541.52,network_error,2,10,1.0,payment_link,0
CUST_01120,1541.52,network_error,2,10,1.0,alt_method,0
CUST_01121,1610.69,network_error,3,14,1.0,retry,1
CUST_01121,1610.69,network_error,3,14,1.0,payment_link,0
CUST_01121,1610.69,network_error,3,14,1.0,alt_method,0
CUST_01122,1719.22,insufficient_funds,0,11,0.667,retry,0
CUST_01122,1719.22,insufficient_funds,0,11,0.667,payment_link,0
CUST_01122,1719.22,insufficient_funds,0,11,0.667,alt_method,0
CUST_01123,1108.75,network_error,2,11,0.5,retry,0
CUST_01123,1108.75,network_error,2,11,0.5,payment_link,0
CUST_01123,1108.75,network_error,2,11,0.5,alt_method,0
CUST_01124,266.56,network_error,1,2,0.667,retry,1
CUST_01124,266.56,network_error,1,2,0.667,payment_link,1
CUST_01124,266.56,network_error,1,2,0.667,alt_method,0
CUST_01125,2457.12,bank_declined,1,4,0.667,retry,0
CUST_01125,2457.12,bank_declined,1,4,0.667,payment_link,0
CUST_01125,2457.12,bank_declined,1,4,0.667,alt_method,0
CUST_01126,265.85,network_error,1,6,0.667,retry,1
CUST_01126,265.85,network_error,1,6,0.667,payment_link,0
CUST_01126,265.85,network_error,1,6,0.667,alt_method,1
CUST_01127,847.35,bank_declined,3,13,0.5,retry,0
CUST_01127,847.35,bank_declined,3,13,0.5,payment_link,0
CUST_01127,847.35,bank_declined,3,13,0.5,alt_method,0
CUST_01128,363.79,network_error,0,7,0.333,retry,0
CUST_01128,363.79,network_error,0,7,0.333,payment_link,0
CUST_01128,363.79,network_error,0,7,0.333,alt_method,1
CUST_01129,631.87,network_error,2,11,0.0,retry,0
CUST_01129,631.87,network_error,2,11,0.0,payment_link,0
CUST_01129,631.87,network_error,2,11,0.0,alt_method,0
CUST_01130,865.24,insufficient_funds,0,10,1.0,retry,0
CUST_01130,865.24,insufficient_funds,0,10,1.0,payment_link,1
CUST_01130,865.24,insufficient_funds,0,10,1.0,alt_method,1
CUST_01131,860.13,bank_declined,3,6,0.75,retry,1
CUST_01131,860.13,bank_declined,3,6,0.75,payment_link,0
CUST_01131,860.13,bank_declined,3,6,0.75,alt_method,0
CUST_01132,932.19,insufficient_funds,0,8,0.714,retry,0
CUST_01132,932.19,insufficient_funds,0,8,0.714,payment_link,0
CUST_01132,932.19,insufficient_funds,0,8,0.714,alt_method,1
CUST_01133,2418.66,bank_declined,3,4,0.5,retry,0
CUST_01133,2418.66,bank_declined,3,4,0.5,payment_link,0
CUST_01133,2418.66,bank_declined,3,4,0.5,alt_method,0
CUST_01134,956.07,network_error,1,9,1.0,retry,1
CUST_01134,956.07,network_error,1,9,1.0,payment_link,0
CUST_01134,956.07,network_error,1,9,1.0,alt_method,0
CUST_01135,547.12,bank_declined,2,10,1.0,retry,0
CUST_01135,547.12,bank_declined,2,10,1.0,payment_link,1
CUST_01135,547.12,bank_declined,2,10,1.0,alt_method,0
CUST_01136,1438.38,network_error,1,14,0.0,retry,0
CUST_01136,1438.38,network_error,1,14,0.0,payment_link,0
CUST_01136,1438.38,network_error,1,14,0.0,alt_method,0
CUST_01137,1722.58,bank_declined,0,2,0.0,retry,0
CUST_01137,1722.58,bank_declined,0,2,0.0,payment_link,0
CUST_01137,1722.58,bank_declined,0,2,0.0,alt_method,0
CUST_01138,249.11,insufficient_funds,1,5,0.667,retry,1
CUST_01138,249.11,insufficient_funds,1,5,0.667,payment_link,0
CUST_01138,249.11,insufficient_funds,1,5,0.667,alt_method,1
CUST_01139,1072.68,card_declined,2,4,0.667,retry,0
CUST_01139,1072.68,card_declined,2,4,0.667,payment_link,0
CUST_01139,1072.68,card_declined,2,4,0.667,alt_method,0
CUST_01140,1165.54,insufficient_funds,1,11,1.0,retry,0
CUST_01140,1165.54,insufficient_funds,1,11,1.0,payment_link,0
CUST_01140,1165.54,insufficient_funds,1,11,1.0,alt_method,0
CUST_01141,524.24,network_error,2,3,0.667,retry,1
CUST_01141,524.24,network_error,2,3,0.667,payment_link,0
CUST_01141,524.24,network_error,2,3,0.667,alt_method,0
CUST_01142,1999.33,network_error,2,11,0.5,retry,0
CUST_01142,1999.33,network_error,2,11,0.5,payment_link,0
CUST_01142,1999.33,network_error,2,11,0.5,alt_method,0
CUST_01143,589.9,bank_declined,1,1,0.8,retry,0
CUST_01143,589.9,bank_declined,1,1,0.8,payment_link,0
CUST_01143,589.9,bank_declined,1,1,0.8,alt_method,0
CUST_01144,735.43,insufficient_funds,3,6,0.5,retry,0
CUST_01144,735.43,insufficient_funds,3,6,0.5,payment_link,0
CUST_01144,735.43,insufficient_funds,3,6,0.5,alt_method,0
CUST_01145,579.14,bank_declined,0,12,0.857,retry,0
CUST_01145,579.14,bank_declined,0,12,0.857,payment_link,0
CUST_01145,579.14,bank_declined,0,12,0.857,alt_method,0
CUST_01146,673.48,network_error,3,4,1.0,retry,1
CUST_01146,673.48,network_error,3,4,1.0,payment_link,1
CUST_01146,673.48,network_error,3,4,1.0,alt_method,0
CUST_01147,276.71,insufficient_funds,3,3,1.0,retry,0
CUST_01147,276.71,insufficient_funds,3,3,1.0,payment_link,0
CUST_01147,276.71,insufficient_funds,3,3,1.0,alt_method,0
CUST_01148,210.18,network_error,1,11,0.714,retry,0
CUST_01148,210.18,network_error,1,11,0.714,payment_link,0
CUST_01148,210.18,network_error,1,11,0.714,alt_method,0
CUST_01149,2381.78,card_declined,0,13,0.0,retry,0
CUST_01149,2381.78,card_declined,0,13,0.0,payment_link,0
CUST_01149,2381.78,card_declined,0,13,0.0,alt_method,0
CUST_01150,337.79,bank_declined,0,7,1.0,retry,1
CUST_01150,337.79,bank_declined,0,7,1.0,payment_link,1
CUST_01150,337.79,bank_declined,0,7,1.0,alt_method,0
CUST_01151,300.93,card_declined,3,8,0.75,retry,0
CUST_01151,300.93,card_declined,3,8,0.75,payment_link,1
CUST_01151,300.93,card_declined,3,8,0.75,alt_method,0
CUST_01152,118.78,network_error,1,8,0.667,retry,1
CUST_01152,118.78,network_error,1,8,0.667,payment_link,0
CUST_01152,118.78,network_error,1,8,0.667,alt_method,0
CUST_01153,398.95,bank_declined,0,2,0.714,retry,0
CUST_01153,398.95,bank_declined,0,2,0.714,payment_link,1
CUST_01153,398.95,bank_declined,0,2,0.714,alt_method,0
CUST_01154,230.79,bank_declined,3,2,1.0,retry,0
CUST_01154,230.79,bank_declined,3,2,1.0,payment_link,0
CUST_01154,230.79,bank_declined,3,2,1.0,alt_method,0
CUST_01155,2474.05,insufficient_funds,0,4,1.0,retry,1
CUST_01155,2474.05,insufficient_funds,0,4,1.0,payment_link,1
CUST_01155,2474.05,insufficient_funds,0,4,1.0,alt_method,1
CUST_01156,1491.97,bank_declined,1,4,0.5,retry,0
CUST_01156,1491.97,bank_declined,1,4,0.5,payment_link,0
CUST_01156,1491.97,bank_declined,1,4,0.5,alt_method,1
CUST_01157,383.55,card_declined,1,9,0.5,retry,0
CUST_01157,383.55,card_declined,1,9,0.5,payment_link,0
CUST_01157,383.55,card_declined,1,9,0.5,alt_method,0
CUST_01158,4031.72,card_declined,1,1,0.0,retry,0
CUST_01158,4031.72,card_declined,1,1,0.0,payment_link,0
CUST_01158,4031.72,card_declined,1,1,0.0,alt_method,0
CUST_01159,1458.86,bank_declined,0,0,0.714,retry,0
CUST_01159,1458.86,bank_declined,0,0,0.714,payment_link,1
CUST_01159,1458.86,bank_declined,0,0,0.714,alt_method,1
CUST_01160,512.93,network_error,2,7,1.0,retry,0
CUST_01160,512.93,network_error,2,7,1.0,payment_link,1
CUST_01160,512.93,network_error,2,7,1.0,alt_method,1
CUST_01161,100.0,network_error,0,2,1.0,retry,1
CUST_01161,100.0,network_error,0,2,1.0,payment_link,1
CUST_01161,100.0,network_error,0,2,1.0,alt_method,0
CUST_01162,4157.85,card_declined,2,0,0.5,retry,0
CUST_01162,4157.85,card_declined,2,0,0.5,payment_link,0
CUST_01162,4157.85,card_declined,2,0,0.5,alt_method,0
CUST_01163,218.84,network_error,1,0,0.0,retry,1
CUST_01163,218.84,network_error,1,0,0.0,payment_link,0
CUST_01163,218.84,network_error,1,0,0.0,alt_method,0
CUST_01164,178.34,bank_declined,3,10,0.667,retry,0
CUST_01164,178.34,bank_declined,3,10,0.667,payment_link,0
CUST_01164,178.34,bank_declined,3,10,0.667,alt_method,1
CUST_01165,1507.27,bank_declined,2,14,0.8,retry,0
CUST_01165,1507.27,bank_declined,2,14,0.8,payment_link,0
CUST_01165,1507.27,bank_declined,2,14,0.8,alt_method,0
CUST_01166,4683.5,bank_declined,1,1,0.75,retry,0
CUST_01166,4683.5,bank_declined,1,1,0.75,payment_link,0
CUST_01166,4683.5,bank_declined,1,1,0.75,alt_method,1
CUST_01167,2013.07,card_declined,1,5,1.0,retry,1
CUST_01167,2013.07,card_declined,1,5,1.0,payment_link,0
CUST_01167,2013.07,card_declined,1,5,1.0,alt_method,0
CUST_01168,1044.33,insufficient_funds,2,5,1.0,retry,1
CUST_01168,1044.33,insufficient_funds,2,5,1.0,payment_link,0
CUST_01168,1044.33,insufficient_funds,2,5,1.0,alt_method,1
CUST_01169,1070.42,insufficient_funds,3,13,1.0,retry,0
CUST_01169,1070.42,insufficient_funds,3,13,1.0,payment_link,0
CUST_01169,1070.42,insufficient_funds,3,13,1.0,alt_method,0
CUST_01170,1316.5,network_error,1,2,0.714,retry,1
CUST_01170,1316.5,network_error,1,2,0.714,payment_link,0
CUST_01170,1316.5,network_error,1,2,0.714,alt_method,1
CUST_01171,1220.65,insufficient_funds,2,11,1.0,retry,0
CUST_01171,1220.65,insufficient_funds,2,11,1.0,payment_link,1
CUST_01171,1220.65,insufficient_funds,2,11,1.0,alt_method,1
CUST_01172,832.93,network_error,3,3,0.833,retry,0
CUST_01172,832.93,network_error,3,3,0.833,payment_link,0
CUST_01172,832.93,network_error,3,3,0.833,alt_method,0
CUST_01173,722.97,insufficient_funds,3,11,0.0,retry,0
CUST_01173,722.97,insufficient_funds,3,11,0.0,payment_link,0
CUST_01173,722.97,insufficient_funds,3,11,0.0,alt_method,0
CUST_01174,632.66,bank_declined,1,12,1.0,retry,0
CUST_01174,632.66,bank_declined,1,12,1.0,payment_link,0
CUST_01174,632.66,bank_declined,1,12,1.0,alt_method,0
CUST_01175,363.88,card_declined,0,1,0.4,retry,0
CUST_01175,363.88,card_declined,0,1,0.4,payment_link,0
CUST_01175,363.88,card_declined,0,1,0.4,alt_method,0
CUST_01176,531.37,network_error,0,1,0.0,retry,0
CUST_01176,531.37,network_error,0,1,0.0,payment_link,1
CUST_01176,531.37,network_error,0,1,0.0,alt_method,0
CUST_01177,171.68,insufficient_funds,1,14,0.5,retry,0
CUST_01177,171.68,insufficient_funds,1,14,0.5,payment_link,0
CUST_01177,171.68,insufficient_funds,1,14,0.5,alt_method,0
CUST_01178,614.82,card_declined,3,6,1.0,retry,0
CUST_01178,614.82,card_declined,3,6,1.0,payment_link,0
CUST_01178,614.82,card_declined,3,6,1.0,alt_method,0
CUST_01179,301.61,network_error,1,12,0.8,retry,0
CUST_01179,301.61,network_error,1,12,0.8,payment_link,0
CUST_01179,301.61,network_error,1,12,0.8,alt_method,0
CUST_01180,275.1,network_error,2,0,0.286,retry,0
CUST_01180,275.1,network_error,2,0,0.286,payment_link,1
CUST_01180,275.1,network_error,2,0,0.286,alt_method,0
CUST_01181,768.1,network_error,0,6,1.0,retry,0
CUST_01181,768.1,network_error,0,6,1.0,payment_link,0
CUST_01181,768.1,network_error,0,6,1.0,alt_method,1
CUST_01182,2025.56,insufficient_funds,2,13,0.5,retry,0
CUST_01182,2025.56,insufficient_funds,2,13,0.5,payment_link,0
CUST_01182,2025.56,insufficient_funds,2,13,0.5,alt_method,0
CUST_01183,1386.66,network_error,1,11,0.0,retry,1
CUST_01183,1386.66,network_error,1,11,0.0,payment_link,0
CUST_01183,1386.66,network_error,1,11,0.0,alt_method,0
CUST_01184,189.35,card_declined,1,13,1.0,retry,0
CUST_01184,189.35,card_declined,1,13,1.0,payment_link,1
CUST_01184,189.35,card_declined,1,13,1.0,alt_method,0
CUST_01185,301.36,insufficient_funds,3,11,1.0,retry,0
CUST_01185,301.36,insufficient_funds,3,11,1.0,payment_link,1
CUST_01185,301.36,insufficient_funds,3,11,1.0,alt_method,0
CUST_01186,1411.79,insufficient_funds,3,13,0.571,retry,0
CUST_01186,1411.79,insufficient_funds,3,13,0.571,payment_link,0
CUST_01186,1411.79,insufficient_funds,3,13,0.571,alt_method,0
CUST_01187,303.08,network_error,3,0,1.0,retry,0
CUST_01187,303.08,network_error,3,0,1.0,payment_link,0
CUST_01187,303.08,network_error,3,0,1.0,alt_method,0
CUST_01188,555.74,insufficient_funds,2,13,1.0,retry,0
CUST_01188,555.74,insufficient_funds,2,13,1.0,payment_link,0
CUST_01188,555.74,insufficient_funds,2,13,1.0,alt_method,0
CUST_01189,1032.81,bank_declined,3,5,0.2,retry,0
CUST_01189,1032.81,bank_declined,3,5,0.2,payment_link,0
CUST_01189,1032.81,bank_declined,3,5,0.2,alt_method,0
CUST_01190,306.53,bank_declined,1,2,0.667,retry,0
CUST_01190,306.53,bank_declined,1,2,0.667,payment_link,0
CUST_01190,306.53,bank_declined,1,2,0.667,alt_method,0
CUST_01191,723.64,bank_declined,3,7,0.0,retry,0
CUST_01191,723.64,bank_declined,3,7,0.0,payment_link,0
CUST_01191,723.64,bank_declined,3,7,0.0,alt_method,0
CUST_01192,228.78,insufficient_funds,0,5,1.0,retry,1
CUST_01192,228.78,insufficient_funds,0,5,1.0,payment_link,0
CUST_01192,228.78,insufficient_funds,0,5,1.0,alt_method,0
CUST_01193,411.13,card_declined,3,10,0.0,retry,0
CUST_01193,411.13,card_declined,3,10,0.0,payment_link,0
CUST_01193,411.13,card_declined,3,10,0.0,alt_method,0
CUST_01194,859.05,bank_declined,2,1,1.0,retry,0
CUST_01194,859.05,bank_declined,2,1,1.0,payment_link,0
CUST_01194,859.05,bank_declined,2,1,1.0,alt_method,0
CUST_01195,185.97,bank_declined,0,7,1.0,retry,1
CUST_01195,185.97,bank_declined,0,7,1.0,payment_link,1
CUST_01195,185.97,bank_declined,0,7,1.0,alt_method,1
CUST_01196,946.13,network_error,0,4,0.0,retry,0
CUST_01196,946.13,network_error,0,4,0.0,payment_link,0
CUST_01196,946.13,network_error,0,4,0.0,alt_method,0
CUST_01197,654.77,network_error,0,7,0.667,retry,0
CUST_01197,654.77,network_error,0,7,0.667,payment_link,1
CUST_01197,654.77,network_error,0,7,0.667,alt_method,0
CUST_01198,1034.83,network_error,2,7,1.0,retry,0
CUST_01198,1034.83,network_error,2,7,1.0,payment_link,0
CUST_01198,1034.83,network_error,2,7,1.0,alt_method,0
CUST_01199,795.63,bank_declined,1,5,0.667,retry,1
CUST_01199,795.63,bank_declined,1,5,0.667,payment_link,0
CUST_01199,795.63,bank_declined,1,5,0.667,alt_method,1
CUST_01200,1980.91,insufficient_funds,3,1,1.0,retry,1
CUST_01200,1980.91,insufficient_funds,3,1,1.0,payment_link,0
CUST_01200,1980.91,insufficient_funds,3,1,1.0,alt_method,0
CUST_01201,735.23,insufficient_funds,0,7,0.333,retry,0
CUST_01201,735.23,insufficient_funds,0,7,0.333,payment_link,0
CUST_01201,735.23,insufficient_funds,0,7,0.333,alt_method,0
CUST_01202,471.76,card_declined,0,14,0.6,retry,0
CUST_01202,471.76,card_declined,0,14,0.6,payment_link,0
CUST_01202,471.76,card_declined,0,14,0.6,alt_method,0
CUST_01203,733.51,card_declined,0,14,0.5,retry,1
CUST_01203,733.51,card_declined,0,14,0.5,payment_link,0
CUST_01203,733.51,card_declined,0,14,0.5,alt_method,1
CUST_01204,1027.25,card_declined,1,10,1.0,retry,0
CUST_01204,1027.25,card_declined,1,10,1.0,payment_link,1
CUST_01204,1027.25,card_declined,1,10,1.0,alt_method,0
CUST_01205,691.66,insufficient_funds,1,5,1.0,retry,0
CUST_01205,691.66,insufficient_funds,1,5,1.0,payment_link,0
CUST_01205,691.66,insufficient_funds,1,5,1.0,alt_method,1
CUST_01206,687.1,bank_declined,2,5,1.0,retry,0
CUST_01206,687.1,bank_declined,2,5,1.0,payment_link,0
CUST_01206,687.1,bank_declined,2,5,1.0,alt_method,0
CUST_01207,379.33,network_error,1,7,1.0,retry,1
CUST_01207,379.33,network_error,1,7,1.0,payment_link,1
CUST_01207,379.33,network_error,1,7,1.0,alt_method,1
CUST_01208,391.38,network_error,3,0,0.167,retry,1
CUST_01208,391.38,network_error,3,0,0.167,payment_link,0
CUST_01208,391.38,network_error,3,0,0.167,alt_method,0
CUST_01209,216.57,network_error,2,1,0.5,retry,1
CUST_01209,216.57,network_error,2,1,0.5,payment_link,0
CUST_01209,216.57,network_error,2,1,0.5,alt_method,0
CUST_01210,2696.37,insufficient_funds,2,11,0.2,retry,0
CUST_01210,2696.37,insufficient_funds,2,11,0.2,payment_link,0
CUST_01210,2696.37,insufficient_funds,2,11,0.2,alt_method,0
CUST_01211,245.9,insufficient_funds,3,11,1.0,retry,1
CUST_01211,245.9,insufficient_funds,3,11,1.0,payment_link,1
CUST_01211,245.9,insufficient_funds,3,11,1.0,alt_method,1
CUST_01212,382.1,bank_declined,3,8,1.0,retry,0
CUST_01212,382.1,bank_declined,3,8,1.0,payment_link,0
CUST_01212,382.1,bank_declined,3,8,1.0,alt_method,0
CUST_01213,374.38,network_error,3,10,1.0,retry,0
CUST_01213,374.38,network_error,3,10,1.0,payment_link,1
CUST_01213,374.38,network_error,3,10,1.0,alt_method,0
CUST_01214,1360.95,bank_declined,2,11,0.5,retry,0
CUST_01214,1360.95,bank_declined,2,11,0.5,payment_link,0
CUST_01214,1360.95,bank_declined,2,11,0.5,alt_method,0
CUST_01215,525.34,insufficient_funds,2,7,0.5,retry,0
CUST_01215,525.34,insufficient_funds,2,7,0.5,payment_link,0
CUST_01215,525.34,insufficient_funds,2,7,0.5,alt_method,1
CUST_01216,1804.78,network_error,2,11,1.0,retry,0
CUST_01216,1804.78,network_error,2,11,1.0,payment_link,1
CUST_01216,1804.78,network_error,2,11,1.0,alt_method,1
CUST_01217,388.08,insufficient_funds,3,6,0.333,retry,0
CUST_01217,388.08,insufficient_funds,3,6,0.333,payment_link,0
CUST_01217,388.08,insufficient_funds,3,6,0.333,alt_method,0
CUST_01218,831.47,network_error,3,6,0.0,retry,0
CUST_01218,831.47,network_error,3,6,0.0,payment_link,0
CUST_01218,831.47,network_error,3,6,0.0,alt_method,0
CUST_01219,340.95,insufficient_funds,0,4,1.0,retry,1
CUST_01219,340.95,insufficient_funds,0,4,1.0,payment_link,0
CUST_01219,340.95,insufficient_funds,0,4,1.0,alt_method,1
CUST_01220,3700.12,insufficient_funds,1,1,0.5,retry,0
CUST_01220,3700.12,insufficient_funds,1,1,0.5,payment_link,0
CUST_01220,3700.12,insufficient_funds,1,1,0.5,alt_method,1
CUST_01221,257.22,network_error,0,10,1.0,retry,0
CUST_01221,257.22,network_error,0,10,1.0,payment_link,1
CUST_01221,257.22,network_error,0,10,1.0,alt_method,1
CUST_01222,852.23,network_error,3,5,0.0,retry,0
CUST_01222,852.23,network_error,3,5,0.0,payment_link,0
CUST_01222,852.23,network_error,3,5,0.0,alt_method,0
CUST_01223,1104.36,insufficient_funds,2,9,0.0,retry,0
CUST_01223,1104.36,insufficient_funds,2,9,0.0,payment_link,0
CUST_01223,1104.36,insufficient_funds,2,9,0.0,alt_method,0
CUST_01224,926.15,card_declined,3,2,0.6,retry,0
CUST_01224,926.15,card_declined,3,2,0.6,payment_link,0
CUST_01224,926.15,card_declined,3,2,0.6,alt_method,0
CUST_01225,573.51,insufficient_funds,1,3,0.333,retry,0
CUST_01225,573.51,insufficient_funds,1,3,0.333,payment_link,0
CUST_01225,573.51,insufficient_funds,1,3,0.333,alt_method,0
CUST_01226,599.53,bank_declined,0,12,0.0,retry,0
CUST_01226,599.53,bank_declined,0,12,0.0,payment_link,0
CUST_01226,599.53,bank_declined,0,12,0.0,alt_method,0
CUST_01227,688.87,bank_declined,0,9,0.143,retry,0
CUST_01227,688.87,bank_declined,0,9,0.143,payment_link,0
CUST_01227,688.87,bank_declined,0,9,0.143,alt_method,0
CUST_01228,591.34,card_declined,2,11,1.0,retry,0
CUST_01228,591.34,card_declined,2,11,1.0,payment_link,1
CUST_01228,591.34,card_declined,2,11,1.0,alt_method,0
CUST_01229,1438.14,bank_declined,0,10,0.333,retry,0
CUST_01229,1438.14,bank_declined,0,10,0.333,payment_link,0
CUST_01229,1438.14,bank_declined,0,10,0.333,alt_method,0
CUST_01230,3898.78,insufficient_funds,0,1,1.0,retry,0
CUST_01230,3898.78,insufficient_funds,0,1,1.0,payment_link,0
CUST_01230,3898.78,insufficient_funds,0,1,1.0,alt_method,1
CUST_01231,425.82,bank_declined,3,13,1.0,retry,0
CUST_01231,425.82,bank_declined,3,13,1.0,payment_link,0
CUST_01231,425.82,bank_declined,3,13,1.0,alt_method,0
CUST_01232,222.33,card_declined,0,1,0.333,retry,1
CUST_01232,222.33,card_declined,0,1,0.333,payment_link,1
CUST_01232,222.33,card_declined,0,1,0.333,alt_method,0
CUST_01233,619.79,insufficient_funds,0,11,0.8,retry,0
CUST_01233,619.79,insufficient_funds,0,11,0.8,payment_link,1
CUST_01233,619.79,insufficient_funds,0,11,0.8,alt_method,0
CUST_01234,5238.38,insufficient_funds,0,7,0.5,retry,0
CUST_01234,5238.38,insufficient_funds,0,7,0.5,payment_link,0
CUST_01234,5238.38,insufficient_funds,0,7,0.5,alt_method,1
CUST_01235,349.69,network_error,2,7,0.667,retry,0
CUST_01235,349.69,network_error,2,7,0.667,payment_link,0
CUST_01235,349.69,network_error,2,7,0.667,alt_method,0
CUST_01236,2468.32,bank_declined,2,9,0.5,retry,0
CUST_01236,2468.32,bank_declined,2,9,0.5,payment_link,0
CUST_01236,2468.32,bank_declined,2,9,0.5,alt_method,0
CUST_01237,2545.7,bank_declined,3,5,0.0,retry,0
CUST_01237,2545.7,bank_declined,3,5,0.0,payment_link,0
CUST_01237,2545.7,bank_declined,3,5,0.0,alt_method,0
CUST_01238,427.15,network_error,0,12,1.0,retry,1
CUST_01238,427.15,network_error,0,12,1.0,payment_link,0
CUST_01238,427.15,network_error,0,12,1.0,alt_method,0
CUST_01239,1048.57,insufficient_funds,2,4,0.667,retry,0
CUST_01239,1048.57,insufficient_funds,2,4,0.667,payment_link,0
CUST_01239,1048.57,insufficient_funds,2,4,0.667,alt_method,1
CUST_01240,2447.24,insufficient_funds,2,7,0.5,retry,0
CUST_01240,2447.24,insufficient_funds,2,7,0.5,payment_link,0
CUST_01240,2447.24,insufficient_funds,2,7,0.5,alt_method,0
CUST_01241,491.12,network_error,3,3,0.0,retry,0
CUST_01241,491.12,network_error,3,3,0.0,payment_link,0
CUST_01241,491.12,network_error,3,3,0.0,alt_method,0
CUST_01242,565.18,card_declined,1,10,1.0,retry,0
CUST_01242,565.18,card_declined,1,10,1.0,payment_link,0
CUST_01242,565.18,card_declined,1,10,1.0,alt_method,0
CUST_01243,417.65,network_error,0,3,0.0,retry,0
CUST_01243,417.65,network_error,0,3,0.0,payment_link,0
CUST_01243,417.65,network_error,0,3,0.0,alt_method,0
CUST_01244,295.36,network_error,2,4,1.0,retry,0
CUST_01244,295.36,network_error,2,4,1.0,payment_link,0
CUST_01244,295.36,network_error,2,4,1.0,alt_method,0
CUST_01245,395.67,insufficient_funds,3,0,0.6,retry,0
CUST_01245,395.67,insufficient_funds,3,0,0.6,payment_link,0
CUST_01245,395.67,insufficient_funds,3,0,0.6,alt_method,0
CUST_01246,249.85,bank_declined,3,0,0.571,retry,0
CUST_01246,249.85,bank_declined,3,0,0.571,payment_link,0
CUST_01246,249.85,bank_declined,3,0,0.571,alt_method,0
CUST_01247,683.53,network_error,3,1,0.833,retry,0
CUST_01247,683.53,network_error,3,1,0.833,payment_link,0
CUST_01247,683.53,network_error,3,1,0.833,alt_method,0
CUST_01248,359.25,bank_declined,2,13,0.667,retry,0
CUST_01248,359.25,bank_declined,2,13,0.667,payment_link,0
CUST_01248,359.25,bank_declined,2,13,0.667,alt_method,1
CUST_01249,801.94,insufficient_funds,0,7,0.333,retry,1
CUST_01249,801.94,insufficient_funds,0,7,0.333,payment_link,0
CUST_01249,801.94,insufficient_funds,0,7,0.333,alt_method,1
CUST_01250,191.58,network_error,1,6,0.667,retry,0
CUST_01250,191.58,network_error,1,6,0.667,payment_link,0
CUST_01250,191.58,network_error,1,6,0.667,alt_method,1
CUST_01251,866.71,network_error,0,14,0.5,retry,1
CUST_01251,866.71,network_error,0,14,0.5,payment_link,0
CUST_01251,866.71,network_error,0,14,0.5,alt_method,0
CUST_01252,1295.72,insufficient_funds,3,14,0.2,retry,0
CUST_01252,1295.72,insufficient_funds,3,14,0.2,payment_link,0
CUST_01252,1295.72,insufficient_funds,3,14,0.2,alt_method,1
CUST_01253,134.96,network_error,3,9,0.5,retry,0
CUST_01253,134.96,network_error,3,9,0.5,payment_link,1
CUST_01253,134.96,network_error,3,9,0.5,alt_method,0
CUST_01254,897.17,card_declined,1,8,0.429,retry,1
CUST_01254,897.17,card_declined,1,8,0.429,payment_link,1
CUST_01254,897.17,card_declined,1,8,0.429,alt_method,0
CUST_01255,1776.03,bank_declined,0,4,1.0,retry,0
CUST_01255,1776.03,bank_declined,0,4,1.0,payment_link,0
CUST_01255,1776.03,bank_declined,0,4,1.0,alt_method,1
CUST_01256,252.72,card_declined,3,1,1.0,retry,0
CUST_01256,252.72,card_declined,3,1,1.0,payment_link,1
CUST_01256,252.72,card_declined,3,1,1.0,alt_method,0
CUST_01257,2535.28,network_error,3,6,0.333,retry,1
CUST_01257,2535.28,network_error,3,6,0.333,payment_link,0
CUST_01257,2535.28,network_error,3,6,0.333,alt_method,0
CUST_01258,930.03,card_declined,0,14,0.571,retry,0
CUST_01258,930.03,card_declined,0,14,0.571,payment_link,0
CUST_01258,930.03,card_declined,0,14,0.571,alt_method,0
CUST_01259,378.41,insufficient_funds,3,7,1.0,retry,0
CUST_01259,378.41,insufficient_funds,3,7,1.0,payment_link,0
CUST_01259,378.41,insufficient_funds,3,7,1.0,alt_method,0
CUST_01260,636.12,insufficient_funds,0,11,0.333,retry,0
CUST_01260,636.12,insufficient_funds,0,11,0.333,payment_link,0
CUST_01260,636.12,insufficient_funds,0,11,0.333,alt_method,0
CUST_01261,1039.67,network_error,3,6,0.4,retry,0
CUST_01261,1039.67,network_error,3,6,0.4,payment_link,0
CUST_01261,1039.67,network_error,3,6,0.4,alt_method,0
CUST_01262,706.84,network_error,0,13,0.667,retry,0
CUST_01262,706.84,network_error,0,13,0.667,payment_link,0
CUST_01262,706.84,network_error,0,13,0.667,alt_method,0
CUST_01263,1023.52,bank_declined,1,6,0.8,retry,0
CUST_01263,1023.52,bank_declined,1,6,0.8,payment_link,0
CUST_01263,1023.52,bank_declined,1,6,0.8,alt_method,0
CUST_01264,318.45,insufficient_funds,3,11,0.6,retry,0
CUST_01264,318.45,insufficient_funds,3,11,0.6,payment_link,0
CUST_01264,318.45,insufficient_funds,3,11,0.6,alt_method,0
CUST_01265,761.65,network_error,1,14,0.667,retry,1
CUST_01265,761.65,network_error,1,14,0.667,payment_link,0
CUST_01265,761.65,network_error,1,14,0.667,alt_method,1
CUST_01266,214.65,bank_declined,3,13,0.8,retry,0
CUST_01266,214.65,bank_declined,3,13,0.8,payment_link,0
CUST_01266,214.65,bank_declined,3,13,0.8,alt_method,0
CUST_01267,608.51,network_error,3,4,1.0,retry,0
CUST_01267,608.51,network_error,3,4,1.0,payment_link,0
CUST_01267,608.51,network_error,3,4,1.0,alt_method,1
CUST_01268,322.75,insufficient_funds,2,1,0.857,retry,0
CUST_01268,322.75,insufficient_funds,2,1,0.857,payment_link,0
CUST_01268,322.75,insufficient_funds,2,1,0.857,alt_method,0
CUST_01269,369.29,insufficient_funds,0,5,0.75,retry,1
CUST_01269,369.29,insufficient_funds,0,5,0.75,payment_link,0
CUST_01269,369.29,insufficient_funds,0,5,0.75,alt_method,1
CUST_01270,1788.04,bank_declined,1,3,0.0,retry,0
CUST_01270,1788.04,bank_declined,1,3,0.0,payment_link,0
CUST_01270,1788.04,bank_declined,1,3,0.0,alt_method,0
CUST_01271,1592.48,bank_declined,1,9,0.0,retry,0
CUST_01271,1592.48,bank_declined,1,9,0.0,payment_link,0
CUST_01271,1592.48,bank_declined,1,9,0.0,alt_method,0
CUST_01272,1082.81,insufficient_funds,1,1,0.857,retry,0
CUST_01272,1082.81,insufficient_funds,1,1,0.857,payment_link,0
CUST_01272,1082.81,insufficient_funds,1,1,0.857,alt_method,0
CUST_01273,277.59,insufficient_funds,0,11,1.0,retry,0
CUST_01273,277.59,insufficient_funds,0,11,1.0,payment_link,1
CUST_01273,277.59,insufficient_funds,0,11,1.0,alt_method,0
CUST_01274,516.4,insufficient_funds,2,8,0.714,retry,1
CUST_01274,516.4,insufficient_funds,2,8,0.714,payment_link,0
CUST_01274,516.4,insufficient_funds,2,8,0.714,alt_method,0
CUST_01275,1755.45,bank_declined,1,6,0.333,retry,0
CUST_01275,1755.45,bank_declined,1,6,0.333,payment_link,0
CUST_01275,1755.45,bank_declined,1,6,0.333,alt_method,0
CUST_01276,744.99,insufficient_funds,0,5,0.75,retry,0
CUST_01276,744.99,insufficient_funds,0,5,0.75,payment_link,1
CUST_01276,744.99,insufficient_funds,0,5,0.75,alt_method,0
CUST_01277,4253.36,network_error,3,11,0.75,retry,0
CUST_01277,4253.36,network_error,3,11,0.75,payment_link,1
CUST_01277,4253.36,network_error,3,11,0.75,alt_method,1
CUST_01278,911.1,network_error,1,4,0.667,retry,1
CUST_01278,911.1,network_error,1,4,0.667,payment_link,0
CUST_01278,911.1,network_error,1,4,0.667,alt_method,1
CUST_01279,775.6,insufficient_funds,1,2,0.333,retry,0
CUST_01279,775.6,insufficient_funds,1,2,0.333,payment_link,0
CUST_01279,775.6,insufficient_funds,1,2,0.333,alt_method,0
CUST_01280,519.42,insufficient_funds,2,11,0.571,retry,1
CUST_01280,519.42,insufficient_funds,2,11,0.571,payment_link,0
CUST_01280,519.42,insufficient_funds,2,11,0.571,alt_method,0
CUST_01281,740.14,bank_declined,1,14,0.857,retry,0
CUST_01281,740.14,bank_declined,1,14,0.857,payment_link,0
CUST_01281,740.14,bank_declined,1,14,0.857,alt_method,0
CUST_01282,588.76,network_error,1,14,0.0,retry,0
CUST_01282,588.76,network_error,1,14,0.0,payment_link,0
CUST_01282,588.76,network_error,1,14,0.0,alt_method,0
CUST_01283,1172.02,insufficient_funds,3,9,0.6,retry,0
CUST_01283,1172.02,insufficient_funds,3,9,0.6,payment_link,0
CUST_01283,1172.02,insufficient_funds,3,9,0.6,alt_method,0
CUST_01284,1429.9,bank_declined,0,9,0.0,retry,0
CUST_01284,1429.9,bank_declined,0,9,0.0,payment_link,0
CUST_01284,1429.9,bank_declined,0,9,0.0,alt_method,0
CUST_01285,354.68,bank_declined,0,3,0.667,retry,0
CUST_01285,354.68,bank_declined,0,3,0.667,payment_link,1
CUST_01285,354.68,bank_declined,0,3,0.667,alt_method,1
CUST_01286,229.3,insufficient_funds,2,2,0.333,retry,0
CUST_01286,229.3,insufficient_funds,2,2,0.333,payment_link,0
CUST_01286,229.3,insufficient_funds,2,2,0.333,alt_method,0
CUST_01287,153.09,insufficient_funds,3,11,0.0,retry,0
CUST_01287,153.09,insufficient_funds,3,11,0.0,payment_link,0
CUST_01287,153.09,insufficient_funds,3,11,0.0,alt_method,0
CUST_01288,998.64,insufficient_funds,0,10,0.167,retry,0
CUST_01288,998.64,insufficient_funds,0,10,0.167,payment_link,0
CUST_01288,998.64,insufficient_funds,0,10,0.167,alt_method,0
CUST_01289,275.15,card_declined,3,7,1.0,retry,0
CUST_01289,275.15,card_declined,3,7,1.0,payment_link,1
CUST_01289,275.15,card_declined,3,7,1.0,alt_method,0
CUST_01290,118.83,network_error,0,2,0.4,retry,1
CUST_01290,118.83,network_error,0,2,0.4,payment_link,0
CUST_01290,118.83,network_error,0,2,0.4,alt_method,0
CUST_01291,907.65,card_declined,3,6,0.333,retry,0
CUST_01291,907.65,card_declined,3,6,0.333,payment_link,0
CUST_01291,907.65,card_declined,3,6,0.333,alt_method,0
CUST_01292,4887.32,bank_declined,2,6,0.667,retry,0
CUST_01292,4887.32,bank_declined,2,6,0.667,payment_link,1
CUST_01292,4887.32,bank_declined,2,6,0.667,alt_method,0
CUST_01293,661.92,insufficient_funds,1,6,0.667,retry,0
CUST_01293,661.92,insufficient_funds,1,6,0.667,payment_link,0
CUST_01293,661.92,insufficient_funds,1,6,0.667,alt_method,0
CUST_01294,1300.88,network_error,2,12,0.4,retry,0
CUST_01294,1300.88,network_error,2,12,0.4,payment_link,1
CUST_01294,1300.88,network_error,2,12,0.4,alt_method,0
CUST_01295,710.14,insufficient_funds,0,6,1.0,retry,0
CUST_01295,710.14,insufficient_funds,0,6,1.0,payment_link,0
CUST_01295,710.14,insufficient_funds,0,6,1.0,alt_method,0
CUST_01296,614.55,insufficient_funds,2,13,1.0,retry,0
CUST_01296,614.55,insufficient_funds,2,13,1.0,payment_link,1
CUST_01296,614.55,insufficient_funds,2,13,1.0,alt_method,1
CUST_01297,1387.5,network_error,1,1,0.667,retry,0
CUST_01297,1387.5,network_error,1,1,0.667,payment_link,0
CUST_01297,1387.5,network_error,1,1,0.667,alt_method,0
CUST_01298,527.31,bank_declined,2,9,0.25,retry,0
CUST_01298,527.31,bank_declined,2,9,0.25,payment_link,1
CUST_01298,527.31,bank_declined,2,9,0.25,alt_method,0
CUST_01299,823.79,card_declined,0,2,0.2,retry,1
CUST_01299,823.79,card_declined,0,2,0.2,payment_link,1
CUST_01299,823.79,card_declined,0,2,0.2,alt_method,0
CUST_01300,860.37,insufficient_funds,0,9,0.5,retry,0
CUST_01300,860.37,insufficient_funds,0,9,0.5,payment_link,0
CUST_01300,860.37,insufficient_funds,0,9,0.5,alt_method,0
CUST_01301,389.76,bank_declined,2,8,1.0,retry,0
CUST_01301,389.76,bank_declined,2,8,1.0,payment_link,0
CUST_01301,389.76,bank_declined,2,8,1.0,alt_method,0
CUST_01302,1470.91,network_error,1,2,0.0,retry,0
CUST_01302,1470.91,network_error,1,2,0.0,payment_link,0
CUST_01302,1470.91,network_error,1,2,0.0,alt_method,0
CUST_01303,578.26,insufficient_funds,2,1,1.0,retry,0
CUST_01303,578.26,insufficient_funds,2,1,1.0,payment_link,0
CUST_01303,578.26,insufficient_funds,2,1,1.0,alt_method,0
CUST_01304,363.36,network_error,1,8,0.5,retry,0
CUST_01304,363.36,network_error,1,8,0.5,payment_link,0
CUST_01304,363.36,network_error,1,8,0.5,alt_method,0
CUST_01305,1021.68,bank_declined,3,12,1.0,retry,0
CUST_01305,1021.68,bank_declined,3,12,1.0,payment_link,0
CUST_01305,1021.68,bank_declined,3,12,1.0,alt_method,0
CUST_01306,324.16,card_declined,1,9,1.0,retry,0
CUST_01306,324.16,card_declined,1,9,1.0,payment_link,1
CUST_01306,324.16,card_declined,1,9,1.0,alt_method,1
CUST_01307,680.31,bank_declined,3,8,1.0,retry,0
CUST_01307,680.31,bank_declined,3,8,1.0,payment_link,0
CUST_01307,680.31,bank_declined,3,8,1.0,alt_method,0
CUST_01308,660.31,network_error,2,3,0.5,retry,1
CUST_01308,660.31,network_error,2,3,0.5,payment_link,0
CUST_01308,660.31,network_error,2,3,0.5,alt_method,0
CUST_01309,1585.6,insufficient_funds,1,13,0.571,retry,1
CUST_01309,1585.6,insufficient_funds,1,13,0.571,payment_link,0
CUST_01309,1585.6,insufficient_funds,1,13,0.571,alt_method,1
CUST_01310,972.39,insufficient_funds,3,11,0.5,retry,0
CUST_01310,972.39,insufficient_funds,3,11,0.5,payment_link,0
CUST_01310,972.39,insufficient_funds,3,11,0.5,alt_method,0
CUST_01311,651.96,insufficient_funds,3,8,1.0,retry,0
CUST_01311,651.96,insufficient_funds,3,8,1.0,payment_link,0
CUST_01311,651.96,insufficient_funds,3,8,1.0,alt_method,1
CUST_01312,1279.49,bank_declined,3,2,0.25,retry,0
CUST_01312,1279.49,bank_declined,3,2,0.25,payment_link,1
CUST_01312,1279.49,bank_declined,3,2,0.25,alt_method,0
CUST_01313,2022.65,bank_declined,0,6,0.0,retry,0
CUST_01313,2022.65,bank_declined,0,6,0.0,payment_link,0
CUST_01313,2022.65,bank_declined,0,6,0.0,alt_method,0
CUST_01314,1039.24,bank_declined,2,6,1.0,retry,0
CUST_01314,1039.24,bank_declined,2,6,1.0,payment_link,0
CUST_01314,1039.24,bank_declined,2,6,1.0,alt_method,1
CUST_01315,670.67,insufficient_funds,3,14,0.75,retry,0
CUST_01315,670.67,insufficient_funds,3,14,0.75,payment_link,0
CUST_01315,670.67,insufficient_funds,3,14,0.75,alt_method,0
CUST_01316,232.88,network_error,1,10,0.0,retry,0
CUST_01316,232.88,network_error,1,10,0.0,payment_link,0
CUST_01316,232.88,network_error,1,10,0.0,alt_method,0
CUST_01317,283.7,network_error,3,7,0.6,retry,0
CUST_01317,283.7,network_error,3,7,0.6,payment_link,0
CUST_01317,283.7,network_error,3,7,0.6,alt_method,0
CUST_01318,521.04,insufficient_funds,0,9,1.0,retry,1
CUST_01318,521.04,insufficient_funds,0,9,1.0,payment_link,1
CUST_01318,521.04,insufficient_funds,0,9,1.0,alt_method,1
CUST_01319,408.46,insufficient_funds,2,14,1.0,retry,0
CUST_01319,408.46,insufficient_funds,2,14,1.0,payment_link,0
CUST_01319,408.46,insufficient_funds,2,14,1.0,alt_method,1
CUST_01320,572.73,bank_declined,0,3,0.5,retry,0
CUST_01320,572.73,bank_declined,0,3,0.5,payment_link,1
CUST_01320,572.73,bank_declined,0,3,0.5,alt_method,0
CUST_01321,695.98,bank_declined,0,2,0.8,retry,1
CUST_01321,695.98,bank_declined,0,2,0.8,payment_link,0
CUST_01321,695.98,bank_declined,0,2,0.8,alt_method,0
CUST_01322,1016.13,network_error,0,2,1.0,retry,1
CUST_01322,1016.13,network_error,0,2,1.0,payment_link,0
CUST_01322,1016.13,network_error,0,2,1.0,alt_method,0
CUST_01323,628.67,insufficient_funds,1,14,1.0,retry,0
CUST_01323,628.67,insufficient_funds,1,14,1.0,payment_link,0
CUST_01323,628.67,insufficient_funds,1,14,1.0,alt_method,0
CUST_01324,981.62,network_error,2,11,1.0,retry,1
CUST_01324,981.62,network_error,2,11,1.0,payment_link,0
CUST_01324,981.62,network_error,2,11,1.0,alt_method,0
CUST_01325,700.35,network_error,2,4,0.667,retry,0
CUST_01325,700.35,network_error,2,4,0.667,payment_link,1
CUST_01325,700.35,network_error,2,4,0.667,alt_method,1
CUST_01326,136.95,bank_declined,1,10,0.2,retry,0
CUST_01326,136.95,bank_declined,1,10,0.2,payment_link,0
CUST_01326,136.95,bank_declined,1,10,0.2,alt_method,0
CUST_01327,313.73,network_error,2,14,0.667,retry,0
CUST_01327,313.73,network_error,2,14,0.667,payment_link,1
CUST_01327,313.73,network_error,2,14,0.667,alt_method,0
CUST_01328,592.72,insufficient_funds,0,13,1.0,retry,0
CUST_01328,592.72,insufficient_funds,0,13,1.0,payment_link,0
CUST_01328,592.72,insufficient_funds,0,13,1.0,alt_method,0
CUST_01329,252.71,network_error,2,0,0.5,retry,1
CUST_01329,252.71,network_error,2,0,0.5,payment_link,0
CUST_01329,252.71,network_error,2,0,0.5,alt_method,0
CUST_01330,1074.86,card_declined,1,9,1.0,retry,1
CUST_01330,1074.86,card_declined,1,9,1.0,payment_link,0
CUST_01330,1074.86,card_declined,1,9,1.0,alt_method,0
CUST_01331,2263.35,insufficient_funds,0,2,0.333,retry,1
CUST_01331,2263.35,insufficient_funds,0,2,0.333,payment_link,1
CUST_01331,2263.35,insufficient_funds,0,2,0.333,alt_method,1
CUST_01332,1763.42,network_error,1,13,1.0,retry,1
CUST_01332,1763.42,network_error,1,13,1.0,payment_link,1
CUST_01332,1763.42,network_error,1,13,1.0,alt_method,0
CUST_01333,560.73,insufficient_funds,3,5,0.0,retry,0
CUST_01333,560.73,insufficient_funds,3,5,0.0,payment_link,0
CUST_01333,560.73,insufficient_funds,3,5,0.0,alt_method,0
CUST_01334,2192.02,bank_declined,0,2,0.6,retry,1
CUST_01334,2192.02,bank_declined,0,2,0.6,payment_link,1
CUST_01334,2192.02,bank_declined,0,2,0.6,alt_method,0
CUST_01335,749.15,card_declined,0,4,0.0,retry,0
CUST_01335,749.15,card_declined,0,4,0.0,payment_link,0
CUST_01335,749.15,card_declined,0,4,0.0,alt_method,0
CUST_01336,507.92,network_error,2,8,0.0,retry,0
CUST_01336,507.92,network_error,2,8,0.0,payment_link,0
CUST_01336,507.92,network_error,2,8,0.0,alt_method,0
CUST_01337,407.19,card_declined,0,1,0.857,retry,0
CUST_01337,407.19,card_declined,0,1,0.857,payment_link,0
CUST_01337,407.19,card_declined,0,1,0.857,alt_method,0
CUST_01338,522.19,card_declined,1,10,0.667,retry,0
CUST_01338,522.19,card_declined,1,10,0.667,payment_link,0
CUST_01338,522.19,card_declined,1,10,0.667,alt_method,0
CUST_01339,487.58,card_declined,2,1,0.333,retry,0
CUST_01339,487.58,card_declined,2,1,0.333,payment_link,0
CUST_01339,487.58,card_declined,2,1,0.333,alt_method,0
CUST_01340,762.29,bank_declined,3,11,1.0,retry,0
CUST_01340,762.29,bank_declined,3,11,1.0,payment_link,0
CUST_01340,762.29,bank_declined,3,11,1.0,alt_method,0
CUST_01341,756.32,bank_declined,1,5,0.4,retry,0
CUST_01341,756.32,bank_declined,1,5,0.4,payment_link,0
CUST_01341,756.32,bank_declined,1,5,0.4,alt_method,1
CUST_01342,666.76,insufficient_funds,3,5,0.667,retry,0
CUST_01342,666.76,insufficient_funds,3,5,0.667,payment_link,0
CUST_01342,666.76,insufficient_funds,3,5,0.667,alt_method,0
CUST_01343,943.46,bank_declined,3,10,0.857,retry,0
CUST_01343,943.46,bank_declined,3,10,0.857,payment_link,0
CUST_01343,943.46,bank_declined,3,10,0.857,alt_method,0
CUST_01344,1724.2,insufficient_funds,3,10,1.0,retry,1
CUST_01344,1724.2,insufficient_funds,3,10,1.0,payment_link,0
CUST_01344,1724.2,insufficient_funds,3,10,1.0,alt_method,1
CUST_01345,1421.75,bank_declined,0,7,0.333,retry,0
CUST_01345,1421.75,bank_declined,0,7,0.333,payment_link,0
CUST_01345,1421.75,bank_declined,0,7,0.333,alt_method,0
CUST_01346,202.77,insufficient_funds,1,11,0.8,retry,0
CUST_01346,202.77,insufficient_funds,1,11,0.8,payment_link,0
CUST_01346,202.77,insufficient_funds,1,11,0.8,alt_method,0
CUST_01347,100.0,bank_declined,1,12,0.833,retry,0
CUST_01347,100.0,bank_declined,1,12,0.833,payment_link,0
CUST_01347,100.0,bank_declined,1,12,0.833,alt_method,1
CUST_01348,1404.53,bank_declined,0,10,1.0,retry,0
CUST_01348,1404.53,bank_declined,0,10,1.0,payment_link,1
CUST_01348,1404.53,bank_declined,0,10,1.0,alt_method,0
CUST_01349,222.85,network_error,2,13,1.0,retry,1
CUST_01349,222.85,network_error,2,13,1.0,payment_link,1
CUST_01349,222.85,network_error,2,13,1.0,alt_method,0
CUST_01350,555.68,bank_declined,3,1,1.0,retry,0
CUST_01350,555.68,bank_declined,3,1,1.0,payment_link,0
CUST_01350,555.68,bank_declined,3,1,1.0,alt_method,1
CUST_01351,260.84,insufficient_funds,1,8,0.857,retry,0
CUST_01351,260.84,insufficient_funds,1,8,0.857,payment_link,1
CUST_01351,260.84,insufficient_funds,1,8,0.857,alt_method,0
CUST_01352,157.34,bank_declined,0,14,1.0,retry,0
CUST_01352,157.34,bank_declined,0,14,1.0,payment_link,1
CUST_01352,157.34,bank_declined,0,14,1.0,alt_method,0
CUST_01353,1025.74,insufficient_funds,3,1,0.5,retry,0
CUST_01353,1025.74,insufficient_funds,3,1,0.5,payment_link,0
CUST_01353,1025.74,insufficient_funds,3,1,0.5,alt_method,0
CUST_01354,1220.88,insufficient_funds,2,12,0.5,retry,0
CUST_01354,1220.88,insufficient_funds,2,12,0.5,payment_link,0
CUST_01354,1220.88,insufficient_funds,2,12,0.5,alt_method,1
CUST_01355,419.39,card_declined,2,0,0.0,retry,0
CUST_01355,419.39,card_declined,2,0,0.0,payment_link,0
CUST_01355,419.39,card_declined,2,0,0.0,alt_method,0
CUST_01356,100.0,network_error,3,9,1.0,retry,0
CUST_01356,100.0,network_error,3,9,1.0,payment_link,0
CUST_01356,100.0,network_error,3,9,1.0,alt_method,1
CUST_01357,429.66,bank_declined,2,1,1.0,retry,0
CUST_01357,429.66,bank_declined,2,1,1.0,payment_link,0
CUST_01357,429.66,bank_declined,2,1,1.0,alt_method,0
CUST_01358,910.0,insufficient_funds,1,11,0.5,retry,0
CUST_01358,910.0,insufficient_funds,1,11,0.5,payment_link,0
CUST_01358,910.0,insufficient_funds,1,11,0.5,alt_method,1
CUST_01359,203.75,insufficient_funds,1,6,0.333,retry,0
CUST_01359,203.75,insufficient_funds,1,6,0.333,payment_link,1
CUST_01359,203.75,insufficient_funds,1,6,0.333,alt_method,0
CUST_01360,770.23,insufficient_funds,1,7,1.0,retry,0
CUST_01360,770.23,insufficient_funds,1,7,1.0,payment_link,0
CUST_01360,770.23,insufficient_funds,1,7,1.0,alt_method,0
CUST_01361,657.04,insufficient_funds,2,4,0.333,retry,0
CUST_01361,657.04,insufficient_funds,2,4,0.333,payment_link,0
CUST_01361,657.04,insufficient_funds,2,4,0.333,alt_method,0
CUST_01362,1057.26,insufficient_funds,1,5,0.714,retry,0
CUST_01362,1057.26,insufficient_funds,1,5,0.714,payment_link,0
CUST_01362,1057.26,insufficient_funds,1,5,0.714,alt_method,1
CUST_01363,731.91,network_error,0,11,0.429,retry,0
CUST_01363,731.91,network_error,0,11,0.429,payment_link,1
CUST_01363,731.91,network_error,0,11,0.429,alt_method,0
CUST_01364,305.38,network_error,1,0,0.2,retry,1
CUST_01364,305.38,network_error,1,0,0.2,payment_link,1
CUST_01364,305.38,network_error,1,0,0.2,alt_method,0
CUST_01365,1732.39,network_error,1,14,0.167,retry,0
CUST_01365,1732.39,network_error,1,14,0.167,payment_link,1
CUST_01365,1732.39,network_error,1,14,0.167,alt_method,0
CUST_01366,585.92,card_declined,2,5,0.667,retry,1
CUST_01366,585.92,card_declined,2,5,0.667,payment_link,0
CUST_01366,585.92,card_declined,2,5,0.667,alt_method,0
CUST_01367,650.77,card_declined,1,11,0.714,retry,1
CUST_01367,650.77,card_declined,1,11,0.714,payment_link,0
CUST_01367,650.77,card_declined,1,11,0.714,alt_method,0
CUST_01368,315.26,insufficient_funds,3,14,0.167,retry,0
CUST_01368,315.26,insufficient_funds,3,14,0.167,payment_link,0
CUST_01368,315.26,insufficient_funds,3,14,0.167,alt_method,0
CUST_01369,466.55,bank_declined,0,7,0.0,retry,0
CUST_01369,466.55,bank_declined,0,7,0.0,payment_link,0
CUST_01369,466.55,bank_declined,0,7,0.0,alt_method,0
CUST_01370,327.72,insufficient_funds,2,12,0.4,retry,0
CUST_01370,327.72,insufficient_funds,2,12,0.4,payment_link,0
CUST_01370,327.72,insufficient_funds,2,12,0.4,alt_method,0
CUST_01371,579.2,bank_declined,0,2,1.0,retry,1
CUST_01371,579.2,bank_declined,0,2,1.0,payment_link,1
CUST_01371,579.2,bank_declined,0,2,1.0,alt_method,0
CUST_01372,2615.91,bank_declined,3,10,0.333,retry,0
CUST_01372,2615.91,bank_declined,3,10,0.333,payment_link,0
CUST_01372,2615.91,bank_declined,3,10,0.333,alt_method,0
CUST_01373,221.96,card_declined,2,0,0.0,retry,0
CUST_01373,221.96,card_declined,2,0,0.0,payment_link,0
CUST_01373,221.96,card_declined,2,0,0.0,alt_method,1
CUST_01374,182.94,insufficient_funds,2,10,1.0,retry,1
CUST_01374,182.94,insufficient_funds,2,10,1.0,payment_link,0
CUST_01374,182.94,insufficient_funds,2,10,1.0,alt_method,1
CUST_01375,2158.0,bank_declined,1,3,0.5,retry,0
CUST_01375,2158.0,bank_declined,1,3,0.5,payment_link,0
CUST_01375,2158.0,bank_declined,1,3,0.5,alt_method,0
CUST_01376,562.58,network_error,0,0,0.667,retry,1
CUST_01376,562.58,network_error,0,0,0.667,payment_link,0
CUST_01376,562.58,network_error,0,0,0.667,alt_method,0
CUST_01377,389.45,card_declined,3,13,0.333,retry,0
CUST_01377,389.45,card_declined,3,13,0.333,payment_link,0
CUST_01377,389.45,card_declined,3,13,0.333,alt_method,0
CUST_01378,1528.32,network_error,3,7,0.0,retry,1
CUST_01378,1528.32,network_error,3,7,0.0,payment_link,0
CUST_01378,1528.32,network_error,3,7,0.0,alt_method,0
CUST_01379,409.73,bank_declined,2,4,1.0,retry,0
CUST_01379,409.73,bank_declined,2,4,1.0,payment_link,1
CUST_01379,409.73,bank_declined,2,4,1.0,alt_method,1
CUST_01380,2866.39,bank_declined,1,0,1.0,retry,0
CUST_01380,2866.39,bank_declined,1,0,1.0,payment_link,1
CUST_01380,2866.39,bank_declined,1,0,1.0,alt_method,0
CUST_01381,1144.06,bank_declined,2,13,1.0,retry,0
CUST_01381,1144.06,bank_declined,2,13,1.0,payment_link,0
CUST_01381,1144.06,bank_declined,2,13,1.0,alt_method,0
CUST_01382,450.19,network_error,2,7,0.714,retry,1
CUST_01382,450.19,network_error,2,7,0.714,payment_link,1
CUST_01382,450.19,network_error,2,7,0.714,alt_method,0
CUST_01383,3736.28,card_declined,2,8,0.75,retry,0
CUST_01383,3736.28,card_declined,2,8,0.75,payment_link,1
CUST_01383,3736.28,card_declined,2,8,0.75,alt_method,0
CUST_01384,409.7,network_error,2,9,0.714,retry,0
CUST_01384,409.7,network_error,2,9,0.714,payment_link,0
CUST_01384,409.7,network_error,2,9,0.714,alt_method,0
CUST_01385,1204.33,bank_declined,3,1,0.667,retry,0
CUST_01385,1204.33,bank_declined,3,1,0.667,payment_link,0
CUST_01385,1204.33,bank_declined,3,1,0.667,alt_method,0
CUST_01386,845.08,network_error,3,8,0.333,retry,1
CUST_01386,845.08,network_error,3,8,0.333,payment_link,0
CUST_01386,845.08,network_error,3,8,0.333,alt_method,0
CUST_01387,1884.45,insufficient_funds,2,7,0.333,retry,0
CUST_01387,1884.45,insufficient_funds,2,7,0.333,payment_link,0
CUST_01387,1884.45,insufficient_funds,2,7,0.333,alt_method,0
CUST_01388,2319.74,insufficient_funds,2,6,0.6,retry,0
CUST_01388,2319.74,insufficient_funds,2,6,0.6,payment_link,0
CUST_01388,2319.74,insufficient_funds,2,6,0.6,alt_method,0
CUST_01389,682.39,insufficient_funds,1,2,0.333,retry,0
CUST_01389,682.39,insufficient_funds,1,2,0.333,payment_link,0
CUST_01389,682.39,insufficient_funds,1,2,0.333,alt_method,0
CUST_01390,364.04,network_error,2,1,1.0,retry,1
CUST_01390,364.04,network_error,2,1,1.0,payment_link,1
CUST_01390,364.04,network_error,2,1,1.0,alt_method,1
CUST_01391,961.0,network_error,3,6,0.333,retry,0
CUST_01391,961.0,network_error,3,6,0.333,payment_link,0
CUST_01391,961.0,network_error,3,6,0.333,alt_method,0
CUST_01392,386.77,insufficient_funds,0,14,0.5,retry,0
CUST_01392,386.77,insufficient_funds,0,14,0.5,payment_link,0
CUST_01392,386.77,insufficient_funds,0,14,0.5,alt_method,1
CUST_01393,3329.94,bank_declined,3,4,0.333,retry,0
CUST_01393,3329.94,bank_declined,3,4,0.333,payment_link,0
CUST_01393,3329.94,bank_declined,3,4,0.333,alt_method,0
CUST_01394,741.91,card_declined,1,5,0.5,retry,1
CUST_01394,741.91,card_declined,1,5,0.5,payment_link,1
CUST_01394,741.91,card_declined,1,5,0.5,alt_method,0
CUST_01395,496.58,network_error,3,3,0.714,retry,1
CUST_01395,496.58,network_error,3,3,0.714,payment_link,0
CUST_01395,496.58,network_error,3,3,0.714,alt_method,0
CUST_01396,771.04,insufficient_funds,0,1,1.0,retry,0
CUST_01396,771.04,insufficient_funds,0,1,1.0,payment_link,0
CUST_01396,771.04,insufficient_funds,0,1,1.0,alt_method,0
CUST_01397,226.4,network_error,2,8,1.0,retry,0
CUST_01397,226.4,network_error,2,8,1.0,payment_link,1
CUST_01397,226.4,network_error,2,8,1.0,alt_method,1
CUST_01398,305.73,network_error,0,2,0.714,retry,1
CUST_01398,305.73,network_error,0,2,0.714,payment_link,0
CUST_01398,305.73,network_error,0,2,0.714,alt_method,1
CUST_01399,1737.72,bank_declined,2,11,0.0,retry,0
CUST_01399,1737.72,bank_declined,2,11,0.0,payment_link,1
CUST_01399,1737.72,bank_declined,2,11,0.0,alt_method,0
CUST_01400,393.27,bank_declined,2,13,1.0,retry,0
CUST_01400,393.27,bank_declined,2,13,1.0,payment_link,0
CUST_01400,393.27,bank_declined,2,13,1.0,alt_method,0
CUST_01401,287.86,network_error,3,6,0.429,retry,0
CUST_01401,287.86,network_error,3,6,0.429,payment_link,0
CUST_01401,287.86,network_error,3,6,0.429,alt_method,0
CUST_01402,1021.8,network_error,3,13,0.8,retry,1
CUST_01402,1021.8,network_error,3,13,0.8,payment_link,1
CUST_01402,1021.8,network_error,3,13,0.8,alt_method,0
CUST_01403,1717.39,network_error,3,7,0.75,retry,1
CUST_01403,1717.39,network_error,3,7,0.75,payment_link,0
CUST_01403,1717.39,network_error,3,7,0.75,alt_method,1
CUST_01404,1182.24,bank_declined,1,1,1.0,retry,0
CUST_01404,1182.24,bank_declined,1,1,1.0,payment_link,1
CUST_01404,1182.24,bank_declined,1,1,1.0,alt_method,0
CUST_01405,1475.63,card_declined,3,13,0.6,retry,0
CUST_01405,1475.63,card_declined,3,13,0.6,payment_link,1
CUST_01405,1475.63,card_declined,3,13,0.6,alt_method,0
CUST_01406,363.06,network_error,1,5,1.0,retry,0
CUST_01406,363.06,network_error,1,5,1.0,payment_link,0
CUST_01406,363.06,network_error,1,5,1.0,alt_method,1
CUST_01407,213.27,network_error,3,10,0.8,retry,1
CUST_01407,213.27,network_error,3,10,0.8,payment_link,0
CUST_01407,213.27,network_error,3,10,0.8,alt_method,0
CUST_01408,2210.71,card_declined,2,7,0.5,retry,0
CUST_01408,2210.71,card_declined,2,7,0.5,payment_link,0
CUST_01408,2210.71,card_declined,2,7,0.5,alt_method,0
CUST_01409,513.81,card_declined,1,6,0.5,retry,0
CUST_01409,513.81,card_declined,1,6,0.5,payment_link,0
CUST_01409,513.81,card_declined,1,6,0.5,alt_method,0
CUST_01410,544.21,insufficient_funds,0,10,0.333,retry,0
CUST_01410,544.21,insufficient_funds,0,10,0.333,payment_link,0
CUST_01410,544.21,insufficient_funds,0,10,0.333,alt_method,0
CUST_01411,1924.76,network_error,1,2,0.75,retry,0
CUST_01411,1924.76,network_error,1,2,0.75,payment_link,0
CUST_01411,1924.76,network_error,1,2,0.75,alt_method,1
CUST_01412,1037.93,network_error,1,0,0.333,retry,0
CUST_01412,1037.93,network_error,1,0,0.333,payment_link,0
CUST_01412,1037.93,network_error,1,0,0.333,alt_method,0
CUST_01413,957.87,insufficient_funds,0,13,1.0,retry,1
CUST_01413,957.87,insufficient_funds,0,13,1.0,payment_link,1
CUST_01413,957.87,insufficient_funds,0,13,1.0,alt_method,1
CUST_01414,3759.35,insufficient_funds,1,5,1.0,retry,1
CUST_01414,3759.35,insufficient_funds,1,5,1.0,payment_link,0
CUST_01414,3759.35,insufficient_funds,1,5,1.0,alt_method,1
CUST_01415,397.5,network_error,2,7,1.0,retry,1
CUST_01415,397.5,network_error,2,7,1.0,payment_link,1
CUST_01415,397.5,network_error,2,7,1.0,alt_method,1
CUST_01416,1397.27,insufficient_funds,3,5,1.0,retry,0
CUST_01416,1397.27,insufficient_funds,3,5,1.0,payment_link,1
CUST_01416,1397.27,insufficient_funds,3,5,1.0,alt_method,0
CUST_01417,696.18,network_error,0,4,1.0,retry,1
CUST_01417,696.18,network_error,0,4,1.0,payment_link,1
CUST_01417,696.18,network_error,0,4,1.0,alt_method,1
CUST_01418,824.58,bank_declined,3,10,0.4,retry,0
CUST_01418,824.58,bank_declined,3,10,0.4,payment_link,0
CUST_01418,824.58,bank_declined,3,10,0.4,alt_method,0
CUST_01419,2259.22,insufficient_funds,2,11,0.5,retry,0
CUST_01419,2259.22,insufficient_funds,2,11,0.5,payment_link,0
CUST_01419,2259.22,insufficient_funds,2,11,0.5,alt_method,0
CUST_01420,998.51,network_error,0,7,1.0,retry,1
CUST_01420,998.51,network_error,0,7,1.0,payment_link,1
CUST_01420,998.51,network_error,0,7,1.0,alt_method,1
CUST_01421,1023.15,insufficient_funds,3,1,1.0,retry,1
CUST_01421,1023.15,insufficient_funds,3,1,1.0,payment_link,0
CUST_01421,1023.15,insufficient_funds,3,1,1.0,alt_method,0
CUST_01422,1568.71,insufficient_funds,3,14,1.0,retry,0
CUST_01422,1568.71,insufficient_funds,3,14,1.0,payment_link,0
CUST_01422,1568.71,insufficient_funds,3,14,1.0,alt_method,0
CUST_01423,496.73,card_declined,2,11,0.25,retry,0
CUST_01423,496.73,card_declined,2,11,0.25,payment_link,0
CUST_01423,496.73,card_declined,2,11,0.25,alt_method,0
CUST_01424,339.89,insufficient_funds,3,14,1.0,retry,0
CUST_01424,339.89,insufficient_funds,3,14,1.0,payment_link,0
CUST_01424,339.89,insufficient_funds,3,14,1.0,alt_method,1
CUST_01425,288.34,network_error,2,0,0.6,retry,0
CUST_01425,288.34,network_error,2,0,0.6,payment_link,1
CUST_01425,288.34,network_error,2,0,0.6,alt_method,0
CUST_01426,137.95,bank_declined,1,0,0.5,retry,0
CUST_01426,137.95,bank_declined,1,0,0.5,payment_link,0
CUST_01426,137.95,bank_declined,1,0,0.5,alt_method,0
CUST_01427,3445.99,network_error,2,14,0.714,retry,1
CUST_01427,3445.99,network_error,2,14,0.714,payment_link,0
CUST_01427,3445.99,network_error,2,14,0.714,alt_method,1
CUST_01428,275.18,card_declined,1,13,1.0,retry,0
CUST_01428,275.18,card_declined,1,13,1.0,payment_link,0
CUST_01428,275.18,card_declined,1,13,1.0,alt_method,1
CUST_01429,557.24,insufficient_funds,0,3,0.5,retry,0
CUST_01429,557.24,insufficient_funds,0,3,0.5,payment_link,0
CUST_01429,557.24,insufficient_funds,0,3,0.5,alt_method,1
CUST_01430,533.01,insufficient_funds,3,5,1.0,retry,0
CUST_01430,533.01,insufficient_funds,3,5,1.0,payment_link,1
CUST_01430,533.01,insufficient_funds,3,5,1.0,alt_method,0
CUST_01431,850.59,network_error,2,12,0.5,retry,0
CUST_01431,850.59,network_error,2,12,0.5,payment_link,1
CUST_01431,850.59,network_error,2,12,0.5,alt_method,0
CUST_01432,1277.41,insufficient_funds,2,8,0.857,retry,0
CUST_01432,1277.41,insufficient_funds,2,8,0.857,payment_link,0
CUST_01432,1277.41,insufficient_funds,2,8,0.857,alt_method,0
CUST_01433,1323.96,bank_declined,3,0,1.0,retry,0
CUST_01433,1323.96,bank_declined,3,0,1.0,payment_link,1
CUST_01433,1323.96,bank_declined,3,0,1.0,alt_method,1
CUST_01434,417.19,bank_declined,3,11,0.571,retry,0
CUST_01434,417.19,bank_declined,3,11,0.571,payment_link,0
CUST_01434,417.19,bank_declined,3,11,0.571,alt_method,0
CUST_01435,581.9,network_error,0,0,0.5,retry,1
CUST_01435,581.9,network_error,0,0,0.5,payment_link,0
CUST_01435,581.9,network_error,0,0,0.5,alt_method,1
CUST_01436,833.86,network_error,0,12,1.0,retry,1
CUST_01436,833.86,network_error,0,12,1.0,payment_link,1
CUST_01436,833.86,network_error,0,12,1.0,alt_method,0
CUST_01437,545.14,bank_declined,2,12,1.0,retry,0
CUST_01437,545.14,bank_declined,2,12,1.0,payment_link,0
CUST_01437,545.14,bank_declined,2,12,1.0,alt_method,0
CUST_01438,2406.37,card_declined,0,4,0.6,retry,0
CUST_01438,2406.37,card_declined,0,4,0.6,payment_link,0
CUST_01438,2406.37,card_declined,0,4,0.6,alt_method,0
CUST_01439,985.14,network_error,1,9,0.0,retry,1
CUST_01439,985.14,network_error,1,9,0.0,payment_link,1
CUST_01439,985.14,network_error,1,9,0.0,alt_method,0
CUST_01440,1197.39,insufficient_funds,0,4,0.714,retry,1
CUST_01440,1197.39,insufficient_funds,0,4,0.714,payment_link,1
CUST_01440,1197.39,insufficient_funds,0,4,0.714,alt_method,0
CUST_01441,1130.38,insufficient_funds,0,4,0.333,retry,0
CUST_01441,1130.38,insufficient_funds,0,4,0.333,payment_link,0
CUST_01441,1130.38,insufficient_funds,0,4,0.333,alt_method,0
CUST_01442,1700.67,card_declined,2,9,0.75,retry,0
CUST_01442,1700.67,card_declined,2,9,0.75,payment_link,1
CUST_01442,1700.67,card_declined,2,9,0.75,alt_method,0
CUST_01443,768.79,network_error,1,5,1.0,retry,0
CUST_01443,768.79,network_error,1,5,1.0,payment_link,1
CUST_01443,768.79,network_error,1,5,1.0,alt_method,0
CUST_01444,235.69,network_error,0,7,1.0,retry,1
CUST_01444,235.69,network_error,0,7,1.0,payment_link,0
CUST_01444,235.69,network_error,0,7,1.0,alt_method,1
CUST_01445,915.76,bank_declined,1,2,1.0,retry,0
CUST_01445,915.76,bank_declined,1,2,1.0,payment_link,0
CUST_01445,915.76,bank_declined,1,2,1.0,alt_method,1
CUST_01446,395.01,network_error,1,8,0.8,retry,1
CUST_01446,395.01,network_error,1,8,0.8,payment_link,0
CUST_01446,395.01,network_error,1,8,0.8,alt_method,1
CUST_01447,435.77,insufficient_funds,1,12,0.667,retry,0
CUST_01447,435.77,insufficient_funds,1,12,0.667,payment_link,0
CUST_01447,435.77,insufficient_funds,1,12,0.667,alt_method,0
CUST_01448,1063.26,insufficient_funds,3,0,0.4,retry,0
CUST_01448,1063.26,insufficient_funds,3,0,0.4,payment_link,0
CUST_01448,1063.26,insufficient_funds,3,0,0.4,alt_method,0
CUST_01449,1791.17,insufficient_funds,3,3,0.0,retry,0
CUST_01449,1791.17,insufficient_funds,3,3,0.0,payment_link,0
CUST_01449,1791.17,insufficient_funds,3,3,0.0,alt_method,0
CUST_01450,676.56,insufficient_funds,3,8,0.0,retry,0
CUST_01450,676.56,insufficient_funds,3,8,0.0,payment_link,0
CUST_01450,676.56,insufficient_funds,3,8,0.0,alt_method,0
CUST_01451,851.56,insufficient_funds,3,14,0.75,retry,0
CUST_01451,851.56,insufficient_funds,3,14,0.75,payment_link,0
CUST_01451,851.56,insufficient_funds,3,14,0.75,alt_method,0
CUST_01452,2596.12,network_error,2,13,0.6,retry,0
CUST_01452,2596.12,network_error,2,13,0.6,payment_link,0
CUST_01452,2596.12,network_error,2,13,0.6,alt_method,0
CUST_01453,806.42,insufficient_funds,0,7,0.6,retry,1
CUST_01453,806.42,insufficient_funds,0,7,0.6,payment_link,0
CUST_01453,806.42,insufficient_funds,0,7,0.6,alt_method,0
CUST_01454,5331.28,bank_declined,3,9,1.0,retry,0
CUST_01454,5331.28,bank_declined,3,9,1.0,payment_link,0
CUST_01454,5331.28,bank_declined,3,9,1.0,alt_method,0
CUST_01455,1045.66,bank_declined,2,8,1.0,retry,0
CUST_01455,1045.66,bank_declined,2,8,1.0,payment_link,0
CUST_01455,1045.66,bank_declined,2,8,1.0,alt_method,0
CUST_01456,162.62,network_error,0,0,1.0,retry,1
CUST_01456,162.62,network_error,0,0,1.0,payment_link,1
CUST_01456,162.62,network_error,0,0,1.0,alt_method,0
CUST_01457,1215.21,network_error,3,8,0.0,retry,0
CUST_01457,1215.21,network_error,3,8,0.0,payment_link,0
CUST_01457,1215.21,network_error,3,8,0.0,alt_method,0
CUST_01458,902.28,network_error,0,2,0.667,retry,1
CUST_01458,902.28,network_error,0,2,0.667,payment_link,0
CUST_01458,902.28,network_error,0,2,0.667,alt_method,1
CUST_01459,1866.47,insufficient_funds,3,10,1.0,retry,0
CUST_01459,1866.47,insufficient_funds,3,10,1.0,payment_link,0
CUST_01459,1866.47,insufficient_funds,3,10,1.0,alt_method,0
CUST_01460,1139.73,insufficient_funds,2,11,1.0,retry,0
CUST_01460,1139.73,insufficient_funds,2,11,1.0,payment_link,0
CUST_01460,1139.73,insufficient_funds,2,11,1.0,alt_method,0
CUST_01461,595.4,bank_declined,1,9,1.0,retry,0
CUST_01461,595.4,bank_declined,1,9,1.0,payment_link,0
CUST_01461,595.4,bank_declined,1,9,1.0,alt_method,1
CUST_01462,249.78,network_error,1,8,0.5,retry,0
CUST_01462,249.78,network_error,1,8,0.5,payment_link,0
CUST_01462,249.78,network_error,1,8,0.5,alt_method,0
CUST_01463,562.72,network_error,0,0,1.0,retry,1
CUST_01463,562.72,network_error,0,0,1.0,payment_link,1
CUST_01463,562.72,network_error,0,0,1.0,alt_method,1
CUST_01464,336.83,insufficient_funds,2,0,0.571,retry,0
CUST_01464,336.83,insufficient_funds,2,0,0.571,payment_link,1
CUST_01464,336.83,insufficient_funds,2,0,0.571,alt_method,0
CUST_01465,418.04,bank_declined,1,8,0.6,retry,0
CUST_01465,418.04,bank_declined,1,8,0.6,payment_link,0
CUST_01465,418.04,bank_declined,1,8,0.6,alt_method,0
CUST_01466,1065.14,network_error,3,10,1.0,retry,1
CUST_01466,1065.14,network_error,3,10,1.0,payment_link,1
CUST_01466,1065.14,network_error,3,10,1.0,alt_method,0
CUST_01467,2529.87,bank_declined,1,13,1.0,retry,0
CUST_01467,2529.87,bank_declined,1,13,1.0,payment_link,1
CUST_01467,2529.87,bank_declined,1,13,1.0,alt_method,0
CUST_01468,912.09,network_error,0,5,0.75,retry,1
CUST_01468,912.09,network_error,0,5,0.75,payment_link,1
CUST_01468,912.09,network_error,0,5,0.75,alt_method,1
CUST_01469,255.52,card_declined,0,3,0.2,retry,0
CUST_01469,255.52,card_declined,0,3,0.2,payment_link,1
CUST_01469,255.52,card_declined,0,3,0.2,alt_method,0
CUST_01470,949.26,card_declined,2,6,0.8,retry,0
CUST_01470,949.26,card_declined,2,6,0.8,payment_link,1
CUST_01470,949.26,card_declined,2,6,0.8,alt_method,1
CUST_01471,1732.47,network_error,0,4,1.0,retry,1
CUST_01471,1732.47,network_error,0,4,1.0,payment_link,1
CUST_01471,1732.47,network_error,0,4,1.0,alt_method,0
CUST_01472,408.37,network_error,1,9,0.714,retry,1
CUST_01472,408.37,network_error,1,9,0.714,payment_link,1
CUST_01472,408.37,network_error,1,9,0.714,alt_method,0
CUST_01473,597.52,insufficient_funds,1,13,0.6,retry,0
CUST_01473,597.52,insufficient_funds,1,13,0.6,payment_link,0
CUST_01473,597.52,insufficient_funds,1,13,0.6,alt_method,0
CUST_01474,673.0,network_error,1,6,0.0,retry,0
CUST_01474,673.0,network_error,1,6,0.0,payment_link,0
CUST_01474,673.0,network_error,1,6,0.0,alt_method,0
CUST_01475,354.99,bank_declined,1,7,1.0,retry,0
CUST_01475,354.99,bank_declined,1,7,1.0,payment_link,0
CUST_01475,354.99,bank_declined,1,7,1.0,alt_method,1
CUST_01476,1117.25,bank_declined,2,7,0.5,retry,0
CUST_01476,1117.25,bank_declined,2,7,0.5,payment_link,0
CUST_01476,1117.25,bank_declined,2,7,0.5,alt_method,0
CUST_01477,603.8,bank_declined,3,0,1.0,retry,0
CUST_01477,603.8,bank_declined,3,0,1.0,payment_link,0
CUST_01477,603.8,bank_declined,3,0,1.0,alt_method,0
CUST_01478,930.41,bank_declined,3,7,1.0,retry,0
CUST_01478,930.41,bank_declined,3,7,1.0,payment_link,0
CUST_01478,930.41,bank_declined,3,7,1.0,alt_method,1
CUST_01479,327.02,insufficient_funds,2,5,0.667,retry,1
CUST_01479,327.02,insufficient_funds,2,5,0.667,payment_link,0
CUST_01479,327.02,insufficient_funds,2,5,0.667,alt_method,0
CUST_01480,468.73,network_error,0,3,0.0,retry,0
CUST_01480,468.73,network_error,0,3,0.0,payment_link,0
CUST_01480,468.73,network_error,0,3,0.0,alt_method,0
CUST_01481,1185.48,bank_declined,3,12,0.4,retry,0
CUST_01481,1185.48,bank_declined,3,12,0.4,payment_link,0
CUST_01481,1185.48,bank_declined,3,12,0.4,alt_method,0
CUST_01482,493.6,insufficient_funds,0,13,1.0,retry,0
CUST_01482,493.6,insufficient_funds,0,13,1.0,payment_link,1
CUST_01482,493.6,insufficient_funds,0,13,1.0,alt_method,1
CUST_01483,2648.03,bank_declined,3,11,0.714,retry,0
CUST_01483,2648.03,bank_declined,3,11,0.714,payment_link,0
CUST_01483,2648.03,bank_declined,3,11,0.714,alt_method,0
CUST_01484,483.13,network_error,0,7,1.0,retry,0
CUST_01484,483.13,network_error,0,7,1.0,payment_link,1
CUST_01484,483.13,network_error,0,7,1.0,alt_method,1
CUST_01485,796.12,network_error,2,2,1.0,retry,1
CUST_01485,796.12,network_error,2,2,1.0,payment_link,1
CUST_01485,796.12,network_error,2,2,1.0,alt_method,0
CUST_01486,1402.59,card_declined,1,12,0.0,retry,1
CUST_01486,1402.59,card_declined,1,12,0.0,payment_link,0
CUST_01486,1402.59,card_declined,1,12,0.0,alt_method,0
CUST_01487,213.86,network_error,0,3,1.0,retry,1
CUST_01487,213.86,network_error,0,3,1.0,payment_link,1
CUST_01487,213.86,network_error,0,3,1.0,alt_method,0
CUST_01488,162.61,card_declined,1,14,0.8,retry,0
CUST_01488,162.61,card_declined,1,14,0.8,payment_link,1
CUST_01488,162.61,card_declined,1,14,0.8,alt_method,0
CUST_01489,196.27,card_declined,0,5,0.5,retry,0
CUST_01489,196.27,card_declined,0,5,0.5,payment_link,1
CUST_01489,196.27,card_declined,0,5,0.5,alt_method,0
CUST_01490,1826.34,bank_declined,0,10,1.0,retry,0
CUST_01490,1826.34,bank_declined,0,10,1.0,payment_link,1
CUST_01490,1826.34,bank_declined,0,10,1.0,alt_method,1
CUST_01491,427.74,bank_declined,0,6,0.167,retry,0
CUST_01491,427.74,bank_declined,0,6,0.167,payment_link,0
CUST_01491,427.74,bank_declined,0,6,0.167,alt_method,1
CUST_01492,5149.01,insufficient_funds,0,3,0.0,retry,0
CUST_01492,5149.01,insufficient_funds,0,3,0.0,payment_link,0
CUST_01492,5149.01,insufficient_funds,0,3,0.0,alt_method,0
CUST_01493,423.52,card_declined,0,3,0.5,retry,0
CUST_01493,423.52,card_declined,0,3,0.5,payment_link,1
CUST_01493,423.52,card_declined,0,3,0.5,alt_method,0
CUST_01494,770.96,network_error,1,6,0.5,retry,0
CUST_01494,770.96,network_error,1,6,0.5,payment_link,0
CUST_01494,770.96,network_error,1,6,0.5,alt_method,0
CUST_01495,2284.01,insufficient_funds,0,5,0.0,retry,0
CUST_01495,2284.01,insufficient_funds,0,5,0.0,payment_link,0
CUST_01495,2284.01,insufficient_funds,0,5,0.0,alt_method,0
CUST_01496,3310.57,bank_declined,1,12,1.0,retry,1
CUST_01496,3310.57,bank_declined,1,12,1.0,payment_link,0
CUST_01496,3310.57,bank_declined,1,12,1.0,alt_method,0
CUST_01497,3460.62,insufficient_funds,2,10,1.0,retry,0
CUST_01497,3460.62,insufficient_funds,2,10,1.0,payment_link,0
CUST_01497,3460.62,insufficient_funds,2,10,1.0,alt_method,0
CUST_01498,1748.81,insufficient_funds,3,7,0.167,retry,0
CUST_01498,1748.81,insufficient_funds,3,7,0.167,payment_link,0
CUST_01498,1748.81,insufficient_funds,3,7,0.167,alt_method,0
CUST_01499,1509.07,insufficient_funds,0,0,0.75,retry,0
CUST_01499,1509.07,insufficient_funds,0,0,0.75,payment_link,0
CUST_01499,1509.07,insufficient_funds,0,0,0.75,alt_method,1
CUST_01500,1068.51,insufficient_funds,3,9,0.0,retry,0
CUST_01500,1068.51,insufficient_funds,3,9,0.0,payment_link,0
CUST_01500,1068.51,insufficient_funds,3,9,0.0,alt_method,0
CUST_01501,1239.78,card_declined,1,12,1.0,retry,0
CUST_01501,1239.78,card_declined,1,12,1.0,payment_link,1
CUST_01501,1239.78,card_declined,1,12,1.0,alt_method,0
CUST_01502,427.97,network_error,2,10,1.0,retry,0
CUST_01502,427.97,network_error,2,10,1.0,payment_link,1
CUST_01502,427.97,network_error,2,10,1.0,alt_method,0
CUST_01503,345.65,card_declined,2,6,1.0,retry,0
CUST_01503,345.65,card_declined,2,6,1.0,payment_link,0
CUST_01503,345.65,card_declined,2,6,1.0,alt_method,0
CUST_01504,663.35,bank_declined,2,11,0.75,retry,0
CUST_01504,663.35,bank_declined,2,11,0.75,payment_link,0
CUST_01504,663.35,bank_declined,2,11,0.75,alt_method,0
CUST_01505,580.48,bank_declined,3,6,1.0,retry,0
CUST_01505,580.48,bank_declined,3,6,1.0,payment_link,0
CUST_01505,580.48,bank_declined,3,6,1.0,alt_method,0
CUST_01506,462.86,insufficient_funds,1,10,0.667,retry,0
CUST_01506,462.86,insufficient_funds,1,10,0.667,payment_link,0
CUST_01506,462.86,insufficient_funds,1,10,0.667,alt_method,0
CUST_01507,1161.08,bank_declined,0,6,0.667,retry,0
CUST_01507,1161.08,bank_declined,0,6,0.667,payment_link,0
CUST_01507,1161.08,bank_declined,0,6,0.667,alt_method,0
CUST_01508,1428.31,network_error,0,6,0.571,retry,0
CUST_01508,1428.31,network_error,0,6,0.571,payment_link,0
CUST_01508,1428.31,network_error,0,6,0.571,alt_method,0
CUST_01509,713.89,bank_declined,1,9,1.0,retry,0
CUST_01509,713.89,bank_declined,1,9,1.0,payment_link,0
CUST_01509,713.89,bank_declined,1,9,1.0,alt_method,0
CUST_01510,2169.01,network_error,3,13,0.0,retry,0
CUST_01510,2169.01,network_error,3,13,0.0,payment_link,0
CUST_01510,2169.01,network_error,3,13,0.0,alt_method,0
CUST_01511,266.84,card_declined,0,9,0.6,retry,0
CUST_01511,266.84,card_declined,0,9,0.6,payment_link,0
CUST_01511,266.84,card_declined,0,9,0.6,alt_method,0
CUST_01512,569.68,card_declined,1,7,0.0,retry,0
CUST_01512,569.68,card_declined,1,7,0.0,payment_link,0
CUST_01512,569.68,card_declined,1,7,0.0,alt_method,0
CUST_01513,374.86,network_error,0,8,0.833,retry,1
CUST_01513,374.86,network_error,0,8,0.833,payment_link,1
CUST_01513,374.86,network_error,0,8,0.833,alt_method,1
CUST_01514,149.42,network_error,2,8,0.286,retry,0
CUST_01514,149.42,network_error,2,8,0.286,payment_link,0
CUST_01514,149.42,network_error,2,8,0.286,alt_method,1
CUST_01515,622.57,bank_declined,0,1,0.571,retry,0
CUST_01515,622.57,bank_declined,0,1,0.571,payment_link,1
CUST_01515,622.57,bank_declined,0,1,0.571,alt_method,1
CUST_01516,603.41,network_error,3,12,1.0,retry,0
CUST_01516,603.41,network_error,3,12,1.0,payment_link,0
CUST_01516,603.41,network_error,3,12,1.0,alt_method,1
CUST_01517,2232.24,card_declined,1,12,1.0,retry,0
CUST_01517,2232.24,card_declined,1,12,1.0,payment_link,0
CUST_01517,2232.24,card_declined,1,12,1.0,alt_method,0
CUST_01518,1101.74,network_error,3,6,1.0,retry,0
CUST_01518,1101.74,network_error,3,6,1.0,payment_link,0
CUST_01518,1101.74,network_error,3,6,1.0,alt_method,0
CUST_01519,293.14,network_error,1,6,0.6,retry,1
CUST_01519,293.14,network_error,1,6,0.6,payment_link,1
CUST_01519,293.14,network_error,1,6,0.6,alt_method,0
CUST_01520,2931.51,card_declined,2,3,1.0,retry,0
CUST_01520,2931.51,card_declined,2,3,1.0,payment_link,1
CUST_01520,2931.51,card_declined,2,3,1.0,alt_method,0
CUST_01521,1766.63,bank_declined,1,8,0.5,retry,0
CUST_01521,1766.63,bank_declined,1,8,0.5,payment_link,0
CUST_01521,1766.63,bank_declined,1,8,0.5,alt_method,0
CUST_01522,1059.63,bank_declined,0,7,1.0,retry,1
CUST_01522,1059.63,bank_declined,0,7,1.0,payment_link,0
CUST_01522,1059.63,bank_declined,0,7,1.0,alt_method,0
CUST_01523,554.91,insufficient_funds,0,11,0.0,retry,0
CUST_01523,554.91,insufficient_funds,0,11,0.0,payment_link,0
CUST_01523,554.91,insufficient_funds,0,11,0.0,alt_method,0
CUST_01524,308.72,bank_declined,2,0,0.571,retry,0
CUST_01524,308.72,bank_declined,2,0,0.571,payment_link,0
CUST_01524,308.72,bank_declined,2,0,0.571,alt_method,1
CUST_01525,493.85,insufficient_funds,1,1,0.2,retry,0
CUST_01525,493.85,insufficient_funds,1,1,0.2,payment_link,0
CUST_01525,493.85,insufficient_funds,1,1,0.2,alt_method,0
CUST_01526,1589.22,bank_declined,2,12,1.0,retry,0
CUST_01526,1589.22,bank_declined,2,12,1.0,payment_link,0
CUST_01526,1589.22,bank_declined,2,12,1.0,alt_method,0
CUST_01527,3003.91,bank_declined,0,14,1.0,retry,0
CUST_01527,3003.91,bank_declined,0,14,1.0,payment_link,0
CUST_01527,3003.91,bank_declined,0,14,1.0,alt_method,0
CUST_01528,2286.08,insufficient_funds,3,12,0.0,retry,0
CUST_01528,2286.08,insufficient_funds,3,12,0.0,payment_link,0
CUST_01528,2286.08,insufficient_funds,3,12,0.0,alt_method,1
CUST_01529,449.85,insufficient_funds,2,1,0.25,retry,0
CUST_01529,449.85,insufficient_funds,2,1,0.25,payment_link,0
CUST_01529,449.85,insufficient_funds,2,1,0.25,alt_method,0
CUST_01530,271.59,network_error,3,11,0.5,retry,0
CUST_01530,271.59,network_error,3,11,0.5,payment_link,0
CUST_01530,271.59,network_error,3,11,0.5,alt_method,0
CUST_01531,744.5,bank_declined,3,11,1.0,retry,0
CUST_01531,744.5,bank_declined,3,11,1.0,payment_link,0
CUST_01531,744.5,bank_declined,3,11,1.0,alt_method,0
CUST_01532,161.62,network_error,1,10,0.75,retry,1
CUST_01532,161.62,network_error,1,10,0.75,payment_link,0
CUST_01532,161.62,network_error,1,10,0.75,alt_method,0
CUST_01533,861.38,bank_declined,2,14,0.667,retry,0
CUST_01533,861.38,bank_declined,2,14,0.667,payment_link,0
CUST_01533,861.38,bank_declined,2,14,0.667,alt_method,0
CUST_01534,591.06,network_error,3,14,1.0,retry,0
CUST_01534,591.06,network_error,3,14,1.0,payment_link,0
CUST_01534,591.06,network_error,3,14,1.0,alt_method,0
CUST_01535,458.14,bank_declined,3,7,1.0,retry,0
CUST_01535,458.14,bank_declined,3,7,1.0,payment_link,0
CUST_01535,458.14,bank_declined,3,7,1.0,alt_method,1
CUST_01536,185.72,bank_declined,1,14,0.4,retry,0
CUST_01536,185.72,bank_declined,1,14,0.4,payment_link,0
CUST_01536,185.72,bank_declined,1,14,0.4,alt_method,0
CUST_01537,1003.13,network_error,1,0,1.0,retry,1
CUST_01537,1003.13,network_error,1,0,1.0,payment_link,1
CUST_01537,1003.13,network_error,1,0,1.0,alt_method,0
CUST_01538,434.35,network_error,0,3,0.5,retry,0
CUST_01538,434.35,network_error,0,3,0.5,payment_link,0
CUST_01538,434.35,network_error,0,3,0.5,alt_method,1
CUST_01539,260.88,network_error,3,9,0.0,retry,0
CUST_01539,260.88,network_error,3,9,0.0,payment_link,0
CUST_01539,260.88,network_error,3,9,0.0,alt_method,0
CUST_01540,100.0,bank_declined,0,11,0.6,retry,0
CUST_01540,100.0,bank_declined,0,11,0.6,payment_link,1
CUST_01540,100.0,bank_declined,0,11,0.6,alt_method,0
CUST_01541,650.66,bank_declined,3,4,1.0,retry,0
CUST_01541,650.66,bank_declined,3,4,1.0,payment_link,0
CUST_01541,650.66,bank_declined,3,4,1.0,alt_method,0
CUST_01542,2745.73,network_error,0,8,0.6,retry,0
CUST_01542,2745.73,network_error,0,8,0.6,payment_link,0
CUST_01542,2745.73,network_error,0,8,0.6,alt_method,0
CUST_01543,2512.43,bank_declined,1,6,0.5,retry,0
CUST_01543,2512.43,bank_declined,1,6,0.5,payment_link,0
CUST_01543,2512.43,bank_declined,1,6,0.5,alt_method,0
CUST_01544,461.43,insufficient_funds,2,7,1.0,retry,0
CUST_01544,461.43,insufficient_funds,2,7,1.0,payment_link,1
CUST_01544,461.43,insufficient_funds,2,7,1.0,alt_method,1
CUST_01545,410.85,insufficient_funds,1,13,0.714,retry,0
CUST_01545,410.85,insufficient_funds,1,13,0.714,payment_link,0
CUST_01545,410.85,insufficient_funds,1,13,0.714,alt_method,0
CUST_01546,967.79,card_declined,0,10,0.667,retry,0
CUST_01546,967.79,card_declined,0,10,0.667,payment_link,1
CUST_01546,967.79,card_declined,0,10,0.667,alt_method,0
CUST_01547,299.25,insufficient_funds,0,8,0.6,retry,0
CUST_01547,299.25,insufficient_funds,0,8,0.6,payment_link,0
CUST_01547,299.25,insufficient_funds,0,8,0.6,alt_method,1
CUST_01548,846.77,insufficient_funds,2,12,1.0,retry,0
CUST_01548,846.77,insufficient_funds,2,12,1.0,payment_link,0
CUST_01548,846.77,insufficient_funds,2,12,1.0,alt_method,1
CUST_01549,1227.66,network_error,3,6,0.143,retry,1
CUST_01549,1227.66,network_error,3,6,0.143,payment_link,0
CUST_01549,1227.66,network_error,3,6,0.143,alt_method,0
CUST_01550,1774.98,network_error,0,4,0.833,retry,1
CUST_01550,1774.98,network_error,0,4,0.833,payment_link,0
CUST_01550,1774.98,network_error,0,4,0.833,alt_method,0
CUST_01551,613.93,network_error,0,12,1.0,retry,0
CUST_01551,613.93,network_error,0,12,1.0,payment_link,1
CUST_01551,613.93,network_error,0,12,1.0,alt_method,1
CUST_01552,565.13,network_error,0,14,0.5,retry,1
CUST_01552,565.13,network_error,0,14,0.5,payment_link,0
CUST_01552,565.13,network_error,0,14,0.5,alt_method,0
CUST_01553,329.51,bank_declined,2,4,0.4,retry,1
CUST_01553,329.51,bank_declined,2,4,0.4,payment_link,0
CUST_01553,329.51,bank_declined,2,4,0.4,alt_method,1
CUST_01554,343.26,insufficient_funds,1,9,0.714,retry,1
CUST_01554,343.26,insufficient_funds,1,9,0.714,payment_link,1
CUST_01554,343.26,insufficient_funds,1,9,0.714,alt_method,0
CUST_01555,554.92,insufficient_funds,0,10,0.0,retry,0
CUST_01555,554.92,insufficient_funds,0,10,0.0,payment_link,0
CUST_01555,554.92,insufficient_funds,0,10,0.0,alt_method,0
CUST_01556,892.38,network_error,2,5,0.8,retry,1
CUST_01556,892.38,network_error,2,5,0.8,payment_link,0
CUST_01556,892.38,network_error,2,5,0.8,alt_method,0
CUST_01557,1381.42,network_error,0,4,1.0,retry,0
CUST_01557,1381.42,network_error,0,4,1.0,payment_link,0
CUST_01557,1381.42,network_error,0,4,1.0,alt_method,1
CUST_01558,349.83,bank_declined,3,12,0.75,retry,0
CUST_01558,349.83,bank_declined,3,12,0.75,payment_link,0
CUST_01558,349.83,bank_declined,3,12,0.75,alt_method,0
CUST_01559,2195.47,card_declined,2,11,0.8,retry,0
CUST_01559,2195.47,card_declined,2,11,0.8,payment_link,0
CUST_01559,2195.47,card_declined,2,11,0.8,alt_method,0
CUST_01560,535.45,network_error,0,10,0.714,retry,1
CUST_01560,535.45,network_error,0,10,0.714,payment_link,1
CUST_01560,535.45,network_error,0,10,0.714,alt_method,0
CUST_01561,653.87,card_declined,2,8,0.5,retry,1
CUST_01561,653.87,card_declined,2,8,0.5,payment_link,1
CUST_01561,653.87,card_declined,2,8,0.5,alt_method,0
CUST_01562,365.85,insufficient_funds,0,2,0.75,retry,1
CUST_01562,365.85,insufficient_funds,0,2,0.75,payment_link,0
CUST_01562,365.85,insufficient_funds,0,2,0.75,alt_method,1
CUST_01563,100.0,insufficient_funds,1,2,0.5,retry,1
CUST_01563,100.0,insufficient_funds,1,2,0.5,payment_link,0
CUST_01563,100.0,insufficient_funds,1,2,0.5,alt_method,1
CUST_01564,1349.16,insufficient_funds,0,14,1.0,retry,0
CUST_01564,1349.16,insufficient_funds,0,14,1.0,payment_link,0
CUST_01564,1349.16,insufficient_funds,0,14,1.0,alt_method,0
CUST_01565,1199.28,network_error,2,6,1.0,retry,1
CUST_01565,1199.28,network_error,2,6,1.0,payment_link,1
CUST_01565,1199.28,network_error,2,6,1.0,alt_method,0
CUST_01566,531.09,network_error,3,6,0.0,retry,0
CUST_01566,531.09,network_error,3,6,0.0,payment_link,0
CUST_01566,531.09,network_error,3,6,0.0,alt_method,0
CUST_01567,701.76,bank_declined,3,5,0.8,retry,0
CUST_01567,701.76,bank_declined,3,5,0.8,payment_link,0
CUST_01567,701.76,bank_declined,3,5,0.8,alt_method,0
CUST_01568,1005.01,insufficient_funds,3,2,0.333,retry,1
CUST_01568,1005.01,insufficient_funds,3,2,0.333,payment_link,0
CUST_01568,1005.01,insufficient_funds,3,2,0.333,alt_method,0
CUST_01569,190.56,card_declined,0,13,1.0,retry,0
CUST_01569,190.56,card_declined,0,13,1.0,payment_link,0
CUST_01569,190.56,card_declined,0,13,1.0,alt_method,0
CUST_01570,435.61,insufficient_funds,1,12,0.5,retry,0
CUST_01570,435.61,insufficient_funds,1,12,0.5,payment_link,0
CUST_01570,435.61,insufficient_funds,1,12,0.5,alt_method,0
CUST_01571,1255.65,network_error,0,6,0.5,retry,1
CUST_01571,1255.65,network_error,0,6,0.5,payment_link,1
CUST_01571,1255.65,network_error,0,6,0.5,alt_method,0
CUST_01572,243.85,bank_declined,3,4,1.0,retry,0
CUST_01572,243.85,bank_declined,3,4,1.0,payment_link,0
CUST_01572,243.85,bank_declined,3,4,1.0,alt_method,0
CUST_01573,841.21,network_error,2,6,0.5,retry,0
CUST_01573,841.21,network_error,2,6,0.5,payment_link,0
CUST_01573,841.21,network_error,2,6,0.5,alt_method,0
CUST_01574,224.69,insufficient_funds,3,1,1.0,retry,0
CUST_01574,224.69,insufficient_funds,3,1,1.0,payment_link,0
CUST_01574,224.69,insufficient_funds,3,1,1.0,alt_method,0
CUST_01575,965.98,bank_declined,2,5,0.667,retry,0
CUST_01575,965.98,bank_declined,2,5,0.667,payment_link,0
CUST_01575,965.98,bank_declined,2,5,0.667,alt_method,0
CUST_01576,646.44,card_declined,1,13,1.0,retry,1
CUST_01576,646.44,card_declined,1,13,1.0,payment_link,0
CUST_01576,646.44,card_declined,1,13,1.0,alt_method,0
CUST_01577,182.71,bank_declined,2,7,0.0,retry,0
CUST_01577,182.71,bank_declined,2,7,0.0,payment_link,0
CUST_01577,182.71,bank_declined,2,7,0.0,alt_method,0
CUST_01578,1688.83,bank_declined,0,0,0.0,retry,0
CUST_01578,1688.83,bank_declined,0,0,0.0,payment_link,0
CUST_01578,1688.83,bank_declined,0,0,0.0,alt_method,0
CUST_01579,369.57,bank_declined,0,3,0.5,retry,0
CUST_01579,369.57,bank_declined,0,3,0.5,payment_link,1
CUST_01579,369.57,bank_declined,0,3,0.5,alt_method,0
CUST_01580,347.86,card_declined,0,10,0.8,retry,0
CUST_01580,347.86,card_declined,0,10,0.8,payment_link,1
CUST_01580,347.86,card_declined,0,10,0.8,alt_method,0
CUST_01581,780.91,network_error,2,0,0.2,retry,1
CUST_01581,780.91,network_error,2,0,0.2,payment_link,0
CUST_01581,780.91,network_error,2,0,0.2,alt_method,0
CUST_01582,1667.22,network_error,0,13,1.0,retry,0
CUST_01582,1667.22,network_error,0,13,1.0,payment_link,1
CUST_01582,1667.22,network_error,0,13,1.0,alt_method,1
CUST_01583,295.11,network_error,0,0,1.0,retry,0
CUST_01583,295.11,network_error,0,0,1.0,payment_link,0
CUST_01583,295.11,network_error,0,0,1.0,alt_method,0
CUST_01584,698.79,network_error,0,9,0.5,retry,1
CUST_01584,698.79,network_error,0,9,0.5,payment_link,0
CUST_01584,698.79,network_error,0,9,0.5,alt_method,0
CUST_01585,937.35,bank_declined,1,11,0.857,retry,0
CUST_01585,937.35,bank_declined,1,11,0.857,payment_link,0
CUST_01585,937.35,bank_declined,1,11,0.857,alt_method,1
CUST_01586,1158.04,bank_declined,2,13,0.5,retry,0
CUST_01586,1158.04,bank_declined,2,13,0.5,payment_link,0
CUST_01586,1158.04,bank_declined,2,13,0.5,alt_method,0
CUST_01587,765.98,insufficient_funds,2,13,0.833,retry,0
CUST_01587,765.98,insufficient_funds,2,13,0.833,payment_link,0
CUST_01587,765.98,insufficient_funds,2,13,0.833,alt_method,1
CUST_01588,495.9,network_error,3,10,0.571,retry,0
CUST_01588,495.9,network_error,3,10,0.571,payment_link,0
CUST_01588,495.9,network_error,3,10,0.571,alt_method,0
CUST_01589,343.07,bank_declined,2,7,0.5,retry,0
CUST_01589,343.07,bank_declined,2,7,0.5,payment_link,0
CUST_01589,343.07,bank_declined,2,7,0.5,alt_method,0
CUST_01590,712.6,insufficient_funds,1,6,0.0,retry,0
CUST_01590,712.6,insufficient_funds,1,6,0.0,payment_link,0
CUST_01590,712.6,insufficient_funds,1,6,0.0,alt_method,0
CUST_01591,282.11,bank_declined,2,11,0.75,retry,0
CUST_01591,282.11,bank_declined,2,11,0.75,payment_link,0
CUST_01591,282.11,bank_declined,2,11,0.75,alt_method,0
CUST_01592,100.0,insufficient_funds,1,9,1.0,retry,0
CUST_01592,100.0,insufficient_funds,1,9,1.0,payment_link,0
CUST_01592,100.0,insufficient_funds,1,9,1.0,alt_method,0
CUST_01593,943.17,insufficient_funds,1,12,0.5,retry,0
CUST_01593,943.17,insufficient_funds,1,12,0.5,payment_link,0
CUST_01593,943.17,insufficient_funds,1,12,0.5,alt_method,0
CUST_01594,1370.8,network_error,2,0,1.0,retry,0
CUST_01594,1370.8,network_error,2,0,1.0,payment_link,1
CUST_01594,1370.8,network_error,2,0,1.0,alt_method,0
CUST_01595,100.45,network_error,3,10,0.333,retry,0
CUST_01595,100.45,network_error,3,10,0.333,payment_link,0
CUST_01595,100.45,network_error,3,10,0.333,alt_method,0
CUST_01596,296.55,bank_declined,0,13,0.75,retry,0
CUST_01596,296.55,bank_declined,0,13,0.75,payment_link,1
CUST_01596,296.55,bank_declined,0,13,0.75,alt_method,1
CUST_01597,1091.52,card_declined,0,12,0.333,retry,0
CUST_01597,1091.52,card_declined,0,12,0.333,payment_link,1
CUST_01597,1091.52,card_declined,0,12,0.333,alt_method,0
CUST_01598,3449.54,bank_declined,2,1,0.5,retry,0
CUST_01598,3449.54,bank_declined,2,1,0.5,payment_link,0
CUST_01598,3449.54,bank_declined,2,1,0.5,alt_method,1
CUST_01599,676.3,network_error,2,3,0.0,retry,0
CUST_01599,676.3,network_error,2,3,0.0,payment_link,0
CUST_01599,676.3,network_error,2,3,0.0,alt_method,0
CUST_01600,371.52,insufficient_funds,1,0,1.0,retry,0
CUST_01600,371.52,insufficient_funds,1,0,1.0,payment_link,0
CUST_01600,371.52,insufficient_funds,1,0,1.0,alt_method,0
CUST_01601,574.6,bank_declined,2,2,1.0,retry,1
CUST_01601,574.6,bank_declined,2,2,1.0,payment_link,0
CUST_01601,574.6,bank_declined,2,2,1.0,alt_method,0
CUST_01602,1998.0,bank_declined,1,7,0.5,retry,0
CUST_01602,1998.0,bank_declined,1,7,0.5,payment_link,0
CUST_01602,1998.0,bank_declined,1,7,0.5,alt_method,0
CUST_01603,396.72,network_error,3,7,0.5,retry,0
CUST_01603,396.72,network_error,3,7,0.5,payment_link,0
CUST_01603,396.72,network_error,3,7,0.5,alt_method,0
CUST_01604,350.95,network_error,2,7,0.8,retry,1
CUST_01604,350.95,network_error,2,7,0.8,payment_link,1
CUST_01604,350.95,network_error,2,7,0.8,alt_method,0
CUST_01605,452.06,bank_declined,0,5,0.667,retry,0
CUST_01605,452.06,bank_declined,0,5,0.667,payment_link,0
CUST_01605,452.06,bank_declined,0,5,0.667,alt_method,0
CUST_01606,310.24,insufficient_funds,0,5,0.5,retry,0
CUST_01606,310.24,insufficient_funds,0,5,0.5,payment_link,0
CUST_01606,310.24,insufficient_funds,0,5,0.5,alt_method,1
CUST_01607,733.73,network_error,2,4,1.0,retry,1
CUST_01607,733.73,network_error,2,4,1.0,payment_link,1
CUST_01607,733.73,network_error,2,4,1.0,alt_method,0
CUST_01608,2439.97,network_error,1,12,0.0,retry,0
CUST_01608,2439.97,network_error,1,12,0.0,payment_link,0
CUST_01608,2439.97,network_error,1,12,0.0,alt_method,0
CUST_01609,861.32,insufficient_funds,0,8,1.0,retry,1
CUST_01609,861.32,insufficient_funds,0,8,1.0,payment_link,0
CUST_01609,861.32,insufficient_funds,0,8,1.0,alt_method,1
CUST_01610,543.55,card_declined,1,3,0.4,retry,1
CUST_01610,543.55,card_declined,1,3,0.4,payment_link,1
CUST_01610,543.55,card_declined,1,3,0.4,alt_method,0
CUST_01611,526.66,card_declined,2,9,0.5,retry,0
CUST_01611,526.66,card_declined,2,9,0.5,payment_link,1
CUST_01611,526.66,card_declined,2,9,0.5,alt_method,0
CUST_01612,190.46,insufficient_funds,2,14,0.429,retry,0
CUST_01612,190.46,insufficient_funds,2,14,0.429,payment_link,0
CUST_01612,190.46,insufficient_funds,2,14,0.429,alt_method,0
CUST_01613,1348.15,insufficient_funds,0,11,0.571,retry,1
CUST_01613,1348.15,insufficient_funds,0,11,0.571,payment_link,0
CUST_01613,1348.15,insufficient_funds,0,11,0.571,alt_method,0
CUST_01614,624.99,network_error,2,11,0.0,retry,0
CUST_01614,624.99,network_error,2,11,0.0,payment_link,1
CUST_01614,624.99,network_error,2,11,0.0,alt_method,0
CUST_01615,575.72,insufficient_funds,3,11,0.333,retry,0
CUST_01615,575.72,insufficient_funds,3,11,0.333,payment_link,0
CUST_01615,575.72,insufficient_funds,3,11,0.333,alt_method,1
CUST_01616,8556.84,insufficient_funds,3,6,1.0,retry,0
CUST_01616,8556.84,insufficient_funds,3,6,1.0,payment_link,0
CUST_01616,8556.84,insufficient_funds,3,6,1.0,alt_method,1
CUST_01617,844.72,bank_declined,0,0,0.857,retry,0
CUST_01617,844.72,bank_declined,0,0,0.857,payment_link,1
CUST_01617,844.72,bank_declined,0,0,0.857,alt_method,0
CUST_01618,364.51,insufficient_funds,3,14,0.667,retry,0
CUST_01618,364.51,insufficient_funds,3,14,0.667,payment_link,0
CUST_01618,364.51,insufficient_funds,3,14,0.667,alt_method,0
CUST_01619,472.91,network_error,1,8,1.0,retry,0
CUST_01619,472.91,network_error,1,8,1.0,payment_link,0
CUST_01619,472.91,network_error,1,8,1.0,alt_method,1
CUST_01620,1666.96,network_error,0,6,1.0,retry,1
CUST_01620,1666.96,network_error,0,6,1.0,payment_link,1
CUST_01620,1666.96,network_error,0,6,1.0,alt_method,0
CUST_01621,728.23,insufficient_funds,0,9,1.0,retry,1
CUST_01621,728.23,insufficient_funds,0,9,1.0,payment_link,1
CUST_01621,728.23,insufficient_funds,0,9,1.0,alt_method,0
CUST_01622,210.48,network_error,1,11,0.429,retry,0
CUST_01622,210.48,network_error,1,11,0.429,payment_link,0
CUST_01622,210.48,network_error,1,11,0.429,alt_method,0
CUST_01623,1387.67,network_error,3,8,0.0,retry,0
CUST_01623,1387.67,network_error,3,8,0.0,payment_link,0
CUST_01623,1387.67,network_error,3,8,0.0,alt_method,0
CUST_01624,389.74,card_declined,3,6,0.5,retry,0
CUST_01624,389.74,card_declined,3,6,0.5,payment_link,0
CUST_01624,389.74,card_declined,3,6,0.5,alt_method,0
CUST_01625,2976.9,insufficient_funds,3,1,0.4,retry,0
CUST_01625,2976.9,insufficient_funds,3,1,0.4,payment_link,0
CUST_01625,2976.9,insufficient_funds,3,1,0.4,alt_method,0
CUST_01626,1578.2,insufficient_funds,0,14,1.0,retry,1
CUST_01626,1578.2,insufficient_funds,0,14,1.0,payment_link,0
CUST_01626,1578.2,insufficient_funds,0,14,1.0,alt_method,1
CUST_01627,465.05,card_declined,0,5,0.0,retry,0
CUST_01627,465.05,card_declined,0,5,0.0,payment_link,0
CUST_01627,465.05,card_declined,0,5,0.0,alt_method,0
CUST_01628,1853.47,card_declined,3,9,1.0,retry,0
CUST_01628,1853.47,card_declined,3,9,1.0,payment_link,1
CUST_01628,1853.47,card_declined,3,9,1.0,alt_method,0
CUST_01629,702.25,insufficient_funds,2,11,1.0,retry,0
CUST_01629,702.25,insufficient_funds,2,11,1.0,payment_link,0
CUST_01629,702.25,insufficient_funds,2,11,1.0,alt_method,0
CUST_01630,1315.82,bank_declined,3,10,0.5,retry,0
CUST_01630,1315.82,bank_declined,3,10,0.5,payment_link,0
CUST_01630,1315.82,bank_declined,3,10,0.5,alt_method,0
CUST_01631,980.23,insufficient_funds,1,3,0.333,retry,0
CUST_01631,980.23,insufficient_funds,1,3,0.333,payment_link,0
CUST_01631,980.23,insufficient_funds,1,3,0.333,alt_method,0
CUST_01632,337.96,insufficient_funds,0,2,0.833,retry,0
CUST_01632,337.96,insufficient_funds,0,2,0.833,payment_link,1
CUST_01632,337.96,insufficient_funds,0,2,0.833,alt_method,0
CUST_01633,397.49,insufficient_funds,1,1,1.0,retry,1
CUST_01633,397.49,insufficient_funds,1,1,1.0,payment_link,0
CUST_01633,397.49,insufficient_funds,1,1,1.0,alt_method,1
CUST_01634,1516.21,bank_declined,1,5,1.0,retry,0
CUST_01634,1516.21,bank_declined,1,5,1.0,payment_link,0
CUST_01634,1516.21,bank_declined,1,5,1.0,alt_method,0
CUST_01635,508.86,bank_declined,0,7,0.0,retry,0
CUST_01635,508.86,bank_declined,0,7,0.0,payment_link,1
CUST_01635,508.86,bank_declined,0,7,0.0,alt_method,0
CUST_01636,481.58,insufficient_funds,2,5,0.5,retry,0
CUST_01636,481.58,insufficient_funds,2,5,0.5,payment_link,0
CUST_01636,481.58,insufficient_funds,2,5,0.5,alt_method,0
CUST_01637,309.79,network_error,3,8,1.0,retry,1
CUST_01637,309.79,network_error,3,8,1.0,payment_link,0
CUST_01637,309.79,network_error,3,8,1.0,alt_method,0
CUST_01638,933.44,bank_declined,1,13,0.333,retry,0
CUST_01638,933.44,bank_declined,1,13,0.333,payment_link,0
CUST_01638,933.44,bank_declined,1,13,0.333,alt_method,0
CUST_01639,3463.45,network_error,0,4,1.0,retry,1
CUST_01639,3463.45,network_error,0,4,1.0,payment_link,1
CUST_01639,3463.45,network_error,0,4,1.0,alt_method,1
CUST_01640,283.15,insufficient_funds,1,1,0.0,retry,0
CUST_01640,283.15,insufficient_funds,1,1,0.0,payment_link,0
CUST_01640,283.15,insufficient_funds,1,1,0.0,alt_method,0
CUST_01641,678.15,bank_declined,3,7,1.0,retry,0
CUST_01641,678.15,bank_declined,3,7,1.0,payment_link,0
CUST_01641,678.15,bank_declined,3,7,1.0,alt_method,0
CUST_01642,2058.59,bank_declined,2,8,0.833,retry,0
CUST_01642,2058.59,bank_declined,2,8,0.833,payment_link,0
CUST_01642,2058.59,bank_declined,2,8,0.833,alt_method,0
CUST_01643,624.09,bank_declined,2,13,0.75,retry,0
CUST_01643,624.09,bank_declined,2,13,0.75,payment_link,0
CUST_01643,624.09,bank_declined,2,13,0.75,alt_method,0
CUST_01644,955.18,card_declined,2,9,0.5,retry,0
CUST_01644,955.18,card_declined,2,9,0.5,payment_link,1
CUST_01644,955.18,card_declined,2,9,0.5,alt_method,0
CUST_01645,284.32,insufficient_funds,0,3,0.75,retry,0
CUST_01645,284.32,insufficient_funds,0,3,0.75,payment_link,0
CUST_01645,284.32,insufficient_funds,0,3,0.75,alt_method,0
CUST_01646,936.96,bank_declined,0,5,0.667,retry,0
CUST_01646,936.96,bank_declined,0,5,0.667,payment_link,1
CUST_01646,936.96,bank_declined,0,5,0.667,alt_method,0
CUST_01647,572.66,bank_declined,2,14,0.571,retry,0
CUST_01647,572.66,bank_declined,2,14,0.571,payment_link,0
CUST_01647,572.66,bank_declined,2,14,0.571,alt_method,1
CUST_01648,1463.5,network_error,3,10,0.0,retry,0
CUST_01648,1463.5,network_error,3,10,0.0,payment_link,0
CUST_01648,1463.5,network_error,3,10,0.0,alt_method,0
CUST_01649,1719.71,network_error,3,9,0.5,retry,0
CUST_01649,1719.71,network_error,3,9,0.5,payment_link,0
CUST_01649,1719.71,network_error,3,9,0.5,alt_method,1
CUST_01650,5279.84,network_error,0,7,1.0,retry,1
CUST_01650,5279.84,network_error,0,7,1.0,payment_link,0
CUST_01650,5279.84,network_error,0,7,1.0,alt_method,0
CUST_01651,1057.55,insufficient_funds,2,8,0.75,retry,1
CUST_01651,1057.55,insufficient_funds,2,8,0.75,payment_link,0
CUST_01651,1057.55,insufficient_funds,2,8,0.75,alt_method,0
CUST_01652,863.19,bank_declined,3,11,1.0,retry,0
CUST_01652,863.19,bank_declined,3,11,1.0,payment_link,1
CUST_01652,863.19,bank_declined,3,11,1.0,alt_method,0
CUST_01653,777.05,bank_declined,3,4,0.429,retry,0
CUST_01653,777.05,bank_declined,3,4,0.429,payment_link,0
CUST_01653,777.05,bank_declined,3,4,0.429,alt_method,0
CUST_01654,501.43,network_error,3,11,0.8,retry,0
CUST_01654,501.43,network_error,3,11,0.8,payment_link,0
CUST_01654,501.43,network_error,3,11,0.8,alt_method,0
CUST_01655,872.0,network_error,0,5,1.0,retry,1
CUST_01655,872.0,network_error,0,5,1.0,payment_link,1
CUST_01655,872.0,network_error,0,5,1.0,alt_method,1
CUST_01656,525.15,card_declined,2,10,0.0,retry,0
CUST_01656,525.15,card_declined,2,10,0.0,payment_link,0
CUST_01656,525.15,card_declined,2,10,0.0,alt_method,0
CUST_01657,761.1,network_error,1,3,0.0,retry,1
CUST_01657,761.1,network_error,1,3,0.0,payment_link,0
CUST_01657,761.1,network_error,1,3,0.0,alt_method,0
CUST_01658,1908.51,insufficient_funds,2,4,0.667,retry,0
CUST_01658,1908.51,insufficient_funds,2,4,0.667,payment_link,0
CUST_01658,1908.51,insufficient_funds,2,4,0.667,alt_method,0
CUST_01659,297.31,insufficient_funds,2,6,0.6,retry,0
CUST_01659,297.31,insufficient_funds,2,6,0.6,payment_link,0
CUST_01659,297.31,insufficient_funds,2,6,0.6,alt_method,0
CUST_01660,1655.57,insufficient_funds,0,8,0.75,retry,1
CUST_01660,1655.57,insufficient_funds,0,8,0.75,payment_link,0
CUST_01660,1655.57,insufficient_funds,0,8,0.75,alt_method,0
CUST_01661,1907.77,network_error,3,9,1.0,retry,0
CUST_01661,1907.77,network_error,3,9,1.0,payment_link,1
CUST_01661,1907.77,network_error,3,9,1.0,alt_method,1
CUST_01662,605.19,network_error,3,10,0.0,retry,0
CUST_01662,605.19,network_error,3,10,0.0,payment_link,0
CUST_01662,605.19,network_error,3,10,0.0,alt_method,0
CUST_01663,121.82,network_error,0,12,0.667,retry,1
CUST_01663,121.82,network_error,0,12,0.667,payment_link,0
CUST_01663,121.82,network_error,0,12,0.667,alt_method,1
CUST_01664,409.01,insufficient_funds,0,5,1.0,retry,1
CUST_01664,409.01,insufficient_funds,0,5,1.0,payment_link,1
CUST_01664,409.01,insufficient_funds,0,5,1.0,alt_method,1
CUST_01665,1877.31,insufficient_funds,0,13,0.8,retry,1
CUST_01665,1877.31,insufficient_funds,0,13,0.8,payment_link,0
CUST_01665,1877.31,insufficient_funds,0,13,0.8,alt_method,1
CUST_01666,653.08,network_error,0,5,0.286,retry,1
CUST_01666,653.08,network_error,0,5,0.286,payment_link,0
CUST_01666,653.08,network_error,0,5,0.286,alt_method,0
CUST_01667,299.03,bank_declined,0,7,0.0,retry,0
CUST_01667,299.03,bank_declined,0,7,0.0,payment_link,0
CUST_01667,299.03,bank_declined,0,7,0.0,alt_method,0
CUST_01668,444.16,bank_declined,1,10,0.429,retry,0
CUST_01668,444.16,bank_declined,1,10,0.429,payment_link,0
CUST_01668,444.16,bank_declined,1,10,0.429,alt_method,0
CUST_01669,1303.09,network_error,2,3,0.571,retry,1
CUST_01669,1303.09,network_error,2,3,0.571,payment_link,1
CUST_01669,1303.09,network_error,2,3,0.571,alt_method,1
CUST_01670,1030.07,insufficient_funds,2,2,1.0,retry,0
CUST_01670,1030.07,insufficient_funds,2,2,1.0,payment_link,0
CUST_01670,1030.07,insufficient_funds,2,2,1.0,alt_method,0
CUST_01671,549.42,bank_declined,2,13,0.25,retry,0
CUST_01671,549.42,bank_declined,2,13,0.25,payment_link,0
CUST_01671,549.42,bank_declined,2,13,0.25,alt_method,0
CUST_01672,495.98,network_error,3,6,0.667,retry,0
CUST_01672,495.98,network_error,3,6,0.667,payment_link,0
CUST_01672,495.98,network_error,3,6,0.667,alt_method,0
CUST_01673,486.19,insufficient_funds,1,4,0.0,retry,0
CUST_01673,486.19,insufficient_funds,1,4,0.0,payment_link,0
CUST_01673,486.19,insufficient_funds,1,4,0.0,alt_method,0
CUST_01674,318.01,bank_declined,2,1,1.0,retry,0
CUST_01674,318.01,bank_declined,2,1,1.0,payment_link,1
CUST_01674,318.01,bank_declined,2,1,1.0,alt_method,0
CUST_01675,2421.88,card_declined,3,1,0.75,retry,0
CUST_01675,2421.88,card_declined,3,1,0.75,payment_link,1
CUST_01675,2421.88,card_declined,3,1,0.75,alt_method,1
CUST_01676,513.96,bank_declined,1,10,0.5,retry,0
CUST_01676,513.96,bank_declined,1,10,0.5,payment_link,0
CUST_01676,513.96,bank_declined,1,10,0.5,alt_method,0
CUST_01677,1761.16,insufficient_funds,1,5,0.5,retry,0
CUST_01677,1761.16,insufficient_funds,1,5,0.5,payment_link,0
CUST_01677,1761.16,insufficient_funds,1,5,0.5,alt_method,1
CUST_01678,2246.33,bank_declined,3,7,0.667,retry,0
CUST_01678,2246.33,bank_declined,3,7,0.667,payment_link,0
CUST_01678,2246.33,bank_declined,3,7,0.667,alt_method,0
CUST_01679,1478.3,insufficient_funds,1,0,0.5,retry,1
CUST_01679,1478.3,insufficient_funds,1,0,0.5,payment_link,0
CUST_01679,1478.3,insufficient_funds,1,0,0.5,alt_method,0
CUST_01680,470.93,bank_declined,3,14,1.0,retry,0
CUST_01680,470.93,bank_declined,3,14,1.0,payment_link,0
CUST_01680,470.93,bank_declined,3,14,1.0,alt_method,0
CUST_01681,918.72,insufficient_funds,2,10,0.333,retry,0
CUST_01681,918.72,insufficient_funds,2,10,0.333,payment_link,0
CUST_01681,918.72,insufficient_funds,2,10,0.333,alt_method,1
CUST_01682,652.39,network_error,3,5,1.0,retry,0
CUST_01682,652.39,network_error,3,5,1.0,payment_link,0
CUST_01682,652.39,network_error,3,5,1.0,alt_method,0
CUST_01683,322.8,bank_declined,1,11,1.0,retry,0
CUST_01683,322.8,bank_declined,1,11,1.0,payment_link,1
CUST_01683,322.8,bank_declined,1,11,1.0,alt_method,0
CUST_01684,862.2,insufficient_funds,2,1,0.667,retry,1
CUST_01684,862.2,insufficient_funds,2,1,0.667,payment_link,0
CUST_01684,862.2,insufficient_funds,2,1,0.667,alt_method,1
CUST_01685,258.98,insufficient_funds,2,1,1.0,retry,0
CUST_01685,258.98,insufficient_funds,2,1,1.0,payment_link,0
CUST_01685,258.98,insufficient_funds,2,1,1.0,alt_method,0
CUST_01686,1720.11,card_declined,0,6,0.667,retry,0
CUST_01686,1720.11,card_declined,0,6,0.667,payment_link,1
CUST_01686,1720.11,card_declined,0,6,0.667,alt_method,0
CUST_01687,458.66,network_error,0,9,0.25,retry,0
CUST_01687,458.66,network_error,0,9,0.25,payment_link,1
CUST_01687,458.66,network_error,0,9,0.25,alt_method,0
CUST_01688,781.28,insufficient_funds,1,0,0.6,retry,1
CUST_01688,781.28,insufficient_funds,1,0,0.6,payment_link,0
CUST_01688,781.28,insufficient_funds,1,0,0.6,alt_method,0
CUST_01689,834.33,network_error,3,5,1.0,retry,0
CUST_01689,834.33,network_error,3,5,1.0,payment_link,1
CUST_01689,834.33,network_error,3,5,1.0,alt_method,0
CUST_01690,540.71,bank_declined,3,13,0.333,retry,0
CUST_01690,540.71,bank_declined,3,13,0.333,payment_link,0
CUST_01690,540.71,bank_declined,3,13,0.333,alt_method,0
CUST_01691,1063.54,bank_declined,1,6,0.75,retry,0
CUST_01691,1063.54,bank_declined,1,6,0.75,payment_link,0
CUST_01691,1063.54,bank_declined,1,6,0.75,alt_method,0
CUST_01692,454.9,insufficient_funds,2,13,0.0,retry,0
CUST_01692,454.9,insufficient_funds,2,13,0.0,payment_link,0
CUST_01692,454.9,insufficient_funds,2,13,0.0,alt_method,0
CUST_01693,1335.47,bank_declined,1,7,0.667,retry,0
CUST_01693,1335.47,bank_declined,1,7,0.667,payment_link,0
CUST_01693,1335.47,bank_declined,1,7,0.667,alt_method,0
CUST_01694,226.61,insufficient_funds,1,6,0.6,retry,0
CUST_01694,226.61,insufficient_funds,1,6,0.6,payment_link,0
CUST_01694,226.61,insufficient_funds,1,6,0.6,alt_method,1
CUST_01695,735.91,bank_declined,2,5,0.5,retry,0
CUST_01695,735.91,bank_declined,2,5,0.5,payment_link,0
CUST_01695,735.91,bank_declined,2,5,0.5,alt_method,0
CUST_01696,3137.38,insufficient_funds,3,8,0.0,retry,0
CUST_01696,3137.38,insufficient_funds,3,8,0.0,payment_link,0
CUST_01696,3137.38,insufficient_funds,3,8,0.0,alt_method,0
CUST_01697,298.79,insufficient_funds,1,12,0.0,retry,0
CUST_01697,298.79,insufficient_funds,1,12,0.0,payment_link,0
CUST_01697,298.79,insufficient_funds,1,12,0.0,alt_method,0
CUST_01698,386.76,card_declined,3,2,0.0,retry,0
CUST_01698,386.76,card_declined,3,2,0.0,payment_link,0
CUST_01698,386.76,card_declined,3,2,0.0,alt_method,0
CUST_01699,1003.38,network_error,1,10,1.0,retry,1
CUST_01699,1003.38,network_error,1,10,1.0,payment_link,1
CUST_01699,1003.38,network_error,1,10,1.0,alt_method,1
CUST_01700,767.9,network_error,2,5,1.0,retry,0
CUST_01700,767.9,network_error,2,5,1.0,payment_link,0
CUST_01700,767.9,network_error,2,5,1.0,alt_method,1
CUST_01701,880.51,insufficient_funds,2,3,0.75,retry,0
CUST_01701,880.51,insufficient_funds,2,3,0.75,payment_link,0
CUST_01701,880.51,insufficient_funds,2,3,0.75,alt_method,0
CUST_01702,983.73,card_declined,0,1,1.0,retry,0
CUST_01702,983.73,card_declined,0,1,1.0,payment_link,0
CUST_01702,983.73,card_declined,0,1,1.0,alt_method,0
CUST_01703,1105.2,insufficient_funds,2,0,0.4,retry,0
CUST_01703,1105.2,insufficient_funds,2,0,0.4,payment_link,0
CUST_01703,1105.2,insufficient_funds,2,0,0.4,alt_method,0
CUST_01704,1616.08,network_error,0,11,0.5,retry,0
CUST_01704,1616.08,network_error,0,11,0.5,payment_link,0
CUST_01704,1616.08,network_error,0,11,0.5,alt_method,0
CUST_01705,923.21,insufficient_funds,1,11,0.6,retry,1
CUST_01705,923.21,insufficient_funds,1,11,0.6,payment_link,0
CUST_01705,923.21,insufficient_funds,1,11,0.6,alt_method,0
CUST_01706,548.39,insufficient_funds,3,13,1.0,retry,0
CUST_01706,548.39,insufficient_funds,3,13,1.0,payment_link,0
CUST_01706,548.39,insufficient_funds,3,13,1.0,alt_method,0
CUST_01707,1139.17,network_error,2,0,1.0,retry,1
CUST_01707,1139.17,network_error,2,0,1.0,payment_link,0
CUST_01707,1139.17,network_error,2,0,1.0,alt_method,1
CUST_01708,3040.89,bank_declined,2,10,1.0,retry,0
CUST_01708,3040.89,bank_declined,2,10,1.0,payment_link,0
CUST_01708,3040.89,bank_declined,2,10,1.0,alt_method,0
CUST_01709,598.18,card_declined,2,9,0.5,retry,0
CUST_01709,598.18,card_declined,2,9,0.5,payment_link,0
CUST_01709,598.18,card_declined,2,9,0.5,alt_method,0
CUST_01710,305.02,insufficient_funds,1,2,0.5,retry,0
CUST_01710,305.02,insufficient_funds,1,2,0.5,payment_link,0
CUST_01710,305.02,insufficient_funds,1,2,0.5,alt_method,1
CUST_01711,1612.7,insufficient_funds,0,3,0.0,retry,1
CUST_01711,1612.7,insufficient_funds,0,3,0.0,payment_link,0
CUST_01711,1612.7,insufficient_funds,0,3,0.0,alt_method,0
CUST_01712,604.07,insufficient_funds,1,1,0.571,retry,1
CUST_01712,604.07,insufficient_funds,1,1,0.571,payment_link,0
CUST_01712,604.07,insufficient_funds,1,1,0.571,alt_method,0
CUST_01713,116.96,network_error,3,12,0.6,retry,1
CUST_01713,116.96,network_error,3,12,0.6,payment_link,0
CUST_01713,116.96,network_error,3,12,0.6,alt_method,0
CUST_01714,1310.2,card_declined,1,11,1.0,retry,0
CUST_01714,1310.2,card_declined,1,11,1.0,payment_link,1
CUST_01714,1310.2,card_declined,1,11,1.0,alt_method,0
CUST_01715,433.43,insufficient_funds,3,10,0.5,retry,0
CUST_01715,433.43,insufficient_funds,3,10,0.5,payment_link,0
CUST_01715,433.43,insufficient_funds,3,10,0.5,alt_method,0
CUST_01716,618.67,insufficient_funds,2,10,1.0,retry,0
CUST_01716,618.67,insufficient_funds,2,10,1.0,payment_link,0
CUST_01716,618.67,insufficient_funds,2,10,1.0,alt_method,1
CUST_01717,867.47,bank_declined,3,13,0.5,retry,0
CUST_01717,867.47,bank_declined,3,13,0.5,payment_link,1
CUST_01717,867.47,bank_declined,3,13,0.5,alt_method,0
CUST_01718,774.64,insufficient_funds,3,10,1.0,retry,1
CUST_01718,774.64,insufficient_funds,3,10,1.0,payment_link,0
CUST_01718,774.64,insufficient_funds,3,10,1.0,alt_method,0
CUST_01719,1173.28,bank_declined,0,0,0.667,retry,0
CUST_01719,1173.28,bank_declined,0,0,0.667,payment_link,0
CUST_01719,1173.28,bank_declined,0,0,0.667,alt_method,1
CUST_01720,469.47,network_error,3,3,0.667,retry,1
CUST_01720,469.47,network_error,3,3,0.667,payment_link,0
CUST_01720,469.47,network_error,3,3,0.667,alt_method,0
CUST_01721,1002.73,bank_declined,3,14,1.0,retry,0
CUST_01721,1002.73,bank_declined,3,14,1.0,payment_link,0
CUST_01721,1002.73,bank_declined,3,14,1.0,alt_method,0
CUST_01722,540.43,card_declined,1,6,1.0,retry,1
CUST_01722,540.43,card_declined,1,6,1.0,payment_link,0
CUST_01722,540.43,card_declined,1,6,1.0,alt_method,0
CUST_01723,1201.17,bank_declined,2,9,1.0,retry,0
CUST_01723,1201.17,bank_declined,2,9,1.0,payment_link,0
CUST_01723,1201.17,bank_declined,2,9,1.0,alt_method,0
CUST_01724,1088.21,card_declined,1,10,0.0,retry,0
CUST_01724,1088.21,card_declined,1,10,0.0,payment_link,0
CUST_01724,1088.21,card_declined,1,10,0.0,alt_method,0
CUST_01725,314.71,network_error,1,5,0.5,retry,1
CUST_01725,314.71,network_error,1,5,0.5,payment_link,0
CUST_01725,314.71,network_error,1,5,0.5,alt_method,0
CUST_01726,1585.71,insufficient_funds,2,5,0.6,retry,0
CUST_01726,1585.71,insufficient_funds,2,5,0.6,payment_link,0
CUST_01726,1585.71,insufficient_funds,2,5,0.6,alt_method,1
CUST_01727,433.21,bank_declined,2,10,0.857,retry,0
CUST_01727,433.21,bank_declined,2,10,0.857,payment_link,1
CUST_01727,433.21,bank_declined,2,10,0.857,alt_method,0
CUST_01728,1269.59,insufficient_funds,3,8,1.0,retry,0
CUST_01728,1269.59,insufficient_funds,3,8,1.0,payment_link,0
CUST_01728,1269.59,insufficient_funds,3,8,1.0,alt_method,0
CUST_01729,892.32,insufficient_funds,3,13,1.0,retry,0
CUST_01729,892.32,insufficient_funds,3,13,1.0,payment_link,0
CUST_01729,892.32,insufficient_funds,3,13,1.0,alt_method,0
CUST_01730,2894.44,insufficient_funds,0,14,0.5,retry,0
CUST_01730,2894.44,insufficient_funds,0,14,0.5,payment_link,0
CUST_01730,2894.44,insufficient_funds,0,14,0.5,alt_method,1
CUST_01731,556.26,network_error,1,1,1.0,retry,1
CUST_01731,556.26,network_error,1,1,1.0,payment_link,1
CUST_01731,556.26,network_error,1,1,1.0,alt_method,1
CUST_01732,502.98,insufficient_funds,2,3,0.857,retry,0
CUST_01732,502.98,insufficient_funds,2,3,0.857,payment_link,0
CUST_01732,502.98,insufficient_funds,2,3,0.857,alt_method,0
CUST_01733,654.89,network_error,3,4,1.0,retry,1
CUST_01733,654.89,network_error,3,4,1.0,payment_link,0
CUST_01733,654.89,network_error,3,4,1.0,alt_method,0
CUST_01734,521.89,bank_declined,2,0,0.857,retry,0
CUST_01734,521.89,bank_declined,2,0,0.857,payment_link,1
CUST_01734,521.89,bank_declined,2,0,0.857,alt_method,0
CUST_01735,1261.37,network_error,3,7,1.0,retry,0
CUST_01735,1261.37,network_error,3,7,1.0,payment_link,0
CUST_01735,1261.37,network_error,3,7,1.0,alt_method,1
CUST_01736,182.54,network_error,0,7,0.4,retry,0
CUST_01736,182.54,network_error,0,7,0.4,payment_link,0
CUST_01736,182.54,network_error,0,7,0.4,alt_method,0
CUST_01737,286.3,insufficient_funds,0,5,0.0,retry,0
CUST_01737,286.3,insufficient_funds,0,5,0.0,payment_link,0
CUST_01737,286.3,insufficient_funds,0,5,0.0,alt_method,0
CUST_01738,283.09,insufficient_funds,2,11,0.857,retry,0
CUST_01738,283.09,insufficient_funds,2,11,0.857,payment_link,0
CUST_01738,283.09,insufficient_funds,2,11,0.857,alt_method,1
CUST_01739,1422.61,card_declined,0,4,1.0,retry,1
CUST_01739,1422.61,card_declined,0,4,1.0,payment_link,0
CUST_01739,1422.61,card_declined,0,4,1.0,alt_method,1
CUST_01740,2613.62,insufficient_funds,2,7,0.714,retry,0
CUST_01740,2613.62,insufficient_funds,2,7,0.714,payment_link,0
CUST_01740,2613.62,insufficient_funds,2,7,0.714,alt_method,1
CUST_01741,611.82,insufficient_funds,3,2,0.5,retry,0
CUST_01741,611.82,insufficient_funds,3,2,0.5,payment_link,1
CUST_01741,611.82,insufficient_funds,3,2,0.5,alt_method,0
CUST_01742,581.11,bank_declined,1,2,1.0,retry,0
CUST_01742,581.11,bank_declined,1,2,1.0,payment_link,0
CUST_01742,581.11,bank_declined,1,2,1.0,alt_method,0
CUST_01743,703.48,insufficient_funds,0,1,0.571,retry,1
CUST_01743,703.48,insufficient_funds,0,1,0.571,payment_link,1
CUST_01743,703.48,insufficient_funds,0,1,0.571,alt_method,0
CUST_01744,1684.97,network_error,3,4,0.5,retry,1
CUST_01744,1684.97,network_error,3,4,0.5,payment_link,0
CUST_01744,1684.97,network_error,3,4,0.5,alt_method,0
CUST_01745,316.75,insufficient_funds,1,2,1.0,retry,0
CUST_01745,316.75,insufficient_funds,1,2,1.0,payment_link,0
CUST_01745,316.75,insufficient_funds,1,2,1.0,alt_method,0
CUST_01746,804.88,card_declined,1,2,1.0,retry,1
CUST_01746,804.88,card_declined,1,2,1.0,payment_link,1
CUST_01746,804.88,card_declined,1,2,1.0,alt_method,1
CUST_01747,1451.22,insufficient_funds,1,14,0.571,retry,1
CUST_01747,1451.22,insufficient_funds,1,14,0.571,payment_link,0
CUST_01747,1451.22,insufficient_funds,1,14,0.571,alt_method,0
CUST_01748,993.14,network_error,3,5,0.0,retry,0
CUST_01748,993.14,network_error,3,5,0.0,payment_link,0
CUST_01748,993.14,network_error,3,5,0.0,alt_method,0
CUST_01749,774.07,network_error,3,7,0.167,retry,0
CUST_01749,774.07,network_error,3,7,0.167,payment_link,0
CUST_01749,774.07,network_error,3,7,0.167,alt_method,0
CUST_01750,1481.54,network_error,2,1,0.667,retry,0
CUST_01750,1481.54,network_error,2,1,0.667,payment_link,0
CUST_01750,1481.54,network_error,2,1,0.667,alt_method,0
CUST_01751,100.0,insufficient_funds,1,3,0.333,retry,0
CUST_01751,100.0,insufficient_funds,1,3,0.333,payment_link,0
CUST_01751,100.0,insufficient_funds,1,3,0.333,alt_method,0
CUST_01752,1144.02,insufficient_funds,1,10,1.0,retry,1
CUST_01752,1144.02,insufficient_funds,1,10,1.0,payment_link,0
CUST_01752,1144.02,insufficient_funds,1,10,1.0,alt_method,0
CUST_01753,394.15,network_error,1,6,0.6,retry,0
CUST_01753,394.15,network_error,1,6,0.6,payment_link,0
CUST_01753,394.15,network_error,1,6,0.6,alt_method,0
CUST_01754,153.78,card_declined,2,0,1.0,retry,0
CUST_01754,153.78,card_declined,2,0,1.0,payment_link,1
CUST_01754,153.78,card_declined,2,0,1.0,alt_method,0
CUST_01755,1001.21,bank_declined,1,0,1.0,retry,0
CUST_01755,1001.21,bank_declined,1,0,1.0,payment_link,1
CUST_01755,1001.21,bank_declined,1,0,1.0,alt_method,0
CUST_01756,1996.05,insufficient_funds,3,11,0.8,retry,0
CUST_01756,1996.05,insufficient_funds,3,11,0.8,payment_link,0
CUST_01756,1996.05,insufficient_funds,3,11,0.8,alt_method,0
CUST_01757,595.88,bank_declined,1,12,1.0,retry,0
CUST_01757,595.88,bank_declined,1,12,1.0,payment_link,0
CUST_01757,595.88,bank_declined,1,12,1.0,alt_method,0
CUST_01758,1425.53,network_error,0,9,1.0,retry,0
CUST_01758,1425.53,network_error,0,9,1.0,payment_link,0
CUST_01758,1425.53,network_error,0,9,1.0,alt_method,1
CUST_01759,2415.89,insufficient_funds,3,6,0.6,retry,0
CUST_01759,2415.89,insufficient_funds,3,6,0.6,payment_link,0
CUST_01759,2415.89,insufficient_funds,3,6,0.6,alt_method,1
CUST_01760,1904.42,bank_declined,2,13,0.8,retry,1
CUST_01760,1904.42,bank_declined,2,13,0.8,payment_link,1
CUST_01760,1904.42,bank_declined,2,13,0.8,alt_method,1
CUST_01761,2470.0,bank_declined,1,6,0.75,retry,1
CUST_01761,2470.0,bank_declined,1,6,0.75,payment_link,0
CUST_01761,2470.0,bank_declined,1,6,0.75,alt_method,0
CUST_01762,1204.36,bank_declined,0,0,1.0,retry,0
CUST_01762,1204.36,bank_declined,0,0,1.0,payment_link,0
CUST_01762,1204.36,bank_declined,0,0,1.0,alt_method,1
CUST_01763,706.52,network_error,2,0,0.667,retry,0
CUST_01763,706.52,network_error,2,0,0.667,payment_link,1
CUST_01763,706.52,network_error,2,0,0.667,alt_method,0
CUST_01764,184.64,card_declined,2,3,0.667,retry,0
CUST_01764,184.64,card_declined,2,3,0.667,payment_link,0
CUST_01764,184.64,card_declined,2,3,0.667,alt_method,1
CUST_01765,546.29,network_error,3,4,1.0,retry,1
CUST_01765,546.29,network_error,3,4,1.0,payment_link,0
CUST_01765,546.29,network_error,3,4,1.0,alt_method,1
CUST_01766,338.8,card_declined,2,4,1.0,retry,1
CUST_01766,338.8,card_declined,2,4,1.0,payment_link,0
CUST_01766,338.8,card_declined,2,4,1.0,alt_method,0
CUST_01767,3777.26,card_declined,2,3,0.667,retry,0
CUST_01767,3777.26,card_declined,2,3,0.667,payment_link,0
CUST_01767,3777.26,card_declined,2,3,0.667,alt_method,0
CUST_01768,577.84,network_error,2,7,0.5,retry,0
CUST_01768,577.84,network_error,2,7,0.5,payment_link,0
CUST_01768,577.84,network_error,2,7,0.5,alt_method,0
CUST_01769,734.04,bank_declined,2,6,0.75,retry,0
CUST_01769,734.04,bank_declined,2,6,0.75,payment_link,0
CUST_01769,734.04,bank_declined,2,6,0.75,alt_method,0
CUST_01770,1034.0,network_error,1,8,1.0,retry,1
CUST_01770,1034.0,network_error,1,8,1.0,payment_link,1
CUST_01770,1034.0,network_error,1,8,1.0,alt_method,0
CUST_01771,688.75,insufficient_funds,1,6,1.0,retry,0
CUST_01771,688.75,insufficient_funds,1,6,1.0,payment_link,0
CUST_01771,688.75,insufficient_funds,1,6,1.0,alt_method,0
CUST_01772,2581.28,insufficient_funds,1,14,0.5,retry,0
CUST_01772,2581.28,insufficient_funds,1,14,0.5,payment_link,1
CUST_01772,2581.28,insufficient_funds,1,14,0.5,alt_method,0
CUST_01773,404.19,insufficient_funds,1,9,1.0,retry,0
CUST_01773,404.19,insufficient_funds,1,9,1.0,payment_link,1
CUST_01773,404.19,insufficient_funds,1,9,1.0,alt_method,0
CUST_01774,777.19,card_declined,0,0,1.0,retry,1
CUST_01774,777.19,card_declined,0,0,1.0,payment_link,1
CUST_01774,777.19,card_declined,0,0,1.0,alt_method,0
CUST_01775,367.24,bank_declined,1,12,0.571,retry,0
CUST_01775,367.24,bank_declined,1,12,0.571,payment_link,0
CUST_01775,367.24,bank_declined,1,12,0.571,alt_method,0
CUST_01776,231.36,insufficient_funds,2,13,0.667,retry,0
CUST_01776,231.36,insufficient_funds,2,13,0.667,payment_link,1
CUST_01776,231.36,insufficient_funds,2,13,0.667,alt_method,0
CUST_01777,407.72,bank_declined,1,6,0.5,retry,0
CUST_01777,407.72,bank_declined,1,6,0.5,payment_link,0
CUST_01777,407.72,bank_declined,1,6,0.5,alt_method,1
CUST_01778,645.72,card_declined,1,0,1.0,retry,0
CUST_01778,645.72,card_declined,1,0,1.0,payment_link,0
CUST_01778,645.72,card_declined,1,0,1.0,alt_method,0
CUST_01779,471.8,network_error,3,6,1.0,retry,1
CUST_01779,471.8,network_error,3,6,1.0,payment_link,0
CUST_01779,471.8,network_error,3,6,1.0,alt_method,1
CUST_01780,382.25,card_declined,2,9,1.0,retry,0
CUST_01780,382.25,card_declined,2,9,1.0,payment_link,1
CUST_01780,382.25,card_declined,2,9,1.0,alt_method,0
CUST_01781,215.93,network_error,1,7,0.5,retry,0
CUST_01781,215.93,network_error,1,7,0.5,payment_link,1
CUST_01781,215.93,network_error,1,7,0.5,alt_method,0
CUST_01782,622.36,bank_declined,1,10,0.667,retry,0
CUST_01782,622.36,bank_declined,1,10,0.667,payment_link,1
CUST_01782,622.36,bank_declined,1,10,0.667,alt_method,0
CUST_01783,199.58,network_error,1,8,0.8,retry,0
CUST_01783,199.58,network_error,1,8,0.8,payment_link,0
CUST_01783,199.58,network_error,1,8,0.8,alt_method,0
CUST_01784,1221.76,network_error,0,11,0.5,retry,0
CUST_01784,1221.76,network_error,0,11,0.5,payment_link,0
CUST_01784,1221.76,network_error,0,11,0.5,alt_method,0
CUST_01785,710.49,insufficient_funds,1,2,0.667,retry,1
CUST_01785,710.49,insufficient_funds,1,2,0.667,payment_link,0
CUST_01785,710.49,insufficient_funds,1,2,0.667,alt_method,1
CUST_01786,207.26,bank_declined,3,14,0.714,retry,0
CUST_01786,207.26,bank_declined,3,14,0.714,payment_link,0
CUST_01786,207.26,bank_declined,3,14,0.714,alt_method,0
CUST_01787,519.38,insufficient_funds,2,3,0.571,retry,0
CUST_01787,519.38,insufficient_funds,2,3,0.571,payment_link,0
CUST_01787,519.38,insufficient_funds,2,3,0.571,alt_method,0
CUST_01788,364.41,network_error,2,3,1.0,retry,0
CUST_01788,364.41,network_error,2,3,1.0,payment_link,0
CUST_01788,364.41,network_error,2,3,1.0,alt_method,0
CUST_01789,858.63,insufficient_funds,1,11,1.0,retry,0
CUST_01789,858.63,insufficient_funds,1,11,1.0,payment_link,0
CUST_01789,858.63,insufficient_funds,1,11,1.0,alt_method,0
CUST_01790,1943.72,card_declined,1,8,1.0,retry,0
CUST_01790,1943.72,card_declined,1,8,1.0,payment_link,0
CUST_01790,1943.72,card_declined,1,8,1.0,alt_method,0
CUST_01791,148.39,insufficient_funds,1,12,0.2,retry,0
CUST_01791,148.39,insufficient_funds,1,12,0.2,payment_link,0
CUST_01791,148.39,insufficient_funds,1,12,0.2,alt_method,0
CUST_01792,729.25,network_error,2,6,0.571,retry,1
CUST_01792,729.25,network_error,2,6,0.571,payment_link,0
CUST_01792,729.25,network_error,2,6,0.571,alt_method,0
CUST_01793,585.16,insufficient_funds,2,2,0.333,retry,0
CUST_01793,585.16,insufficient_funds,2,2,0.333,payment_link,1
CUST_01793,585.16,insufficient_funds,2,2,0.333,alt_method,0
CUST_01794,1138.05,network_error,0,9,0.333,retry,1
CUST_01794,1138.05,network_error,0,9,0.333,payment_link,0
CUST_01794,1138.05,network_error,0,9,0.333,alt_method,0
CUST_01795,788.84,bank_declined,3,4,1.0,retry,0
CUST_01795,788.84,bank_declined,3,4,1.0,payment_link,0
CUST_01795,788.84,bank_declined,3,4,1.0,alt_method,0
CUST_01796,364.46,bank_declined,0,6,0.0,retry,0
CUST_01796,364.46,bank_declined,0,6,0.0,payment_link,0
CUST_01796,364.46,bank_declined,0,6,0.0,alt_method,0
CUST_01797,515.3,insufficient_funds,3,7,0.6,retry,0
CUST_01797,515.3,insufficient_funds,3,7,0.6,payment_link,0
CUST_01797,515.3,insufficient_funds,3,7,0.6,alt_method,0
CUST_01798,351.84,insufficient_funds,0,0,1.0,retry,0
CUST_01798,351.84,insufficient_funds,0,0,1.0,payment_link,0
CUST_01798,351.84,insufficient_funds,0,0,1.0,alt_method,0
CUST_01799,1573.1,bank_declined,2,11,0.5,retry,0
CUST_01799,1573.1,bank_declined,2,11,0.5,payment_link,0
CUST_01799,1573.1,bank_declined,2,11,0.5,alt_method,1
CUST_01800,676.58,insufficient_funds,0,1,0.143,retry,0
CUST_01800,676.58,insufficient_funds,0,1,0.143,payment_link,0
CUST_01800,676.58,insufficient_funds,0,1,0.143,alt_method,0
CUST_01801,3044.08,bank_declined,3,6,0.4,retry,0
CUST_01801,3044.08,bank_declined,3,6,0.4,payment_link,0
CUST_01801,3044.08,bank_declined,3,6,0.4,alt_method,0
CUST_01802,633.63,bank_declined,1,10,0.6,retry,0
CUST_01802,633.63,bank_declined,1,10,0.6,payment_link,0
CUST_01802,633.63,bank_declined,1,10,0.6,alt_method,0
CUST_01803,377.39,bank_declined,3,14,0.667,retry,0
CUST_01803,377.39,bank_declined,3,14,0.667,payment_link,0
CUST_01803,377.39,bank_declined,3,14,0.667,alt_method,0
CUST_01804,198.15,insufficient_funds,1,12,1.0,retry,0
CUST_01804,198.15,insufficient_funds,1,12,1.0,payment_link,0
CUST_01804,198.15,insufficient_funds,1,12,1.0,alt_method,0
CUST_01805,157.2,insufficient_funds,2,13,0.857,retry,0
CUST_01805,157.2,insufficient_funds,2,13,0.857,payment_link,1
CUST_01805,157.2,insufficient_funds,2,13,0.857,alt_method,0
CUST_01806,187.3,card_declined,3,12,0.667,retry,0
CUST_01806,187.3,card_declined,3,12,0.667,payment_link,0
CUST_01806,187.3,card_declined,3,12,0.667,alt_method,0
CUST_01807,823.61,insufficient_funds,0,14,0.5,retry,0
CUST_01807,823.61,insufficient_funds,0,14,0.5,payment_link,0
CUST_01807,823.61,insufficient_funds,0,14,0.5,alt_method,1
CUST_01808,999.23,bank_declined,3,1,1.0,retry,0
CUST_01808,999.23,bank_declined,3,1,1.0,payment_link,0
CUST_01808,999.23,bank_declined,3,1,1.0,alt_method,0
CUST_01809,187.74,network_error,1,6,0.0,retry,0
CUST_01809,187.74,network_error,1,6,0.0,payment_link,0
CUST_01809,187.74,network_error,1,6,0.0,alt_method,0
CUST_01810,1361.08,bank_declined,2,14,0.75,retry,0
CUST_01810,1361.08,bank_declined,2,14,0.75,payment_link,0
CUST_01810,1361.08,bank_declined,2,14,0.75,alt_method,0
CUST_01811,451.94,insufficient_funds,0,8,0.0,retry,0
CUST_01811,451.94,insufficient_funds,0,8,0.0,payment_link,1
CUST_01811,451.94,insufficient_funds,0,8,0.0,alt_method,0
CUST_01812,748.02,network_error,3,10,0.5,retry,1
CUST_01812,748.02,network_error,3,10,0.5,payment_link,0
CUST_01812,748.02,network_error,3,10,0.5,alt_method,0
CUST_01813,2415.78,network_error,1,1,0.4,retry,0
CUST_01813,2415.78,network_error,1,1,0.4,payment_link,1
CUST_01813,2415.78,network_error,1,1,0.4,alt_method,1
CUST_01814,1363.04,bank_declined,0,6,0.667,retry,0
CUST_01814,1363.04,bank_declined,0,6,0.667,payment_link,0
CUST_01814,1363.04,bank_declined,0,6,0.667,alt_method,0
CUST_01815,536.56,bank_declined,2,3,0.833,retry,0
CUST_01815,536.56,bank_declined,2,3,0.833,payment_link,0
CUST_01815,536.56,bank_declined,2,3,0.833,alt_method,0
CUST_01816,326.05,insufficient_funds,0,10,0.0,retry,0
CUST_01816,326.05,insufficient_funds,0,10,0.0,payment_link,0
CUST_01816,326.05,insufficient_funds,0,10,0.0,alt_method,1
CUST_01817,118.93,network_error,2,12,0.4,retry,0
CUST_01817,118.93,network_error,2,12,0.4,payment_link,0
CUST_01817,118.93,network_error,2,12,0.4,alt_method,0
CUST_01818,374.16,bank_declined,0,1,0.0,retry,0
CUST_01818,374.16,bank_declined,0,1,0.0,payment_link,0
CUST_01818,374.16,bank_declined,0,1,0.0,alt_method,0
CUST_01819,561.77,network_error,3,12,0.0,retry,1
CUST_01819,561.77,network_error,3,12,0.0,payment_link,0
CUST_01819,561.77,network_error,3,12,0.0,alt_method,0
CUST_01820,301.95,insufficient_funds,1,6,1.0,retry,1
CUST_01820,301.95,insufficient_funds,1,6,1.0,payment_link,1
CUST_01820,301.95,insufficient_funds,1,6,1.0,alt_method,1
CUST_01821,598.84,network_error,3,12,0.5,retry,0
CUST_01821,598.84,network_error,3,12,0.5,payment_link,0
CUST_01821,598.84,network_error,3,12,0.5,alt_method,0
CUST_01822,707.32,network_error,3,4,0.75,retry,0
CUST_01822,707.32,network_error,3,4,0.75,payment_link,0
CUST_01822,707.32,network_error,3,4,0.75,alt_method,1
CUST_01823,555.64,network_error,2,0,1.0,retry,1
CUST_01823,555.64,network_error,2,0,1.0,payment_link,1
CUST_01823,555.64,network_error,2,0,1.0,alt_method,1
CUST_01824,395.44,insufficient_funds,2,4,0.0,retry,0
CUST_01824,395.44,insufficient_funds,2,4,0.0,payment_link,1
CUST_01824,395.44,insufficient_funds,2,4,0.0,alt_method,0
CUST_01825,761.22,network_error,2,11,0.143,retry,1
CUST_01825,761.22,network_error,2,11,0.143,payment_link,1
CUST_01825,761.22,network_error,2,11,0.143,alt_method,0
CUST_01826,947.24,insufficient_funds,3,11,0.4,retry,0
CUST_01826,947.24,insufficient_funds,3,11,0.4,payment_link,0
CUST_01826,947.24,insufficient_funds,3,11,0.4,alt_method,0
CUST_01827,278.02,insufficient_funds,0,2,1.0,retry,1
CUST_01827,278.02,insufficient_funds,0,2,1.0,payment_link,0
CUST_01827,278.02,insufficient_funds,0,2,1.0,alt_method,1
CUST_01828,2056.47,insufficient_funds,0,6,0.667,retry,0
CUST_01828,2056.47,insufficient_funds,0,6,0.667,payment_link,0
CUST_01828,2056.47,insufficient_funds,0,6,0.667,alt_method,0
CUST_01829,614.7,insufficient_funds,3,5,1.0,retry,0
CUST_01829,614.7,insufficient_funds,3,5,1.0,payment_link,0
CUST_01829,614.7,insufficient_funds,3,5,1.0,alt_method,0
CUST_01830,675.25,bank_declined,3,7,0.714,retry,0
CUST_01830,675.25,bank_declined,3,7,0.714,payment_link,0
CUST_01830,675.25,bank_declined,3,7,0.714,alt_method,0
CUST_01831,1172.12,network_error,1,12,0.143,retry,0
CUST_01831,1172.12,network_error,1,12,0.143,payment_link,0
CUST_01831,1172.12,network_error,1,12,0.143,alt_method,0
CUST_01832,801.57,insufficient_funds,2,4,0.714,retry,1
CUST_01832,801.57,insufficient_funds,2,4,0.714,payment_link,0
CUST_01832,801.57,insufficient_funds,2,4,0.714,alt_method,0
CUST_01833,1425.83,network_error,2,1,0.8,retry,1
CUST_01833,1425.83,network_error,2,1,0.8,payment_link,0
CUST_01833,1425.83,network_error,2,1,0.8,alt_method,0
CUST_01834,836.9,network_error,3,8,0.6,retry,0
CUST_01834,836.9,network_error,3,8,0.6,payment_link,0
CUST_01834,836.9,network_error,3,8,0.6,alt_method,0
CUST_01835,407.5,insufficient_funds,3,13,0.0,retry,0
CUST_01835,407.5,insufficient_funds,3,13,0.0,payment_link,0
CUST_01835,407.5,insufficient_funds,3,13,0.0,alt_method,0
CUST_01836,888.21,insufficient_funds,0,10,0.667,retry,1
CUST_01836,888.21,insufficient_funds,0,10,0.667,payment_link,0
CUST_01836,888.21,insufficient_funds,0,10,0.667,alt_method,0
CUST_01837,266.41,card_declined,3,7,1.0,retry,0
CUST_01837,266.41,card_declined,3,7,1.0,payment_link,1
CUST_01837,266.41,card_declined,3,7,1.0,alt_method,0
CUST_01838,725.49,insufficient_funds,0,5,0.5,retry,0
CUST_01838,725.49,insufficient_funds,0,5,0.5,payment_link,0
CUST_01838,725.49,insufficient_funds,0,5,0.5,alt_method,1
CUST_01839,647.69,card_declined,3,12,1.0,retry,0
CUST_01839,647.69,card_declined,3,12,1.0,payment_link,0
CUST_01839,647.69,card_declined,3,12,1.0,alt_method,0
CUST_01840,563.13,network_error,1,9,0.667,retry,1
CUST_01840,563.13,network_error,1,9,0.667,payment_link,1
CUST_01840,563.13,network_error,1,9,0.667,alt_method,1
CUST_01841,600.14,network_error,1,6,1.0,retry,0
CUST_01841,600.14,network_error,1,6,1.0,payment_link,1
CUST_01841,600.14,network_error,1,6,1.0,alt_method,1
CUST_01842,147.6,network_error,0,8,0.5,retry,1
CUST_01842,147.6,network_error,0,8,0.5,payment_link,0
CUST_01842,147.6,network_error,0,8,0.5,alt_method,1
CUST_01843,428.81,network_error,2,6,1.0,retry,1
CUST_01843,428.81,network_error,2,6,1.0,payment_link,0
CUST_01843,428.81,network_error,2,6,1.0,alt_method,1
CUST_01844,716.43,insufficient_funds,1,2,1.0,retry,0
CUST_01844,716.43,insufficient_funds,1,2,1.0,payment_link,1
CUST_01844,716.43,insufficient_funds,1,2,1.0,alt_method,0
CUST_01845,755.88,bank_declined,0,5,0.714,retry,0
CUST_01845,755.88,bank_declined,0,5,0.714,payment_link,0
CUST_01845,755.88,bank_declined,0,5,0.714,alt_method,0
CUST_01846,292.32,network_error,3,10,0.6,retry,1
CUST_01846,292.32,network_error,3,10,0.6,payment_link,0
CUST_01846,292.32,network_error,3,10,0.6,alt_method,0
CUST_01847,1830.91,card_declined,3,12,0.4,retry,0
CUST_01847,1830.91,card_declined,3,12,0.4,payment_link,0
CUST_01847,1830.91,card_declined,3,12,0.4,alt_method,0
CUST_01848,332.64,bank_declined,0,10,0.8,retry,0
CUST_01848,332.64,bank_declined,0,10,0.8,payment_link,1
CUST_01848,332.64,bank_declined,0,10,0.8,alt_method,0
CUST_01849,1444.57,network_error,2,6,0.143,retry,1
CUST_01849,1444.57,network_error,2,6,0.143,payment_link,0
CUST_01849,1444.57,network_error,2,6,0.143,alt_method,0
CUST_01850,936.13,network_error,0,1,0.833,retry,0
CUST_01850,936.13,network_error,0,1,0.833,payment_link,0
CUST_01850,936.13,network_error,0,1,0.833,alt_method,0
CUST_01851,396.64,network_error,0,2,0.667,retry,1
CUST_01851,396.64,network_error,0,2,0.667,payment_link,0
CUST_01851,396.64,network_error,0,2,0.667,alt_method,0
CUST_01852,2752.46,network_error,1,3,0.5,retry,0
CUST_01852,2752.46,network_error,1,3,0.5,payment_link,1
CUST_01852,2752.46,network_error,1,3,0.5,alt_method,0
CUST_01853,255.98,network_error,0,9,1.0,retry,1
CUST_01853,255.98,network_error,0,9,1.0,payment_link,1
CUST_01853,255.98,network_error,0,9,1.0,alt_method,0
CUST_01854,1387.59,insufficient_funds,0,5,0.5,retry,1
CUST_01854,1387.59,insufficient_funds,0,5,0.5,payment_link,0
CUST_01854,1387.59,insufficient_funds,0,5,0.5,alt_method,0
CUST_01855,1480.99,network_error,3,0,0.5,retry,1
CUST_01855,1480.99,network_error,3,0,0.5,payment_link,0
CUST_01855,1480.99,network_error,3,0,0.5,alt_method,0
CUST_01856,388.97,insufficient_funds,1,8,0.571,retry,0
CUST_01856,388.97,insufficient_funds,1,8,0.571,payment_link,0
CUST_01856,388.97,insufficient_funds,1,8,0.571,alt_method,0
CUST_01857,2026.31,card_declined,3,4,0.0,retry,0
CUST_01857,2026.31,card_declined,3,4,0.0,payment_link,0
CUST_01857,2026.31,card_declined,3,4,0.0,alt_method,0
CUST_01858,544.55,bank_declined,3,12,1.0,retry,0
CUST_01858,544.55,bank_declined,3,12,1.0,payment_link,0
CUST_01858,544.55,bank_declined,3,12,1.0,alt_method,0
CUST_01859,837.95,card_declined,2,11,0.8,retry,0
CUST_01859,837.95,card_declined,2,11,0.8,payment_link,1
CUST_01859,837.95,card_declined,2,11,0.8,alt_method,0
CUST_01860,819.14,network_error,2,13,0.6,retry,0
CUST_01860,819.14,network_error,2,13,0.6,payment_link,0
CUST_01860,819.14,network_error,2,13,0.6,alt_method,0
CUST_01861,597.38,insufficient_funds,1,6,1.0,retry,1
CUST_01861,597.38,insufficient_funds,1,6,1.0,payment_link,0
CUST_01861,597.38,insufficient_funds,1,6,1.0,alt_method,1
CUST_01862,1272.38,insufficient_funds,1,8,1.0,retry,1
CUST_01862,1272.38,insufficient_funds,1,8,1.0,payment_link,1
CUST_01862,1272.38,insufficient_funds,1,8,1.0,alt_method,1
CUST_01863,1254.87,network_error,2,8,0.333,retry,1
CUST_01863,1254.87,network_error,2,8,0.333,payment_link,0
CUST_01863,1254.87,network_error,2,8,0.333,alt_method,0
CUST_01864,164.21,network_error,2,0,0.667,retry,0
CUST_01864,164.21,network_error,2,0,0.667,payment_link,0
CUST_01864,164.21,network_error,2,0,0.667,alt_method,0
CUST_01865,1888.38,bank_declined,2,14,0.571,retry,0
CUST_01865,1888.38,bank_declined,2,14,0.571,payment_link,0
CUST_01865,1888.38,bank_declined,2,14,0.571,alt_method,0
CUST_01866,175.92,bank_declined,2,0,0.5,retry,0
CUST_01866,175.92,bank_declined,2,0,0.5,payment_link,0
CUST_01866,175.92,bank_declined,2,0,0.5,alt_method,0
CUST_01867,1519.35,insufficient_funds,2,2,0.333,retry,0
CUST_01867,1519.35,insufficient_funds,2,2,0.333,payment_link,0
CUST_01867,1519.35,insufficient_funds,2,2,0.333,alt_method,0
CUST_01868,1638.22,insufficient_funds,3,5,0.714,retry,0
CUST_01868,1638.22,insufficient_funds,3,5,0.714,payment_link,0
CUST_01868,1638.22,insufficient_funds,3,5,0.714,alt_method,0
CUST_01869,277.89,insufficient_funds,1,1,1.0,retry,0
CUST_01869,277.89,insufficient_funds,1,1,1.0,payment_link,0
CUST_01869,277.89,insufficient_funds,1,1,1.0,alt_method,0
CUST_01870,478.83,network_error,3,9,0.4,retry,0
CUST_01870,478.83,network_error,3,9,0.4,payment_link,0
CUST_01870,478.83,network_error,3,9,0.4,alt_method,0
CUST_01871,274.63,insufficient_funds,3,11,0.333,retry,0
CUST_01871,274.63,insufficient_funds,3,11,0.333,payment_link,0
CUST_01871,274.63,insufficient_funds,3,11,0.333,alt_method,0
CUST_01872,560.07,network_error,0,10,0.857,retry,1
CUST_01872,560.07,network_error,0,10,0.857,payment_link,1
CUST_01872,560.07,network_error,0,10,0.857,alt_method,0
CUST_01873,519.87,network_error,3,0,1.0,retry,0
CUST_01873,519.87,network_error,3,0,1.0,payment_link,1
CUST_01873,519.87,network_error,3,0,1.0,alt_method,0
CUST_01874,1241.07,card_declined,2,0,0.333,retry,0
CUST_01874,1241.07,card_declined,2,0,0.333,payment_link,0
CUST_01874,1241.07,card_declined,2,0,0.333,alt_method,0
CUST_01875,1897.41,insufficient_funds,2,12,0.667,retry,0
CUST_01875,1897.41,insufficient_funds,2,12,0.667,payment_link,0
CUST_01875,1897.41,insufficient_funds,2,12,0.667,alt_method,0
CUST_01876,2031.54,bank_declined,0,4,1.0,retry,1
CUST_01876,2031.54,bank_declined,0,4,1.0,payment_link,0
CUST_01876,2031.54,bank_declined,0,4,1.0,alt_method,1
CUST_01877,424.23,insufficient_funds,0,3,1.0,retry,1
CUST_01877,424.23,insufficient_funds,0,3,1.0,payment_link,0
CUST_01877,424.23,insufficient_funds,0,3,1.0,alt_method,1
CUST_01878,562.63,insufficient_funds,0,0,0.5,retry,0
CUST_01878,562.63,insufficient_funds,0,0,0.5,payment_link,1
CUST_01878,562.63,insufficient_funds,0,0,0.5,alt_method,1
CUST_01879,172.99,network_error,0,3,1.0,retry,1
CUST_01879,172.99,network_error,0,3,1.0,payment_link,1
CUST_01879,172.99,network_error,0,3,1.0,alt_method,1
CUST_01880,349.08,network_error,0,2,0.6,retry,0
CUST_01880,349.08,network_error,0,2,0.6,payment_link,1
CUST_01880,349.08,network_error,0,2,0.6,alt_method,0
CUST_01881,1439.26,network_error,3,1,0.5,retry,0
CUST_01881,1439.26,network_error,3,1,0.5,payment_link,0
CUST_01881,1439.26,network_error,3,1,0.5,alt_method,0
CUST_01882,2422.28,bank_declined,0,8,1.0,retry,0
CUST_01882,2422.28,bank_declined,0,8,1.0,payment_link,1
CUST_01882,2422.28,bank_declined,0,8,1.0,alt_method,1
CUST_01883,247.77,bank_declined,3,13,1.0,retry,0
CUST_01883,247.77,bank_declined,3,13,1.0,payment_link,0
CUST_01883,247.77,bank_declined,3,13,1.0,alt_method,0
CUST_01884,414.07,insufficient_funds,1,14,0.714,retry,0
CUST_01884,414.07,insufficient_funds,1,14,0.714,payment_link,0
CUST_01884,414.07,insufficient_funds,1,14,0.714,alt_method,0
CUST_01885,651.24,insufficient_funds,0,10,0.667,retry,0
CUST_01885,651.24,insufficient_funds,0,10,0.667,payment_link,0
CUST_01885,651.24,insufficient_funds,0,10,0.667,alt_method,0
CUST_01886,832.25,card_declined,0,0,1.0,retry,0
CUST_01886,832.25,card_declined,0,0,1.0,payment_link,1
CUST_01886,832.25,card_declined,0,0,1.0,alt_method,0
CUST_01887,348.04,network_error,3,6,0.75,retry,1
CUST_01887,348.04,network_error,3,6,0.75,payment_link,0
CUST_01887,348.04,network_error,3,6,0.75,alt_method,0
CUST_01888,933.79,network_error,1,13,0.667,retry,0
CUST_01888,933.79,network_error,1,13,0.667,payment_link,0
CUST_01888,933.79,network_error,1,13,0.667,alt_method,0
CUST_01889,455.29,insufficient_funds,3,12,0.571,retry,0
CUST_01889,455.29,insufficient_funds,3,12,0.571,payment_link,0
CUST_01889,455.29,insufficient_funds,3,12,0.571,alt_method,0
CUST_01890,657.5,bank_declined,3,3,1.0,retry,0
CUST_01890,657.5,bank_declined,3,3,1.0,payment_link,1
CUST_01890,657.5,bank_declined,3,3,1.0,alt_method,0
CUST_01891,1029.7,card_declined,0,4,0.0,retry,0
CUST_01891,1029.7,card_declined,0,4,0.0,payment_link,0
CUST_01891,1029.7,card_declined,0,4,0.0,alt_method,0
CUST_01892,668.57,network_error,2,9,0.333,retry,0
CUST_01892,668.57,network_error,2,9,0.333,payment_link,0
CUST_01892,668.57,network_error,2,9,0.333,alt_method,0
CUST_01893,469.14,card_declined,2,4,0.667,retry,0
CUST_01893,469.14,card_declined,2,4,0.667,payment_link,0
CUST_01893,469.14,card_declined,2,4,0.667,alt_method,0
CUST_01894,609.3,bank_declined,3,0,1.0,retry,0
CUST_01894,609.3,bank_declined,3,0,1.0,payment_link,0
CUST_01894,609.3,bank_declined,3,0,1.0,alt_method,0
CUST_01895,619.75,network_error,0,5,1.0,retry,1
CUST_01895,619.75,network_error,0,5,1.0,payment_link,1
CUST_01895,619.75,network_error,0,5,1.0,alt_method,1
CUST_01896,494.72,insufficient_funds,1,12,0.25,retry,0
CUST_01896,494.72,insufficient_funds,1,12,0.25,payment_link,0
CUST_01896,494.72,insufficient_funds,1,12,0.25,alt_method,0
CUST_01897,540.75,insufficient_funds,2,8,0.0,retry,0
CUST_01897,540.75,insufficient_funds,2,8,0.0,payment_link,0
CUST_01897,540.75,insufficient_funds,2,8,0.0,alt_method,0
CUST_01898,2389.69,card_declined,1,1,0.75,retry,1
CUST_01898,2389.69,card_declined,1,1,0.75,payment_link,1
CUST_01898,2389.69,card_declined,1,1,0.75,alt_method,0
CUST_01899,1041.83,network_error,2,6,0.6,retry,0
CUST_01899,1041.83,network_error,2,6,0.6,payment_link,0
CUST_01899,1041.83,network_error,2,6,0.6,alt_method,0
CUST_01900,525.11,bank_declined,0,5,1.0,retry,0
CUST_01900,525.11,bank_declined,0,5,1.0,payment_link,1
CUST_01900,525.11,bank_declined,0,5,1.0,alt_method,0
CUST_01901,1161.61,insufficient_funds,3,4,0.8,retry,0
CUST_01901,1161.61,insufficient_funds,3,4,0.8,payment_link,0
CUST_01901,1161.61,insufficient_funds,3,4,0.8,alt_method,1
CUST_01902,509.25,bank_declined,1,3,0.8,retry,0
CUST_01902,509.25,bank_declined,1,3,0.8,payment_link,1
CUST_01902,509.25,bank_declined,1,3,0.8,alt_method,0
CUST_01903,1700.2,insufficient_funds,1,3,0.667,retry,1
CUST_01903,1700.2,insufficient_funds,1,3,0.667,payment_link,1
CUST_01903,1700.2,insufficient_funds,1,3,0.667,alt_method,1
CUST_01904,894.01,insufficient_funds,3,5,0.333,retry,0
CUST_01904,894.01,insufficient_funds,3,5,0.333,payment_link,0
CUST_01904,894.01,insufficient_funds,3,5,0.333,alt_method,0
CUST_01905,610.43,bank_declined,1,3,0.714,retry,0
CUST_01905,610.43,bank_declined,1,3,0.714,payment_link,0
CUST_01905,610.43,bank_declined,1,3,0.714,alt_method,0
CUST_01906,951.63,bank_declined,2,4,0.667,retry,0
CUST_01906,951.63,bank_declined,2,4,0.667,payment_link,0
CUST_01906,951.63,bank_declined,2,4,0.667,alt_method,1
CUST_01907,189.29,card_declined,3,12,0.75,retry,0
CUST_01907,189.29,card_declined,3,12,0.75,payment_link,1
CUST_01907,189.29,card_declined,3,12,0.75,alt_method,1
CUST_01908,270.04,network_error,2,5,0.571,retry,1
CUST_01908,270.04,network_error,2,5,0.571,payment_link,0
CUST_01908,270.04,network_error,2,5,0.571,alt_method,0
CUST_01909,255.92,bank_declined,2,4,0.5,retry,0
CUST_01909,255.92,bank_declined,2,4,0.5,payment_link,0
CUST_01909,255.92,bank_declined,2,4,0.5,alt_method,0
CUST_01910,745.72,network_error,0,6,0.333,retry,1
CUST_01910,745.72,network_error,0,6,0.333,payment_link,0
CUST_01910,745.72,network_error,0,6,0.333,alt_method,0
CUST_01911,2659.82,insufficient_funds,2,8,1.0,retry,0
CUST_01911,2659.82,insufficient_funds,2,8,1.0,payment_link,0
CUST_01911,2659.82,insufficient_funds,2,8,1.0,alt_method,1
CUST_01912,3964.12,insufficient_funds,0,9,0.667,retry,1
CUST_01912,3964.12,insufficient_funds,0,9,0.667,payment_link,1
CUST_01912,3964.12,insufficient_funds,0,9,0.667,alt_method,1
CUST_01913,1108.14,insufficient_funds,1,6,1.0,retry,0
CUST_01913,1108.14,insufficient_funds,1,6,1.0,payment_link,0
CUST_01913,1108.14,insufficient_funds,1,6,1.0,alt_method,1
CUST_01914,992.95,insufficient_funds,1,6,0.667,retry,0
CUST_01914,992.95,insufficient_funds,1,6,0.667,payment_link,0
CUST_01914,992.95,insufficient_funds,1,6,0.667,alt_method,0
CUST_01915,157.46,card_declined,0,3,0.0,retry,0
CUST_01915,157.46,card_declined,0,3,0.0,payment_link,0
CUST_01915,157.46,card_declined,0,3,0.0,alt_method,0
CUST_01916,430.89,network_error,2,0,0.714,retry,0
CUST_01916,430.89,network_error,2,0,0.714,payment_link,0
CUST_01916,430.89,network_error,2,0,0.714,alt_method,0
CUST_01917,354.17,bank_declined,3,13,0.571,retry,0
CUST_01917,354.17,bank_declined,3,13,0.571,payment_link,0
CUST_01917,354.17,bank_declined,3,13,0.571,alt_method,0
CUST_01918,404.77,insufficient_funds,3,7,1.0,retry,1
CUST_01918,404.77,insufficient_funds,3,7,1.0,payment_link,0
CUST_01918,404.77,insufficient_funds,3,7,1.0,alt_method,0
CUST_01919,581.43,network_error,0,3,0.6,retry,0
CUST_01919,581.43,network_error,0,3,0.6,payment_link,1
CUST_01919,581.43,network_error,0,3,0.6,alt_method,1
CUST_01920,455.92,network_error,1,0,0.6,retry,0
CUST_01920,455.92,network_error,1,0,0.6,payment_link,1
CUST_01920,455.92,network_error,1,0,0.6,alt_method,0
CUST_01921,136.53,card_declined,1,4,1.0,retry,0
CUST_01921,136.53,card_declined,1,4,1.0,payment_link,1
CUST_01921,136.53,card_declined,1,4,1.0,alt_method,0
CUST_01922,1209.94,card_declined,3,13,0.714,retry,1
CUST_01922,1209.94,card_declined,3,13,0.714,payment_link,0
CUST_01922,1209.94,card_declined,3,13,0.714,alt_method,0
CUST_01923,281.97,card_declined,0,13,0.5,retry,0
CUST_01923,281.97,card_declined,0,13,0.5,payment_link,1
CUST_01923,281.97,card_declined,0,13,0.5,alt_method,0
CUST_01924,805.45,card_declined,3,7,0.833,retry,0
CUST_01924,805.45,card_declined,3,7,0.833,payment_link,0
CUST_01924,805.45,card_declined,3,7,0.833,alt_method,0
CUST_01925,3495.62,network_error,2,3,0.667,retry,0
CUST_01925,3495.62,network_error,2,3,0.667,payment_link,1
CUST_01925,3495.62,network_error,2,3,0.667,alt_method,0
CUST_01926,318.78,insufficient_funds,2,12,1.0,retry,0
CUST_01926,318.78,insufficient_funds,2,12,1.0,payment_link,0
CUST_01926,318.78,insufficient_funds,2,12,1.0,alt_method,0
CUST_01927,100.0,bank_declined,0,11,1.0,retry,0
CUST_01927,100.0,bank_declined,0,11,1.0,payment_link,1
CUST_01927,100.0,bank_declined,0,11,1.0,alt_method,0
CUST_01928,529.11,insufficient_funds,0,7,0.8,retry,0
CUST_01928,529.11,insufficient_funds,0,7,0.8,payment_link,0
CUST_01928,529.11,insufficient_funds,0,7,0.8,alt_method,1
CUST_01929,1604.82,insufficient_funds,2,7,0.143,retry,0
CUST_01929,1604.82,insufficient_funds,2,7,0.143,payment_link,0
CUST_01929,1604.82,insufficient_funds,2,7,0.143,alt_method,0
CUST_01930,3186.5,insufficient_funds,1,2,1.0,retry,1
CUST_01930,3186.5,insufficient_funds,1,2,1.0,payment_link,0
CUST_01930,3186.5,insufficient_funds,1,2,1.0,alt_method,1
CUST_01931,248.73,insufficient_funds,0,8,0.833,retry,0
CUST_01931,248.73,insufficient_funds,0,8,0.833,payment_link,0
CUST_01931,248.73,insufficient_funds,0,8,0.833,alt_method,0
CUST_01932,989.66,insufficient_funds,2,2,0.0,retry,0
CUST_01932,989.66,insufficient_funds,2,2,0.0,payment_link,0
CUST_01932,989.66,insufficient_funds,2,2,0.0,alt_method,1
CUST_01933,458.4,network_error,2,0,1.0,retry,1
CUST_01933,458.4,network_error,2,0,1.0,payment_link,0
CUST_01933,458.4,network_error,2,0,1.0,alt_method,1
CUST_01934,611.09,insufficient_funds,1,1,1.0,retry,1
CUST_01934,611.09,insufficient_funds,1,1,1.0,payment_link,1
CUST_01934,611.09,insufficient_funds,1,1,1.0,alt_method,0
CUST_01935,5516.37,insufficient_funds,1,14,0.2,retry,0
CUST_01935,5516.37,insufficient_funds,1,14,0.2,payment_link,0
CUST_01935,5516.37,insufficient_funds,1,14,0.2,alt_method,0
CUST_01936,199.86,insufficient_funds,1,5,0.8,retry,1
CUST_01936,199.86,insufficient_funds,1,5,0.8,payment_link,0
CUST_01936,199.86,insufficient_funds,1,5,0.8,alt_method,0
CUST_01937,814.84,network_error,1,11,0.667,retry,0
CUST_01937,814.84,network_error,1,11,0.667,payment_link,0
CUST_01937,814.84,network_error,1,11,0.667,alt_method,0
CUST_01938,966.96,bank_declined,3,9,0.5,retry,0
CUST_01938,966.96,bank_declined,3,9,0.5,payment_link,0
CUST_01938,966.96,bank_declined,3,9,0.5,alt_method,0
CUST_01939,1585.46,network_error,1,1,0.5,retry,1
CUST_01939,1585.46,network_error,1,1,0.5,payment_link,0
CUST_01939,1585.46,network_error,1,1,0.5,alt_method,0
CUST_01940,719.38,insufficient_funds,3,5,0.667,retry,0
CUST_01940,719.38,insufficient_funds,3,5,0.667,payment_link,0
CUST_01940,719.38,insufficient_funds,3,5,0.667,alt_method,0
CUST_01941,851.02,bank_declined,0,13,0.0,retry,0
CUST_01941,851.02,bank_declined,0,13,0.0,payment_link,0
CUST_01941,851.02,bank_declined,0,13,0.0,alt_method,0
CUST_01942,486.23,insufficient_funds,2,0,1.0,retry,1
CUST_01942,486.23,insufficient_funds,2,0,1.0,payment_link,1
CUST_01942,486.23,insufficient_funds,2,0,1.0,alt_method,1
CUST_01943,824.93,network_error,3,10,0.6,retry,1
CUST_01943,824.93,network_error,3,10,0.6,payment_link,0
CUST_01943,824.93,network_error,3,10,0.6,alt_method,0
CUST_01944,505.45,bank_declined,0,12,0.5,retry,0
CUST_01944,505.45,bank_declined,0,12,0.5,payment_link,0
CUST_01944,505.45,bank_declined,0,12,0.5,alt_method,0
CUST_01945,1093.63,insufficient_funds,0,0,0.667,retry,0
CUST_01945,1093.63,insufficient_funds,0,0,0.667,payment_link,1
CUST_01945,1093.63,insufficient_funds,0,0,0.667,alt_method,0
CUST_01946,494.88,bank_declined,3,4,0.429,retry,0
CUST_01946,494.88,bank_declined,3,4,0.429,payment_link,0
CUST_01946,494.88,bank_declined,3,4,0.429,alt_method,0
CUST_01947,899.36,bank_declined,0,9,1.0,retry,0
CUST_01947,899.36,bank_declined,0,9,1.0,payment_link,0
CUST_01947,899.36,bank_declined,0,9,1.0,alt_method,1
CUST_01948,649.75,bank_declined,0,12,1.0,retry,0
CUST_01948,649.75,bank_declined,0,12,1.0,payment_link,0
CUST_01948,649.75,bank_declined,0,12,1.0,alt_method,0
CUST_01949,1637.36,insufficient_funds,3,10,0.714,retry,0
CUST_01949,1637.36,insufficient_funds,3,10,0.714,payment_link,0
CUST_01949,1637.36,insufficient_funds,3,10,0.714,alt_method,0
CUST_01950,638.35,network_error,0,8,0.333,retry,0
CUST_01950,638.35,network_error,0,8,0.333,payment_link,0
CUST_01950,638.35,network_error,0,8,0.333,alt_method,0
CUST_01951,161.03,network_error,1,13,0.0,retry,1
CUST_01951,161.03,network_error,1,13,0.0,payment_link,0
CUST_01951,161.03,network_error,1,13,0.0,alt_method,0
CUST_01952,1825.37,insufficient_funds,1,7,1.0,retry,0
CUST_01952,1825.37,insufficient_funds,1,7,1.0,payment_link,1
CUST_01952,1825.37,insufficient_funds,1,7,1.0,alt_method,0
CUST_01953,322.28,insufficient_funds,2,2,0.5,retry,0
CUST_01953,322.28,insufficient_funds,2,2,0.5,payment_link,0
CUST_01953,322.28,insufficient_funds,2,2,0.5,alt_method,0
CUST_01954,394.25,insufficient_funds,0,14,0.75,retry,0
CUST_01954,394.25,insufficient_funds,0,14,0.75,payment_link,1
CUST_01954,394.25,insufficient_funds,0,14,0.75,alt_method,1
CUST_01955,413.01,network_error,2,2,0.333,retry,0
CUST_01955,413.01,network_error,2,2,0.333,payment_link,1
CUST_01955,413.01,network_error,2,2,0.333,alt_method,0
CUST_01956,1997.3,network_error,1,14,1.0,retry,1
CUST_01956,1997.3,network_error,1,14,1.0,payment_link,1
CUST_01956,1997.3,network_error,1,14,1.0,alt_method,0
CUST_01957,120.48,insufficient_funds,1,0,0.5,retry,0
CUST_01957,120.48,insufficient_funds,1,0,0.5,payment_link,0
CUST_01957,120.48,insufficient_funds,1,0,0.5,alt_method,1
CUST_01958,8186.15,network_error,1,13,0.5,retry,1
CUST_01958,8186.15,network_error,1,13,0.5,payment_link,0
CUST_01958,8186.15,network_error,1,13,0.5,alt_method,0
CUST_01959,1548.2,bank_declined,0,2,0.429,retry,0
CUST_01959,1548.2,bank_declined,0,2,0.429,payment_link,0
CUST_01959,1548.2,bank_declined,0,2,0.429,alt_method,0
CUST_01960,795.2,network_error,0,14,0.833,retry,1
CUST_01960,795.2,network_error,0,14,0.833,payment_link,1
CUST_01960,795.2,network_error,0,14,0.833,alt_method,0
CUST_01961,636.56,insufficient_funds,1,13,1.0,retry,0
CUST_01961,636.56,insufficient_funds,1,13,1.0,payment_link,1
CUST_01961,636.56,insufficient_funds,1,13,1.0,alt_method,0
CUST_01962,835.85,card_declined,2,11,0.4,retry,0
CUST_01962,835.85,card_declined,2,11,0.4,payment_link,0
CUST_01962,835.85,card_declined,2,11,0.4,alt_method,0
CUST_01963,1009.18,network_error,2,11,1.0,retry,0
CUST_01963,1009.18,network_error,2,11,1.0,payment_link,1
CUST_01963,1009.18,network_error,2,11,1.0,alt_method,0
CUST_01964,1114.51,insufficient_funds,3,11,0.333,retry,0
CUST_01964,1114.51,insufficient_funds,3,11,0.333,payment_link,0
CUST_01964,1114.51,insufficient_funds,3,11,0.333,alt_method,1
CUST_01965,1037.41,network_error,1,12,0.333,retry,0
CUST_01965,1037.41,network_error,1,12,0.333,payment_link,1
CUST_01965,1037.41,network_error,1,12,0.333,alt_method,0
CUST_01966,714.56,bank_declined,2,10,0.75,retry,0
CUST_01966,714.56,bank_declined,2,10,0.75,payment_link,0
CUST_01966,714.56,bank_declined,2,10,0.75,alt_method,0
CUST_01967,568.0,insufficient_funds,1,0,0.667,retry,0
CUST_01967,568.0,insufficient_funds,1,0,0.667,payment_link,0
CUST_01967,568.0,insufficient_funds,1,0,0.667,alt_method,1
CUST_01968,589.33,insufficient_funds,2,7,1.0,retry,0
CUST_01968,589.33,insufficient_funds,2,7,1.0,payment_link,1
CUST_01968,589.33,insufficient_funds,2,7,1.0,alt_method,0
CUST_01969,569.11,insufficient_funds,3,0,0.6,retry,0
CUST_01969,569.11,insufficient_funds,3,0,0.6,payment_link,0
CUST_01969,569.11,insufficient_funds,3,0,0.6,alt_method,0
CUST_01970,1647.5,card_declined,3,4,1.0,retry,0
CUST_01970,1647.5,card_declined,3,4,1.0,payment_link,0
CUST_01970,1647.5,card_declined,3,4,1.0,alt_method,1
CUST_01971,1069.39,network_error,1,8,0.286,retry,0
CUST_01971,1069.39,network_error,1,8,0.286,payment_link,0
CUST_01971,1069.39,network_error,1,8,0.286,alt_method,0
CUST_01972,100.0,network_error,2,6,0.333,retry,0
CUST_01972,100.0,network_error,2,6,0.333,payment_link,0
CUST_01972,100.0,network_error,2,6,0.333,alt_method,0
CUST_01973,1124.08,card_declined,0,3,0.5,retry,0
CUST_01973,1124.08,card_declined,0,3,0.5,payment_link,1
CUST_01973,1124.08,card_declined,0,3,0.5,alt_method,0
CUST_01974,777.27,insufficient_funds,3,10,0.0,retry,0
CUST_01974,777.27,insufficient_funds,3,10,0.0,payment_link,0
CUST_01974,777.27,insufficient_funds,3,10,0.0,alt_method,0
CUST_01975,655.26,card_declined,1,8,0.0,retry,0
CUST_01975,655.26,card_declined,1,8,0.0,payment_link,0
CUST_01975,655.26,card_declined,1,8,0.0,alt_method,0
CUST_01976,487.45,insufficient_funds,1,8,1.0,retry,1
CUST_01976,487.45,insufficient_funds,1,8,1.0,payment_link,0
CUST_01976,487.45,insufficient_funds,1,8,1.0,alt_method,1
CUST_01977,1634.82,bank_declined,2,1,1.0,retry,0
CUST_01977,1634.82,bank_declined,2,1,1.0,payment_link,1
CUST_01977,1634.82,bank_declined,2,1,1.0,alt_method,0
CUST_01978,1419.44,insufficient_funds,1,9,0.75,retry,0
CUST_01978,1419.44,insufficient_funds,1,9,0.75,payment_link,0
CUST_01978,1419.44,insufficient_funds,1,9,0.75,alt_method,0
CUST_01979,358.42,bank_declined,3,9,0.8,retry,0
CUST_01979,358.42,bank_declined,3,9,0.8,payment_link,0
CUST_01979,358.42,bank_declined,3,9,0.8,alt_method,0
CUST_01980,921.17,card_declined,1,10,0.5,retry,0
CUST_01980,921.17,card_declined,1,10,0.5,payment_link,0
CUST_01980,921.17,card_declined,1,10,0.5,alt_method,0
CUST_01981,305.72,insufficient_funds,1,11,1.0,retry,1
CUST_01981,305.72,insufficient_funds,1,11,1.0,payment_link,0
CUST_01981,305.72,insufficient_funds,1,11,1.0,alt_method,1
CUST_01982,220.59,network_error,0,5,0.0,retry,0
CUST_01982,220.59,network_error,0,5,0.0,payment_link,1
CUST_01982,220.59,network_error,0,5,0.0,alt_method,0
CUST_01983,402.87,network_error,0,3,0.5,retry,1
CUST_01983,402.87,network_error,0,3,0.5,payment_link,0
CUST_01983,402.87,network_error,0,3,0.5,alt_method,0
CUST_01984,1325.99,network_error,3,7,0.0,retry,0
CUST_01984,1325.99,network_error,3,7,0.0,payment_link,1
CUST_01984,1325.99,network_error,3,7,0.0,alt_method,0
CUST_01985,1425.82,network_error,2,11,0.75,retry,1
CUST_01985,1425.82,network_error,2,11,0.75,payment_link,0
CUST_01985,1425.82,network_error,2,11,0.75,alt_method,1
CUST_01986,1002.72,insufficient_funds,0,10,1.0,retry,1
CUST_01986,1002.72,insufficient_funds,0,10,1.0,payment_link,0
CUST_01986,1002.72,insufficient_funds,0,10,1.0,alt_method,0
CUST_01987,1188.06,insufficient_funds,2,6,0.5,retry,1
CUST_01987,1188.06,insufficient_funds,2,6,0.5,payment_link,0
CUST_01987,1188.06,insufficient_funds,2,6,0.5,alt_method,0
CUST_01988,1005.2,insufficient_funds,3,6,0.0,retry,0
CUST_01988,1005.2,insufficient_funds,3,6,0.0,payment_link,0
CUST_01988,1005.2,insufficient_funds,3,6,0.0,alt_method,0
CUST_01989,398.14,insufficient_funds,0,10,0.429,retry,1
CUST_01989,398.14,insufficient_funds,0,10,0.429,payment_link,0
CUST_01989,398.14,insufficient_funds,0,10,0.429,alt_method,0
CUST_01990,939.68,bank_declined,2,9,0.75,retry,0
CUST_01990,939.68,bank_declined,2,9,0.75,payment_link,0
CUST_01990,939.68,bank_declined,2,9,0.75,alt_method,0
CUST_01991,1261.84,network_error,0,8,0.167,retry,0
CUST_01991,1261.84,network_error,0,8,0.167,payment_link,0
CUST_01991,1261.84,network_error,0,8,0.167,alt_method,0
CUST_01992,1216.13,network_error,3,12,1.0,retry,0
CUST_01992,1216.13,network_error,3,12,1.0,payment_link,1
CUST_01992,1216.13,network_error,3,12,1.0,alt_method,0
CUST_01993,1721.81,network_error,3,4,1.0,retry,0
CUST_01993,1721.81,network_error,3,4,1.0,payment_link,1
CUST_01993,1721.81,network_error,3,4,1.0,alt_method,0
CUST_01994,1172.21,insufficient_funds,0,5,0.8,retry,0
CUST_01994,1172.21,insufficient_funds,0,5,0.8,payment_link,1
CUST_01994,1172.21,insufficient_funds,0,5,0.8,alt_method,0
CUST_01995,881.09,network_error,2,0,0.333,retry,1
CUST_01995,881.09,network_error,2,0,0.333,payment_link,1
CUST_01995,881.09,network_error,2,0,0.333,alt_method,0
CUST_01996,1565.75,network_error,1,5,0.667,retry,1
CUST_01996,1565.75,network_error,1,5,0.667,payment_link,0
CUST_01996,1565.75,network_error,1,5,0.667,alt_method,1
CUST_01997,651.18,insufficient_funds,1,1,1.0,retry,0
CUST_01997,651.18,insufficient_funds,1,1,1.0,payment_link,0
CUST_01997,651.18,insufficient_funds,1,1,1.0,alt_method,0
CUST_01998,328.49,bank_declined,0,5,0.8,retry,0
CUST_01998,328.49,bank_declined,0,5,0.8,payment_link,0
CUST_01998,328.49,bank_declined,0,5,0.8,alt_method,1
CUST_01999,583.79,network_error,2,8,0.5,retry,0
CUST_01999,583.79,network_error,2,8,0.5,payment_link,1
CUST_01999,583.79,network_error,2,8,0.5,alt_method,0
CUST_02000,366.53,bank_declined,1,7,0.833,retry,0
CUST_02000,366.53,bank_declined,1,7,0.833,payment_link,0
CUST_02000,366.53,bank_declined,1,7,0.833,alt_method,0
